# File produced by AccuTrans 3D

v 0 -4.49 0
v 3.25 -2.01 2.36
v -1.24 -2.01 3.82
v -4.02 -2.01 0
v -1.24 -2.01 -3.82
v 3.25 -2.01 -2.36
v 1.24 2.01 3.82
v -3.25 2.01 2.36
v -3.25 2.01 -2.36
v 1.24 2.01 -3.82
v 4.02 2.01 0
v 0 4.49 0
v -.73 -3.82 2.24
v 1.91 -3.82 1.39
v 1.18 -2.36 3.63
v 3.82 -2.36 0
v 1.91 -3.82 -1.39
v -2.36 -3.82 0
v -3.09 -2.36 2.24
v -.73 -3.82 -2.24
v -3.09 -2.36 -2.24
v 1.18 -2.36 -3.63
v 4.27 0 1.39
v 4.27 0 -1.39
v 0 0 4.49
v 2.64 0 3.63
v -4.27 0 1.39
v -2.64 0 3.63
v -2.64 0 -3.63
v -4.27 0 -1.39
v 2.64 0 -3.63
v 0 0 -4.49
v 3.09 2.36 2.24
v -1.18 2.36 3.63
v -3.82 2.36 0
v -1.18 2.36 -3.63
v 3.09 2.36 -2.24
v .73 3.82 2.24
v 2.36 3.82 0
v -1.91 3.82 1.39
v -1.91 3.82 -1.39
v .73 3.82 -2.24
v 1.18 -.11 7.68
v 1.51 -.12 7.64
v 1.84 -.11 7.57
v 2.1 -.11 7.49
v 1.94 .1 7.6
v 1.48 .1 7.7
v 2.1 .11 7.55
v 3.56 -.25 7.5
v 3.58 -.21 7.35
v 3.58 -.02 7.55
v 3.61 .01 7.37
v 4.17 -.25 7.19
v 4.2 -.02 7.24
v 3.63 -.17 7.11
v 4.15 -.24 7.16
v 3.67 -.12 6.86
v 3.7 -.08 6.7
v 3.69 .09 6.96
v 4.19 -.22 7.04
v 4.23 .03 6.97
v 4.21 -.17 6.82
v 4.16 -.14 6.65
v 4.25 .08 6.69
v 4.22 -.13 6.61
v 4.23 -.1 6.43
v 4.63 -.11 6.25
v 4.79 -.12 6.13
v 4.79 -.11 6.16
v 4.96 -.11 6.01
v 5.12 -.11 5.83
v 4.8 .11 6.21
v 5.09 .11 5.95
v 6.64 -.11 4.04
v 6.68 .11 4.08
v 6.7 -.12 3.96
v 6.77 .11 3.96
v 7.04 -.12 3.3
v 6.88 -.11 3.65
v 6.88 .1 3.78
v 7.06 .11 3.39
v 7.7 -.11 1.04
v 7.63 .11 1.66
v 7.76 .11 1.04
v 7.76 -.11 -.16
v 7.75 -.11 -.18
v 7.82 .11 -.16
v 7.72 -.11 -.79
v 7.78 .12 -.79
v 7.37 -.11 -2.44
v 7.43 .12 -2.44
v 7.38 .1 -2.66
v 7.2 -.11 -3
v 7.17 -.12 -3.01
v 7.25 .11 -3.02
v 7.06 -.11 -3.23
v 7.14 .11 -3.21
v 5.7 -.11 -5.26
v 5.71 .11 -5.34
v 5.55 -.12 -5.48
v 5.41 -.11 -5.62
v 5.07 -.11 -5.88
v 5.54 .11 -5.57
v 5.28 .1 -5.79
v 5.08 .11 -5.94
v 3.84 -.11 -6.75
v 3.86 .11 -6.8
v 3.82 -.11 -6.76
v 3.02 -.11 -7.16
v 2.07 -.11 -7.49
v 2.08 .11 -7.55
v 1.49 -.11 -7.61
v 1.5 .11 -7.67
v -.38 -.11 -7.75
v -1.06 -.11 -7.7
v -1.06 .11 -7.76
v -2.06 -.11 -7.49
v -2.82 -.11 -7.23
v -2.84 .11 -7.28
v -4.11 -.12 -6.58
v -4.15 .11 -6.63
v -4.27 -.11 -6.51
v -4.5 -.11 -6.36
v -4.76 -.12 -6.15
v -4.47 .1 -6.44
v -4.79 .11 -6.21
v -5.35 -.11 -5.63
v -5.38 .11 -5.67
v -5.51 -.11 -5.52
v -5.71 -.12 -5.28
v -5.83 -.11 -5.08
v -5.79 .11 -5.26
v -6.53 -.25 -5.14
v -6.66 -.25 -5
v -6.41 -.23 -5.19
v -6.36 -.19 -4.95
v -6.45 -.24 -5.19
v -6.39 -.18 -4.9
v -6.46 -.01 -5.22
v -6.82 -.25 -4.75
v -6.93 -.24 -4.53
v -6.53 -.19 -4.74
v -6.72 -.2 -4.5
v -6.68 -.19 -4.49
v -6.95 -.24 -4.42
v -6.76 .05 -4.43
v -7.01 -.22 -4.3
v -7.04 -.2 -4.04
v -7.03 -.21 -4.15
v -6.74 -.17 -4.28
v -6.75 -.16 -4.16
v -6.75 -.13 -3.97
v -6.74 -.11 -3.85
v -6.8 .09 -4.06
v -7.06 -.19 -3.95
v -7.06 -.16 -3.65
v -7 -.17 -3.82
v -7.04 -.13 -3.44
v -7.08 .11 -3.34
v -7.02 -.1 -3.24
v -7.57 -.11 -1.71
v -7.67 -.11 -1.22
v -7.72 .11 -1.22
v -7.73 -.11 -.59
v -7.79 .11 -.6
v -7.73 -.11 -.58
v -7.76 -.11 -.1
v -7.82 .11 -.09
v -7.74 -.11 .53
v -7.76 .12 1.04
v -7.7 -.11 1.03
v -7.33 -.11 2.56
v -7.26 -.12 2.82
v -7.19 -.11 3.04
v -7.03 -.11 3.29
v -6.1 -.11 4.8
v -5.74 -.11 5.21
v -5.77 .11 5.27
v -4.82 -.11 6.09
v -4.75 -.11 6.15
v -4.37 -.11 6.41
v -4.38 .11 6.47
v -3.01 -.11 7.17
v -2.89 -.12 7.23
v -2.72 -.11 7.3
v -2.36 -.11 7.4
v -2.5 -.11 7.37
v -1.74 -.11 7.56
v -1.31 -.11 7.65
v -1.32 .11 7.7
v 3.64 .02 7.33
v 3.65 .05 7.22
v 3.66 .06 7.11
v 3.72 .11 6.91
v 3.75 .15 6.7
v 4.18 -.01 7.2
v 3.78 .19 6.49
v 3.05 .11 -7.21
v -.38 .11 -7.8
v -2.08 .11 -7.55
v -5.55 .1 -5.56
v -5.54 .11 -5.54
v -6.55 -.02 -5.19
v -6.71 -.03 -5.02
v -6.49 -.02 -5.23
v -6.44 .01 -5.15
v -6.42 .02 -5.05
v -6.42 .04 -4.95
v -6.55 .03 -4.85
v -6.9 -.02 -4.71
v -6.67 .03 -4.63
v -6.99 -.01 -4.52
v -6.53 .04 -4.83
v -6.81 .05 -4.37
v -7.05 .00 -4.34
v -7.11 .03 -3.94
v -6.82 .11 -3.91
v -7.1 .02 -4.16
v -6.79 .06 -4.25
v -6.79 .11 -3.87
v -6.83 .12 -3.76
v -7.11 .06 -3.67
v -7.07 .09 -3.56
v -7.62 .11 -1.72
v -7.79 .11 .54
v -7.24 .11 3.07
v -7.37 .11 2.63
v -7.07 .11 3.34
v -6.15 .11 4.83
v -4.86 .11 6.14
v -2.8 .1 7.33
v -2.36 .11 7.46
v -1.76 .11 7.61
v .65 -.06 7.49
v .66 .17 7.58
v .64 .18 7.52
v .71 -.08 7.58
v .87 -.1 7.65
v .85 .13 7.7
v .76 .00 7.24
v 1.02 -.1 7.68
v .65 -.02 7.35
v .65 .2 7.42
v .71 .01 7.26
v 1.1 -.11 7.66
v 1.29 -.06 7.42
v .98 .00 7.22
v 1.32 -.04 7.38
v 1.43 -.05 7.39
v 1.14 .11 7.74
v 1.19 .01 7.18
v 1.25 -.03 7.35
v 1.2 -.02 7.29
v 1.22 .01 7.2
v .99 .23 7.28
v 1.2 .08 6.87
v 1.2 .31 6.93
v 1.32 .07 6.9
v 1.1 .1 6.83
v 1.06 .13 6.72
v 1.1 .17 6.56
v 1.24 .21 6.34
v 1.17 .2 6.43
v 2.29 -.11 7.4
v 1.68 -.06 7.36
v 1.57 .16 7.43
v 1.46 .07 6.9
v 1.6 .06 6.88
v 1.65 .06 6.89
v 1.9 .05 6.87
v 1.66 .28 6.95
v 1.48 .24 6.15
v 1.6 .16 6.49
v 1.7 .14 6.54
v 1.34 .23 6.25
v 1.61 .39 6.51
v 1.62 .19 6.35
v 1.63 .19 6.38
v 1.69 .2 6.31
v 2.01 -.06 7.29
v 2.37 -.1 7.33
v 2.22 -.05 7.18
v 2.66 -.08 7.14
v 2.33 -.04 7.09
v 2.03 .16 7.34
v 2.24 .17 7.23
v 2.39 .12 7.41
v 2.41 .19 7.1
v 1.94 .05 6.84
v 1.65 .14 6.52
v 1.98 .05 6.85
v 2.18 .04 6.79
v 2.21 .04 6.81
v 1.9 .27 6.93
v 2.22 .26 6.86
v 1.81 .13 6.54
v 2.07 .12 6.5
v 2.08 .34 6.55
v 1.81 .21 6.22
v 1.92 .22 6.15
v 1.94 .22 6.12
v 1.74 .42 6.34
v 1.92 .44 6.22
v 1.67 .26 6.05
v 1.8 .27 5.97
v 2 .27 5.87
v 2.56 -.09 7.25
v 2.58 .14 7.29
v 2.47 -.01 6.91
v 2.77 -.07 7.08
v 2.92 -.03 6.83
v 2.77 .15 7.15
v 2.87 .17 7.05
v 2.42 -.02 7
v 2.48 .01 6.84
v 2.53 .01 6.78
v 2.34 .03 6.79
v 2.42 .02 6.8
v 2.7 .09 6.39
v 2.44 .11 6.42
v 2.32 .34 6.5
v 2.15 .22 6.06
v 2.09 .44 6.14
v 2.35 .22 5.98
v 2.38 .22 5.99
v 2.27 .44 6.08
v 2.15 .28 5.81
v 2.92 -.04 6.89
v 2.94 .19 6.95
v 2.99 -.01 6.74
v 3.01 .02 6.59
v 3.04 .24 6.62
v 2.78 .1 6.38
v 2.96 .06 6.42
v 2.88 .08 6.38
v 3 .04 6.49
v 2.89 .3 6.43
v 2.49 .21 5.99
v 2.61 .16 6.13
v 2.58 .19 6.02
v 2.66 .17 6.12
v 2.67 .39 6.18
v 3.02 .16 5.93
v 2.98 .17 5.96
v 2.6 .41 6.07
v 2.4 .28 5.73
v 2.52 .28 5.69
v 2.65 .27 5.65
v 2.66 .49 5.71
v 2.49 .5 5.76
v 3.03 .39 5.99
v 2.86 .24 5.64
v 3.06 .39 5.94
v 3.04 .2 5.8
v 3.02 .21 5.73
v 2.96 .23 5.67
v 2.76 .26 5.64
v 3.73 -.04 6.47
v 4.22 -.08 6.34
v 3.74 .01 6.27
v 3.78 .03 6.09
v 3.75 .08 5.92
v 3.79 .31 5.91
v 3.76 .12 5.69
v 4.27 -.09 6.37
v 3.79 .11 5.7
v 4.32 .13 6.4
v 4.36 -.09 6.32
v 4.5 -.11 6.29
v 4.48 -.04 6.01
v 4.38 .13 6.37
v 4.17 .05 5.72
v 4.34 -.03 6.02
v 4.38 -.03 6.01
v 4.32 -.01 5.96
v 4.26 .02 5.87
v 4.33 .21 5.99
v 4.5 .18 6.06
v 4.28 .25 5.84
v 4.25 .05 5.73
v 4.24 .08 5.58
v 3.75 .17 5.47
v 3.78 .21 5.25
v 3.75 .27 4.98
v 3.74 .22 5.24
v 3.78 .39 5.51
v 3.77 .43 5.31
v 3.73 .27 5.02
v 4.6 -.05 5.98
v 4.62 -.07 6.02
v 5.23 -.1 5.66
v 4.76 -.06 5.87
v 4.9 -.06 5.71
v 4.61 .17 6.03
v 4.68 .16 6
v 4.9 .17 5.81
v 4.23 .11 5.42
v 4.21 .16 5.14
v 4.22 .14 5.28
v 4.24 .17 5.11
v 4.27 .38 5.21
v 3.81 .27 4.93
v 4.25 .2 4.91
v 4.28 .19 4.97
v 4.31 .41 5.05
v 4 .28 4.77
v 4.09 .24 4.82
v 4.13 .24 4.83
v 4.04 .27 4.75
v 3.82 .5 5.01
v 4.03 .49 4.81
v 5.03 -.04 5.54
v 5.25 -.1 5.67
v 5.36 -.09 5.49
v 5.18 .00 5.12
v 4.94 .16 5.75
v 5.1 -.02 5.37
v 5.15 .00 5.2
v 5.06 .18 5.59
v 5.12 .19 5.46
v 4.33 .2 4.86
v 4.24 .25 4.65
v 4.4 .21 4.74
v 4.48 .22 4.64
v 4.36 .42 4.91
v 4.42 .43 4.81
v 4.17 .24 4.8
v 4.53 .22 4.53
v 4.45 .27 4.34
v 4.36 .27 4.46
v 4.2 .46 4.85
v 4.33 .48 4.6
v 5.45 .15 5.45
v 5.45 -.07 5.29
v 5.53 .17 5.22
v 5.52 -.04 4.99
v 5.15 .03 5.06
v 5.52 -.01 4.81
v 5.57 .2 5
v 5.19 .25 5.08
v 5.11 .07 4.84
v 5.13 .3 4.81
v 5.05 .12 4.59
v 4.97 .16 4.44
v 4.66 .22 4.45
v 4.75 .21 4.4
v 4.8 .2 4.36
v 4.82 .2 4.38
v 4.69 .45 4.5
v 4.86 .42 4.42
v 4.6 .28 4.14
v 5.05 .13 4.51
v 5.59 .22 4.83
v 5.55 .01 4.72
v 5.58 .25 4.64
v 5.49 .05 4.47
v 5.53 .04 4.54
v 5.49 .08 4.36
v 4.88 .26 3.92
v 4.9 .18 4.39
v 4.82 .21 4.27
v 4.74 .27 4.01
v 4.86 .49 3.99
v 6.19 -.05 4.31
v 6.26 -.07 4.3
v 6.14 -.05 4.3
v 6.11 .19 4.31
v 5.94 .02 4.16
v 5.84 .06 3.99
v 5.44 .11 4.21
v 5.37 .14 4.07
v 5.39 .38 4.07
v 5.25 .19 3.94
v 4.99 .25 3.89
v 5.1 .23 3.88
v 6.39 .14 4.31
v 6.35 -.08 4.27
v 6.43 -.1 4.21
v 6.5 .13 4.24
v 6.52 -.1 4.16
v 5.84 .07 3.9
v 6.21 .03 3.6
v 5.75 .11 3.77
v 5.69 .15 3.52
v 6.48 -.05 3.78
v 6.53 -.04 3.67
v 6.63 -.05 3.59
v 7.09 -.11 3.07
v 6.74 -.06 3.4
v 6.65 .17 3.64
v 6.45 -.03 3.71
v 6.36 -.01 3.7
v 6.26 .03 3.62
v 6.53 .19 3.73
v 6.45 .2 3.74
v 6.38 .22 3.71
v 6.58 .17 3.7
v 5.67 .19 3.29
v 6.14 .07 3.44
v 6.18 .06 3.47
v 6.21 .07 3.35
v 6.24 .29 3.41
v 6 .12 3.26
v 6.09 .12 3.11
v 6.03 .13 3.14
v 6.01 .13 3.13
v 5.94 .16 2.97
v 5.96 .16 3.01
v 6.06 .35 3.17
v 6.11 .34 3.16
v 5.66 .21 3.11
v 5.71 .45 3
v 6.85 -.06 3.13
v 7.13 -.1 2.98
v 6.91 .17 3.14
v 7.18 .12 3.03
v 6.95 .18 2.97
v 6.48 .07 2.74
v 6.51 .06 2.75
v 6.31 .11 2.67
v 6.15 .34 3.11
v 5.93 .19 2.77
v 5.66 .24 2.86
v 5.95 .21 2.62
v 5.94 .22 2.47
v 5.99 .4 2.9
v 5.68 .25 2.72
v 5.74 .27 2.45
v 6.9 -.05 2.95
v 7.13 -.08 2.65
v 6.9 -.04 2.81
v 7.16 -.07 2.56
v 7.21 .14 2.71
v 6.86 -.01 2.63
v 6.78 .02 2.46
v 6.89 .22 2.58
v 6.83 .25 2.48
v 6.81 .06 1.87
v 6.56 .29 2.77
v 6.53 .11 2.09
v 6.49 .12 2.15
v 6.54 .34 2.17
v 5.98 .22 2.39
v 6.03 .22 2.22
v 6.03 .44 2.46
v 6.11 .45 2.18
v 5.8 .28 2.18
v 5.89 .27 1.93
v 5.83 .5 2.3
v 7.11 -.05 2.31
v 7.2 .17 2.43
v 7.02 -.01 2.07
v 7.16 .19 2.24
v 7.09 -.02 2.17
v 7.04  2.03
v 6.79 .03 2.39
v 6.84 .25 2.41
v 6.93 .03 1.99
v 6.87 .29 1.9
v 6.44 .14 2.05
v 6.34 .16 1.99
v 6.52 .35 2.09
v 6.08 .22 2.12
v 6.16 .21 2.03
v 6.28 .19 1.98
v 6.23 .19 1.99
v 6.19 .2 1.94
v 6.22 .43 2.04
v 5.96 .28 1.78
v 6.97 .02 1.93
v 6.82 .07 1.77
v 6.89 .29 1.79
v 6.73 .09 1.7
v 6.73 .1 1.66
v 6.08 .26 1.61
v 6.26 .22 1.45
v 6.61 .13 1.55
v 6.51 .16 1.47
v 6.43 .18 1.44
v 6.53 .39 1.47
v 6.35 .2 1.43
v 6.32 .44 1.46
v 6.16 .24 1.51
v 6.25 .45 1.5
v 7.58 -.11 1.65
v 7.53 -.09 1.61
v 7.37 -.05 1.43
v 7.35 -.04 1.36
v 7.63 -.1 .99
v 7.16 .01 1.21
v 7.06 .04 1.08
v 6.95 .08 1.01
v 7.6 -.08 .93
v 7.41 -.04 .81
v 7.44 -.04 .79
v 6.87 .09 .9
v 7.29 -.01 .67
v 6.44 .21 .57
v 7 .07 .5
v 6.76 .13 .85
v 6.6 .17 .72
v 6.43 .21 .59
v 7.23 .01 .62
v 7.11 .04 .52
v 6.95 .09 .39
v 6.22 .26 .44
v 6.75 .13 .26
v 6.8 .13 .28
v 6.7 .15 .17
v 6.86 .34 .29
v 6.54 .19 -.1
v 6.64 .17 .08
v 6.7 .39 .1
v 6.21 .27 .39
v 6.32 .25 .03
v 6.23 .27 .06
v 6.29 .49 .02
v 7.76 -.11 -.16
v 7.76 -.11 -.16
v 7.73 -.1 -.17
v 7.51 -.05 -.31
v 7.49 -.05 -.36
v 7.6 .16 -.3
v 6.37 .24 -.03
v 6.44 .21 -.3
v 6.22 .26 -.37
v 6.49 .2 -.22
v 6.58 .42 -.12
v 6.25 .26 .02
v 6.42 .46 -.03
v 6.29 .25 -.19
v 6.38 .47 .03
v 6.32 .48 .02
v 6.35 .48 -.19
v 7.64 -.1 -.85
v 7.3 -.01 -.48
v 7.72 .12 -.84
v 7.22 .02 -.49
v 7 .07 -.66
v 7.42 .2 -.41
v 7.05 .06 -.6
v 6.82 .11 -.72
v 7.07 .29 -.62
v 6.87 .34 -.73
v 6.44 .22 -.4
v 6.42 .21 -.61
v 6.44 .22 -.61
v 6.53 .43 -.27
v 6.49 .43 -.46
v 6.16 .28 -.63
v 6.15 .27 -.84
v 7.52 -.06 -.92
v 7.39 -.03 -.99
v 7.56 .16 -.93
v 7.27 -.01 -1.05
v 7.16 .02 -1.11
v 6.68 .14 -.83
v 6.88 .08 -1.17
v 6.97 .06 -1.19
v 6.92 .3 -1.24
v 6.75 .13 -.76
v 6.66 .16 -.79
v 6.73 .37 -.79
v 6.52 .19 -.76
v 6.48 .2 -.72
v 6.57 .18 -.79
v 6.49 .19 -.82
v 6.53 .42 -.72
v 6.14 .28 -.98
v 6.19 .5 -1
v 6.78 .1 -1.27
v 6.81 .34 -1.3
v 6.51 .16 -1.35
v 6.59 .15 -1.35
v 6.62 .37 -1.37
v 6.21 .24 -1.3
v 6.44 .18 -1.39
v 6.35 .2 -1.38
v 6.27 .23 -1.35
v 6.39 .43 -1.4
v 6.15 .26 -1.19
v 7.3 -.06 -1.96
v 7.35 .17 -1.95
v 7.35 -.07 -2.02
v 7.38 -.09 -2.13
v 7.44 .13 -2.22
v 7.42 .14 -2.1
v 7.38 -.11 -2.31
v 7.24 -.04 -1.89
v 7.26 .19 -1.88
v 7.13 -.01 -1.84
v 7.18 .21 -1.85
v 7.1 .23 -1.84
v 7.02 .02 -1.83
v 6.73 .08 -1.93
v 6.92 .04 -1.84
v 6.74 .08 -1.89
v 6.58 .12 -1.95
v 6.59 .34 -1.98
v 6.52 .12 -2
v 7.07 -.05 -2.47
v 7.03 -.06 -2.72
v 6.77 .03 -2.39
v 6.96 -.02 -2.45
v 6.91  -2.43
v 6.81 .02 -2.42
v 7.02 -.04 -2.54
v 7.03 .2 -2.49
v 6.16 .19 -2.18
v 6.69 .05 -2.44
v 6.36 .12 -2.45
v 6.51 .09 -2.48
v 6.42 .15 -2.02
v 6.29 .17 -2.1
v 6.05 .21 -2.28
v 6.97 -.06 -2.95
v 6.79 -.05 -3.22
v 7.09 .17 -2.73
v 6.36 .12 -2.52
v 6.25 .14 -2.55
v 6.26 .37 -2.59
v 5.85 .24 -2.47
v 6 .18 -2.68
v 6.11 .17 -2.62
v 5.85 .2 -2.78
v 5.71 .22 -2.9
v 6.1 .4 -2.68
v 5.97 .42 -2.77
v 5.74 .26 -2.58
v 5.59 .27 -2.74
v 5.8 .48 -2.59
v 6.95 -.1 -3.35
v 6.88 -.1 -3.46
v 6.66 -.04 -3.38
v 6.77 -.09 -3.56
v 6.74 -.08 -3.61
v 6.4 -.04 -3.86
v 7 .12 -3.4
v 6.64 -.03 -3.36
v 6.5 -.02 -3.45
v 6.39 .01 -3.5
v 6.7 .19 -3.37
v 6.57 .2 -3.47
v 5.85 .21 -2.81
v 5.73 .22 -2.95
v 5.65 .22 -3.07
v 5.87 .43 -2.86
v 5.7 .44 -3.09
v 5.47 .28 -2.93
v 5.36 .27 -3.13
v 5.67 .49 -2.73
v 5.56 .5 -2.88
v 6.71 .15 -3.71
v 6.6 -.07 -3.74
v 6.56 .17 -3.83
v 6.44 .18 -3.89
v 6.25 .02 -3.59
v 6.27 -.02 -3.92
v 6.06 .01 -3.96
v 6.28 .21 -3.96
v 6.26 .03 -3.53
v 6.2 .04 -3.59
v 6.01 .04 -3.88
v 6.28 .26 -3.58
v 5.82 .12 -3.58
v 5.87 .35 -3.61
v 5.8 .13 -3.55
v 5.74 .12 -3.63
v 5.65 .16 -3.52
v 5.85 .35 -3.58
v 5.79 .37 -3.57
v 5.7 .38 -3.55
v 5.58 .22 -3.23
v 5.55 .21 -3.37
v 5.57 .19 -3.46
v 5.6 .43 -3.39
v 5.62 .41 -3.49
v 5.29 .28 -3.24
v 6.15 .00 -3.95
v 5.98 .03 -3.97
v 6.06 .26 -3.91
v 6.03 .26 -4
v 5.56 .12 -3.96
v 5.45 .14 -3.96
v 5.61 .35 -3.99
v 5.51 .14 -3.97
v 5.55 .35 -4
v 5.5 .2 -3.45
v 5.17 .24 -3.68
v 5.2 .27 -3.42
v 5.17 .26 -3.55
v 5.2 .22 -3.8
v 5.3 .5 -3.34
v 5.83 -.06 -4.79
v 5.74 -.02 -4.67
v 5.78 .21 -4.69
v 5.69 .00 -4.63
v 5.79 -.03 -4.71
v 5.66 .23 -4.63
v 5.56 .03 -4.57
v 5.36 .17 -3.93
v 5.3 .18 -3.9
v 5.31 .41 -3.91
v 5.24 .45 -3.8
v 5.84 -.08 -4.91
v 5.82 -.08 -4.9
v 5.86 .14 -5.04
v 5.89 .15 -4.91
v 5.79 -.1 -5.09
v 5.5 -.12 -5.49
v 5.49 .03 -4.59
v 4.58 .2 -4.6
v 5.43 .06 -4.55
v 5.28 .09 -4.53
v 5.21 .09 -4.54
v 5.57 .26 -4.6
v 5.14 .12 -4.52
v 5 .14 -4.52
v 4.86 .17 -4.53
v 5.36 -.07 -5.38
v 5.26 -.05 -5.39
v 5.03 -.11 -5.88
v 5.3 .17 -5.44
v 5.16 .16 -5.59
v 5.31 -.02 -5.15
v 5.21 .02 -4.97
v 5.23 .01 -5.07
v 5.32 -.04 -5.27
v 5.34 .2 -5.19
v 5.3 .22 -5.14
v 5.22 .24 -5.09
v 5.36 .19 -5.26
v 4.97 .07 -4.96
v 5.1 .04 -5.03
v 5.01 .06 -5.02
v 4.94 .06 -5.05
v 5.1 .27 -5.06
v 5.04 .28 -5.06
v 4.96 .29 -5.1
v 4.76 .11 -4.95
v 4.4 .17 -4.9
v 4.04 .26 -4.78
v 4.62 .12 -5.04
v 4.63 .14 -4.93
v 4.65 .14 -4.96
v 4.67 .36 -4.97
v 4.75 .18 -4.55
v 4.47 .22 -4.62
v 4.39 .23 -4.65
v 5.16 -.06 -5.51
v 4.96 -.05 -5.68
v 4.6 -.05 -5.94
v 4.82 -.05 -5.77
v 4.85 -.1 -6.02
v 4.98 .16 -5.74
v 4.32 .06 -5.59
v 4.29 .07 -5.57
v 4.35 .29 -5.64
v 4.5 .16 -4.93
v 4.65 .34 -5.09
v 4.32 .19 -4.95
v 4.11 .21 -5.02
v 3.92 .22 -5.06
v 4.54 .38 -4.97
v 4.22 .25 -4.7
v 3.96 .27 -4.83
v 4.21 .47 -4.76
v 4.66 -.04 -5.85
v 4.71 -.09 -6.1
v 4.69 -.09 -6.09
v 4.54 -.08 -6.16
v 4.35 -.07 -6.2
v 4.78 .17 -5.86
v 4.74 .13 -6.14
v 4.47 .15 -6.23
v 4.55 -.03 -5.89
v 4.44 -.02 -5.9
v 4.33 .00 -5.89
v 4.24 .01 -5.89
v 4.21 .02 -5.86
v 3.53 .07 -6.06
v 4.19 .11 -5.42
v 3.86 .12 -5.64
v 4.22 .34 -5.47
v 3.96 .22 -5.1
v 3.85 .22 -5.16
v 3.68 .22 -5.26
v 3.71 .22 -5.26
v 4.12 .43 -5.07
v 3.99 .44 -5.14
v 3.86 .44 -5.22
v 3.79 .27 -4.93
v 3.83 .5 -4.97
v 3.58 .28 -5.05
v 3.39 .26 -5.23
v 3.38 .27 -5.2
v 3.75 .02 -6.16
v 4.26 .17 -6.27
v 4.2 -.05 -6.23
v 4.05 -.03 -6.24
v 3.89 -.01 -6.22
v 4.15 .03 -5.88
v 3.79 .03 -6.13
v 3.59 .06 -6.09
v 3.81 .25 -6.17
v 3.8 .11 -5.72
v 3.79 .12 -5.66
v 3.71 .14 -5.64
v 3.64 .15 -5.63
v 3.63 .17 -5.57
v 3.88 .34 -5.7
v 3.74 .36 -5.69
v 3.62 .21 -5.38
v 3.59 .2 -5.4
v 3.6 .19 -5.49
v 3.74 .44 -5.31
v 3.63 .42 -5.51
v 3.38 .5 -5.28
v 3.84 -.11 -6.75
v 3.84 -.11 -6.75
v 3.8 -.1 -6.73
v 3.7 -.08 -6.68
v 3.72 -.1 -6.75
v 3.57 -.05 -6.62
v 3.56 -.06 -6.65
v 3.84 .11 -6.78
v 3.76 .02 -6.19
v 3.8 .24 -6.24
v 3.61 .29 -6.14
v 3.53 .08 -6.09
v 3.44 .32 -6.08
v 3.24 .14 -5.89
v 3.36 .11 -6
v 3.22 .14 -5.91
v 3.31 .35 -6
v 3.15 .25 -5.48
v 3.09 .21 -5.66
v 3.12 .19 -5.8
v 3.21 .26 -5.38
v 3.1 .23 -5.58
v 3.51 -.04 -6.63
v 3 -.1 -7.11
v 2.94 -.06 -6.93
v 2.99 -.04 -6.89
v 3.54 .17 -6.67
v 2.69 .00 -6.78
v 3.03 .18 -6.93
v 2.89 -.04 -6.89
v 2.78 -.01 -6.81
v 2.59 .04 -6.69
v 2.95 .18 -6.94
v 2.9 .19 -6.93
v 2.76 .22 -6.84
v 2.59 .27 -6.72
v 2.51 .04 -6.66
v 2.47 .2 -6.01
v 2.49 .43 -6.06
v 2.48 .44 -6.03
v 2.4 .23 -5.93
v 2.45 .42 -6.08
v 2.28 .26 -5.85
v 2.23 .26 -5.83
v 2.45 -.06 -7.11
v 2.06 -.1 -7.44
v 2.26 -.05 -7.15
v 2.28 .18 -7.2
v 2.29 .1 -6.5
v 2.31 -.04 -7.09
v 2.1 .03 -6.85
v 2.22 -.01 -7.02
v 2.1 .02 -6.93
v 2.33 .19 -7.14
v 2.41 .08 -6.55
v 2.24 .13 -6.43
v 2.17 .13 -6.4
v 2.09 .16 -6.31
v 2.06 .2 -6.15
v 2.02 .19 -6.25
v 2.01 .19 -6.22
v 1.93 .2 -6.21
v 2.18 .28 -5.83
v 1.66 .27 -6.01
v 1.67 .26 -6.05
v 2.19 .49 -5.88
v 2.01 -.06 -7.26
v 2 -.04 -7.24
v 2.01 .17 -7.29
v 2.03 .26 -6.91
v 1.94 .06 -6.8
v 1.81 .12 -6.6
v 1.8 .1 -6.68
v 1.64 .14 -6.54
v 1.6 .38 -6.55
v 1.47 .18 -6.44
v 1.42 .19 -6.37
v 1.37 .28 -6.07
v 1.68 .49 -6.07
v 1.3 -.04 -7.39
v 1.25 -.05 -7.41
v 1.42 -.11 -7.6
v 1.34 -.08 -7.52
v 1.25 -.06 -7.44
v 1.27 .16 -7.5
v 1.31 .17 -7.44
v 1.33 .23 -6.23
v 1.28 .2 -6.38
v 1.15 .21 -6.36
v 1.13 .21 -6.37
v 1.48 .4 -6.49
v 1.31 .42 -6.44
v 1.37 .25 -6.16
v 1.32 .24 -6.21
v 1.33 .26 -6.09
v 1.19 .24 -6.21
v 1.15 .26 -6.18
v 1.36 .49 -6.13
v 1.33 .46 -6.27
v 1.38 .47 -6.21
v .83 .13 -6.74
v .78 .13 -6.77
v .76 .16 -6.64
v .78 .34 -6.82
v .83 .36 -6.8
v .76 .38 -6.68
v .86 .21 -6.4
v .96 .22 -6.4
v .82 .2 -6.45
v .74 .18 -6.53
v .69 .17 -6.58
v 1.14 .43 -6.43
v .98 .43 -6.45
v .85 .43 -6.5
v .75 .4 -6.59
v 1.01 .27 -6.16
v 1.03 .49 -6.22
v .85 .26 -6.2
v .83 .28 -6.16
v .59 .28 -6.16
v .84 .5 -6.22
v .36 .13 -6.78
v .4 .13 -6.75
v .41 .13 -6.79
v .29 .37 -6.76
v .27 .16 -6.68
v .5 .26 -6.21
v .18 .19 -6.52
v .26 .25 -6.27
v .44 .27 -6.19
v .33 .27 -6.23
v .37 .49 -6.27
v .21 .18 -6.59
v .18 .22 -6.41
v .2 .25 -6.34
v -.37 -.1 -7.71
v -.43 -.08 -7.6
v -.51 -.05 -7.5
v -.5 .17 -7.55
v -.55 -.06 -7.52
v -1.05 -.1 -7.65
v -.58 -.04 -7.47
v -1.01 -.04 -7.44
v -1.02 -.06 -7.46
v -1.15 .17 -7.47
v -1.15 -.04 -7.41
v -1.3 -.05 -7.38
v -1.21 -.04 -7.37
v -2.05 -.1 -7.45
v -1.25 -.02 -7.3
v -1.31 .01 -7.16
v -1.38 .02 -7.1
v -1.46 .06 -6.91
v -1.23 .18 -7.41
v -1.39 .05 -6.97
v -1.47 .09 -6.78
v -1.09 .21 -6.39
v -1.15 .2 -6.39
v -1.14 .24 -6.26
v -1.19 .21 -6.34
v -1.57 .2 -6.31
v -1.2 .26 -6.12
v -1.24 .28 -6.1
v -1.25 .49 -6.15
v -2 -.06 -7.26
v -1.84 -.04 -7.24
v -1.91 -.04 -7.26
v -1.98 -.04 -7.25
v -1.54 .1 -6.72
v -1.93 .05 -6.85
v -1.83 -.03 -7.21
v -1.87 -.01 -7.09
v -1.95 .25 -7.01
v -1.93 .03 -6.96
v -1.84 .19 -7.27
v -1.6 .14 -6.55
v -2.01 .29 -6.8
v -2.01 .1 -6.59
v -1.54 .13 -6.6
v -1.67 .18 -6.35
v -1.66 .26 -6.03
v -1.53 .21 -6.31
v -1.6 .17 -6.45
v -1.63 .19 -6.34
v -1.64 .21 -6.26
v -1.65 .41 -6.4
v -1.6 .42 -6.37
v -1.66 .28 -6.01
v -1.68 .49 -6.07
v -2.84 -.05 -6.95
v -1.99 .07 -6.74
v -2.06 .34 -6.61
v -2.07 .13 -6.48
v -2.04 .15 -6.39
v -2.11 .15 -6.38
v -2.16 .39 -6.35
v -2.21 .19 -6.16
v -2.18 .18 -6.25
v -2.13 .23 -6
v -2.28 .19 -6.12
v -2.06 .27 -5.87
v -2.14 .26 -5.94
v -2.13 .26 -5.87
v -2.15 .49 -5.92
v -2.85 -.1 -7.17
v -2.9 .15 -7.11
v -2.87 -.07 -7
v -2.91 -.05 -6.95
v -2.86 .17 -7
v -2.28 .24 -5.91
v -2.49 .21 -5.96
v -2.43 .21 -6.01
v -2.67 .22 -5.9
v -2.35 .43 -6.14
v -2.59 .44 -5.99
v -2.21 .25 -5.96
v -2.22 .46 -6
v -2.33 .26 -5.84
v -2.44 .26 -5.76
v -2.92 .13 -6.13
v -2.93 .35 -6.19
v -2.89 .14 -6.11
v -2.95 .13 -6.13
v -3.27 .13 -5.91
v -2.88 .19 -5.86
v -2.92 .36 -6.17
v -2.69 .21 -5.87
v -2.77 .2 -5.89
v -2.88 .17 -5.96
v -2.82 .2 -5.9
v -2.74 .43 -5.94
v -2.61 .28 -5.62
v -3.04 .26 -5.45
v -2.78 .5 -5.59
v -2.93 .27 -5.48
v -3.82 -.08 -6.62
v -3.78 .16 -6.62
v -3.71 -.03 -6.46
v -3.74 .18 -6.52
v -3.91 -.09 -6.64
v -3.72 -.01 -6.33
v -3.99 -.1 -6.63
v -3.99 .12 -6.68
v -3.84 .15 -6.67
v -3.74 .02 -6.19
v -3.28 .13 -5.97
v -3.32 .13 -5.93
v -3.34 .16 -5.79
v -3.37 .38 -5.85
v -3.16 .25 -5.47
v -3.33 .19 -5.67
v -3.31 .21 -5.58
v -3.26 .23 -5.52
v -3.28 .46 -5.56
v -3.82 .02 -6.11
v -3.9 .07 -5.85
v -4.14 .00 -5.99
v -3.8 .05 -6.02
v -3.98 .08 -5.74
v -4.31 -.04 -6.12
v -4.39 -.05 -6.11
v -4.3 -.05 -6.15
v -4.52 -.06 -6.06
v -4.77 -.11 -6.11
v -4.63 -.06 -5.98
v -4.89 -.06 -5.74
v -4.54 .16 -6.11
v -4.67 .16 -6.02
v -4.93 .12 -6.04
v -4.24 -.03 -6.09
v -4.22  -5.97
v -4.26 .03 -5.81
v -4.09 .09 -5.62
v -4.25 .03 -5.78
v -4.35 .05 -5.66
v -4.22 .1 -5.49
v -3.85 .15 -5.47
v -3.87 .38 -5.53
v -4.1 .15 -5.3
v -4.39 .11 -5.29
v -4.14 .38 -5.34
v -3.8 .17 -5.47
v -3.8 .19 -5.36
v -3.83 .21 -5.22
v -3.89 .22 -5.09
v -3.95 .24 -4.95
v -4.95 -.1 -5.92
v -4.82 -.05 -5.78
v -4.93 -.04 -5.61
v -5.1 -.08 -5.63
v -5.11 -.07 -5.65
v -5.05 .13 -5.86
v -4.96 .18 -5.67
v -5.15 .14 -5.69
v -5.01 -.02 -5.43
v -5.05 .2 -5.48
v -4.4 .05 -5.56
v -4.51 .06 -5.46
v -4.7 .07 -5.25
v -4.5 .28 -5.55
v -4.19 .15 -5.22
v -4.71 .11 -4.98
v -4.84 .11 -4.86
v -4.48 .33 -5.27
v -4.18 .19 -5.01
v -4.22 .17 -5.15
v -4.23 .19 -5
v -4.05 .25 -4.79
v -4.29 .21 -4.82
v -4.31 .21 -4.83
v -4.15 .27 -4.65
v -4.52 .22 -4.53
v -4.19 .49 -4.68
v -5.26 -.1 -5.65
v -5.19 -.09 -5.63
v -5.5 -.11 -5.48
v -5.05 .00 -5.26
v -5.06 .03 -5.15
v -5.09 .23 -5.26
v -4.94 .07 -5.03
v -4.93 .07 -5.01
v -5.04 .05 -5.02
v -5.01 .06 -5.01
v -4.98 .29 -5.07
v -5.08 .27 -5.06
v -4.76 .34 -5
v -4.41 .22 -4.69
v -4.6 .22 -4.51
v -4.44 .44 -4.74
v -4.28 .27 -4.5
v -4.39 .27 -4.39
v -4.32 .5 -4.54
v -4.59 .5 -4.24
v -5.8 -.09 -4.99
v -4.96 .12 -4.69
v -5.58 -.06 -5.06
v -5.58 -.04 -5.03
v -5.68 -.06 -4.97
v -5.7 .16 -5.03
v -5.77 -.06 -4.85
v -5.81 -.07 -4.94
v -5.84 .16 -4.94
v -5.79 .16 -4.9
v -5.5 -.03 -4.95
v -4.9 .17 -4.46
v -5.54 -.04 -5.01
v -5.5 .00 -4.85
v -5.46 .03 -4.69
v -5.45 .02 -4.74
v -5.58 .18 -5.05
v -4.69 .27 -4.07
v -5.49 .27 -4.67
v -4.93 .12 -4.75
v -4.94 .14 -4.59
v -4.85 .2 -4.31
v -5 .35 -4.7
v -4.94 .39 -4.5
v -4.69 .21 -4.43
v -4.76 .21 -4.39
v -4.82 .2 -4.38
v -4.86 .19 -4.41
v -4.7 .5 -4.13
v -5.41 .07 -4.49
v -5.45 .29 -4.53
v -5.39 .06 -4.54
v -5.39 .33 -4.33
v -5.34 .1 -4.35
v -5.35 .11 -4.3
v -5.31 .15 -4.17
v -5.32 .39 -4.09
v -5.28 .14 -4.16
v -5.27 .17 -4.06
v -4.94 .25 -3.9
v -5.16 .21 -3.91
v -5.12 .23 -3.89
v -5.2 .2 -3.94
v -5.22 .43 -3.95
v -4.81 .27 -3.98
v -4.97 .48 -3.95
v -5.03 .24 -3.88
v -6.7 -.1 -3.78
v -6.76 .13 -3.81
v -6.12 .07 -3.44
v -5.47 .27 -3.07
v -5.45 .27 -3.02
v -5.51 .49 -3.01
v -5.71 .49 -2.61
v -6.93 -.05 -2.85
v -7.04 .15 -3.05
v -7 -.09 -3.11
v -6.97 -.06 -2.95
v -6.97 .2 -2.76
v -6.54 .03 -3.01
v -6.6 .04 -2.77
v -6.56 .03 -2.98
v -6.63 .02 -2.92
v -6.67 .24 -2.94
v -6.52 .04 -2.98
v -5.68 .27 -2.56
v -5.99 .42 -2.7
v -5.93 .21 -2.67
v -5.72 .27 -2.56
v -6.72 .06 -2.17
v -6.9 -.02 -2.67
v -6.5 .09 -2.38
v -6.85 .00 -2.52
v -6.81 .03 -2.37
v -6.82 .27 -2.25
v -6.51 .08 -2.51
v -6.77 .05 -2.23
v -6.22 .21 -1.74
v -6.42 .13 -2.25
v -6.36 .15 -2.09
v -6.71 .07 -2.06
v -6.56 .13 -1.8
v -6.65 .1 -1.91
v -6.69 .34 -1.85
v -6.61 .12 -1.8
v -6.3 .18 -1.93
v -6.28 .43 -1.76
v -6.06 .27 -1.42
v -6.38 .39 -2
v -6.13 .25 -1.56
v -7.59 .12 -1.72
v -7.53 -.1 -1.7
v -7.36 -.05 -1.51
v -7.58 -.09 -1.16
v -7.22 -.02 -1.37
v -6.62 .36 -1.7
v -6.53 .15 -1.62
v -6.46 .17 -1.49
v -6.41 .18 -1.4
v -6.3 .22 -1.22
v -6.42 .43 -1.31
v -6.34 .21 -1.25
v -6.15 .27 -.97
v -7.38 -.03 -.94
v -7.62 -.09 -1.15
v -7.54 -.07 -1.07
v -7.45 -.04 -.98
v -7.18  -1.28
v -7.07 .04 -1.21
v -6.95 .07 -1.09
v -6.85 .1 -.96
v -6.78 .12 -.93
v -6.61 .16 -.8
v -6.8 .35 -.91
v -6.26 .24 -1.11
v -6.24 .48 -.98
v -6.19 .27 -.97
v -6.22 .5 -.97
v -7.73 -.11 -.59
v -7.73 -.11 -.59
v -7.7 -.1 -.58
v -7.59 -.07 -.49
v -7.67 -.1 -.49
v -7.72 .13 -.56
v -7.61 .16 -.46
v -7.3 -.01 -.86
v -7.22 .01 -.78
v -7.36 .21 -.86
v -7.16 .26 -.69
v -6.81 .11 -.5
v -7.14 .04 -.72
v -7.07 .05 -.66
v -6.98 .08 -.59
v -6.94 .32 -.52
v -6.45 .2 -.67
v -6.91 .1 -.53
v -6.55 .18 -.27
v -6.82 .12 -.46
v -6.75 .14 -.41
v -6.75 .37 -.37
v -6.64 .39 -.78
v -6.48 .43 -.66
v -6.26 .26 -.53
v -6.21 .26 -.49
v -6.26 .49 -.48
v -6.31 .48 -.53
v -7.43 -.03 -.36
v -7.55 -.06 .06
v -7.71 -.09 -.03
v -7.62 -.07 .03
v -7.39 -.03 -.29
v -7.27 .01 -.23
v -7.06 .06 -.05
v -7.12 .05 -.12
v -7.45 .2 -.33
v -6.95 .09 
v -6.66 .16 -.35
v -6.34 .24 -.22
v -6.59 .18 -.28
v -6.5 .21 -.12
v -6.47 .21 -.03
v -6.47 .22 .08
v -6.53 .44 .12
v -6.22 .27 -.22
v -6.28 .5 -.22
v -6.29 .26 -.19
v -6.32 .25 -.13
v -6.37 .47 -.13
v -6.27 .26 .00
v -7.54 -.05 .09
v -7.45 -.03 .15
v -7.26 .01 .24
v -7.37 -.01 .21
v -7.27 .01 .27
v -7.19 .03 .32
v -7.09 .05 .38
v -6.91 .09 .46
v -7.01 .07 .42
v -7.1 .29 .41
v -6.77 .13 .11
v -6.64 .17 .19
v -6.53 .18 .63
v -6.78 .37 .14
v -6.48 .21 .14
v -6.57 .18 .21
v -6.52 .2 .2
v -6.69 .39 .19
v -6.19 .27 .49
v -6.2 .28 .21
v -6.23 .5 .34
v -7.68 -.1 .56
v -7.5 -.06 .66
v -7.31 -.02 .81
v -7.62 -.1 1.08
v -7.7 .13 .58
v -7.32 -.01 .78
v -7.14 .03 .87
v -6.98 .07 .96
v -6.92 .1 .48
v -6.84 .11 .53
v -6.74 .14 .58
v -6.66 .16 .62
v -6.66 .39 .66
v -6.56 .18 .69
v -6.31 .24 .7
v -6.48 .2 .79
v -6.41 .21 .9
v -6.57 .41 .74
v -6.22 .27 .58
v -6.33 .47 .65
v -6.25 .25 .85
v -6.36 .46 .77
v -6.27 .48 .91
v -7.66 -.1 1.08
v -7.54 -.07 1.14
v -7.3 -.03 1.22
v -7.45 -.05 1.19
v -7.7 .12 1.09
v -6.89 .06 1.4
v -7.35 -.03 1.23
v -7.26 -.01 1.28
v -7.16 .01 1.32
v -7.07 .03 1.36
v -7.35 .2 1.27
v -6.75 .12 1.06
v -6.55 .16 1.14
v -6.97 .05 1.4
v -6.46 .16 1.57
v -6.87 .32 1.04
v -6.69 .37 1.12
v -6.41 .22 .95
v -6.39 .21 1.08
v -6.47 .19 1.17
v -6.41 .2 1.15
v -6.47 .42 1.16
v -6.35 .21 1.21
v -6.44 .43 1.09
v -6.59 .39 1.16
v -6.04 .27 1.41
v -6.13 .27 1.05
v -6.88 .07 1.44
v -6.78 .09 1.48
v -6.97 .28 1.44
v -6.78 .33 1.51
v -6.69 .11 1.52
v -6.59 .14 1.55
v -6.51 .16 1.58
v -6.59 .37 1.59
v -6.1 .25 1.6
v -6.41 .18 1.62
v -6.3 .2 1.65
v -6.21 .23 1.65
v -6.1 .5 1.43
v -6.06 .27 1.52
v -6.15 .24 1.63
v -6.15 .48 1.6
v -7.18 -.03 1.96
v -7.28 -.05 2.04
v -7.31 -.08 2.13
v -7.34 -.1 2.31
v -7.4 .14 2.23
v -7.35 -.1 2.4
v -6.98 .02 1.92
v -6.8 .06 1.95
v -6.61 .1 2.01
v -6.85 .28 1.96
v -6.66 .32 2.02
v -6.41 .14 2.09
v -6.26 .17 2.18
v -6.57 .34 2.06
v -6.98 -.04 2.62
v -6.98 -.06 2.93
v -7 -.05 2.72
v -7.05 .17 2.81
v -6.92 -.02 2.49
v -6.68 .04 2.49
v -6.88 .00 2.51
v -6.81 .01 2.5
v -6.93 -.02 2.55
v -6.96 .21 2.55
v -6.85 .24 2.52
v -6.49 .08 2.53
v -6.7 .04 2.51
v -6.59 .06 2.53
v -6.49 .09 2.56
v -6.14 .16 2.6
v -6.4 .11 2.58
v -6.38 .34 2.62
v -6.3 .13 2.6
v -6.1 .2 2.29
v -5.97 .22 2.4
v -5.89 .23 2.48
v -6.91 -.11 3.44
v -6.82 -.05 3.2
v -6.74 -.06 3.38
v -6.91 -.1 3.47
v -6.71 -.04 3.33
v -6.22 .15 2.64
v -6.13 .16 2.67
v -6.19 .38 2.69
v -6 .18 2.72
v -5.99 .19 2.75
v -5.87 .2 2.83
v -6.05 .4 2.76
v -5.66 .26 2.7
v -5.77 .25 2.58
v -6.8 -.09 3.59
v -6.6 -.07 3.78
v -6.69 -.08 3.72
v -6.57 -.03 3.46
v -6.41 .00 3.56
v -6.35  3.61
v -6.29 .02 3.61
v -6.62 .19 3.48
v -5.77 .21 2.93
v -5.68 .22 3.04
v -5.53 .22 3.3
v -5.56 .22 3.27
v -5.82 .44 2.95
v -5.57 .27 2.81
v -5.46 .27 2.96
v -6.53 -.06 3.86
v -6.38 -.05 3.94
v -6.32 .19 4.04
v -6.19 .04 3.63
v -6.21 -.02 4.02
v -6.29 -.03 4
v -5.66 .07 4.12
v -6.14 -.01 4.07
v -6.01 .07 3.64
v -5.85 .11 3.65
v -5.7 .13 3.67
v -6.16 .27 3.67
v -6.04 .3 3.67
v -5.7 .14 3.64
v -5.65 .38 3.63
v -5.97 .32 3.68
v -5.84 .34 3.68
v -5.73 .36 3.67
v -5.51 .2 3.44
v -5.48 .2 3.51
v -5.55 .18 3.55
v -5.59 .17 3.59
v -5.11 .25 3.69
v -5.6 .45 3.32
v -5.59 .41 3.57
v -5.37 .27 3.12
v -5.41 .5 3.16
v -5.16 .27 3.49
v -6.02 .01 4.11
v -5.86 .03 4.14
v -5.94 .25 4.17
v -5.75 .06 4.15
v -5.76 .28 4.19
v -5.65 .08 4.16
v -5.54 .1 4.15
v -5.4 .13 4.12
v -5.16 .2 3.93
v -5.53 .33 4.18
v -5.12 .23 3.83
v -5.18 .49 3.59
v -6.08 -.1 4.77
v -5.92 -.07 4.76
v -5.9 .16 4.79
v -5.71 -.04 4.78
v -5.71 -.03 4.75
v -6.12 .12 4.81
v -5.69 .21 4.78
v -5.5 .01 4.73
v -5.31 .05 4.71
v -5.48 .25 4.76
v -5.36 .15 4.11
v -5.25 .18 4.05
v -5.67 -.1 5.26
v -5.56 -.08 5.25
v -5.24 -.02 5.2
v -5.46 -.06 5.23
v -5.36 -.04 5.22
v -5.11 .09 4.71
v -5.28 .29 4.73
v -5.1 .1 4.68
v -5.08 .33 4.7
v -4.91 .14 4.65
v -4.69 .18 4.64
v -4.88 .37 4.67
v -4.73 .18 4.61
v -4.55 .22 4.58
v -4.7 .42 4.64
v -5.16 .00 5.19
v -5.07 .02 5.17
v -5.22 .22 5.24
v -4.76 .08 5.08
v -4.95 .05 5.15
v -4.86 .06 5.13
v -4.68 .1 5.08
v -4.3 .26 4.51
v -4.43 .16 4.98
v -4.55 .13 5.05
v -4.47 .14 5.04
v -4.5 .46 4.59
v -4.34 .26 4.52
v -4.26 .28 4.54
v -4.05 .5 4.8
v -4.8 -.1 6.05
v -4.65 -.07 6.02
v -4.83 .12 6.1
v -4.37 .16 5.04
v -4.26 .18 5.05
v -4.12 .22 4.89
v -4.16 .19 5.07
v -3.95 .21 5.09
v -4.05 .2 5.11
v -4.01 .27 4.76
v -4.07 .25 4.84
v -4.08 .24 4.87
v -4.02 .27 4.8
v -4.05 .24 4.91
v -3.88 .25 4.96
v -3.9 .48 5.01
v -4.52 -.04 5.97
v -4.19 .02 5.89
v -4.28 -.11 6.43
v -4.74 .14 6.07
v -4.36 -.01 5.92
v -4.17 .03 5.85
v -4.54 .18 6.01
v -4.34 .22 5.94
v -3.98 .07 5.78
v -4.23 .25 5.91
v -4.14 .27 5.87
v -4.04 .29 5.83
v -3.93 .21 5.16
v -3.81 .21 5.22
v -3.62 .21 5.34
v -3.64 .21 5.35
v -3.69 .44 5.38
v -3.73 .27 5.01
v -3.56 .27 5.09
v -3.61 .49 5.12
v -3.75 .11 5.72
v -4.21 -.09 6.41
v -4.09 -.06 6.36
v -4.01 -.04 6.33
v -3.54 .07 6.09
v -3.91 -.02 6.29
v -3.82 .00 6.26
v -3.73 .02 6.22
v -3.83 .22 6.3
v -3.75 .12 5.69
v -3.64 .04 6.18
v -3.62 .16 5.6
v -3.52 .18 5.56
v -3.58 .2 5.45
v -3.58 .19 5.53
v -3.14 .27 5.38
v -3.61 .42 5.51
v -3.35 .28 5.21
v -3.5 .07 6.11
v -3.36 .1 6.04
v -3.63 .27 6.21
v -3.25 .12 5.97
v -3.17 .15 5.93
v -3.07 .17 5.86
v -3 .2 5.78
v -3 .44 5.76
v -2.96 .23 5.65
v -3.07 .27 5.44
v -2.99 .25 5.55
v -3.26 -.06 6.81
v -3.23 -.09 6.93
v -3.16 -.1 7.01
v -3.08 -.11 7.11
v -3.19 .13 7.08
v -2.65 .12 6.29
v -3.23 -.02 6.67
v -3.13 .01 6.55
v -2.99 .04 6.48
v -3.01 .05 6.45
v -2.83 .09 6.34
v -2.96 .29 6.46
v -2.61 .14 6.23
v -2.63 -.03 6.92
v -2.48 -.07 7.16
v -2.58 -.04 7.02
v -2.48 -.05 7.11
v -2.61 .18 7.06
v -2.52 .17 7.15
v -2.59 .01 6.81
v -2.65 .2 6.96
v -2.27 .19 6.13
v -2.23 .12 6.43
v -2.48 .04 6.7
v -2.4 .06 6.63
v -2.28 .1 6.54
v -2.42 .18 6.16
v -2.2 .21 6.09
v -2.31 .42 6.17
v -2.3 -.11 7.39
v -2.25 -.06 7.21
v -2.17 -.1 7.43
v -2.04 -.1 7.43
v -2.04 -.06 7.27
v -2.15 .12 7.49
v -2 -.05 7.25
v -2.44 .16 7.2
v -2.14 .16 7.29
v -1.73 .2 6.25
v -2.15 .13 6.45
v -2.05 .15 6.4
v -1.69 .26 6.04
v -2.03 .23 6.06
v -1.94 .17 6.35
v -1.86 .18 6.33
v -1.73 .2 6.31
v -1.88 .25 6.04
v -1.83 .47 6.09
v -1.72 .48 6.09
v -2.05 .13 7.49
v -1.88 -.08 7.42
v -1.76 -.08 7.39
v -1.57 -.01 7.16
v -1.76 -.07 7.41
v -1.84 .14 7.47
v -1.76 .13 7.56
v -1.73 -.09 7.48
v -1.75 .14 7.5
v -1.76 -.03 7.22
v -1.49 .01 7.12
v -1.85 .18 7.29
v -1.56 .22 7.2
v -1.76 .42 6.36
v -1.59 .21 6.28
v -1.46 .22 6.23
v -1.44 .22 6.28
v -1.61 .43 6.34
v -1.48 .43 6.33
v -1.35 .44 6.34
v -1.58 .27 6.04
v -1.42 .28 6.04
v -1.2 .28 6.08
v -1.25 -.1 7.6
v -1 -.04 7.39
v -1.24 -.1 7.63
v -1.16 -.08 7.55
v -1.08 -.06 7.48
v -1.25 .12 7.68
v -1.29 .04 7
v -1.01 .13 6.71
v -1.42 .25 7.13
v -1.34 .04 7.01
v -1.11 .11 6.78
v -1.29 .28 7.01
v -1.01 .15 6.64
v -1.11 .34 6.83
v -1.04 .37 6.72
v -1.01 .38 6.64
v -1.24 .22 6.31
v -1.18 .22 6.34
v -1.09 .21 6.38
v -1.04 .2 6.44
v -1 .18 6.52
v -1.21 .44 6.38
v -1.01 .41 6.56
v -.91 .26 6.19
v -1.01 .22 6.35
v -1.06 .5 6.17
v -1.02 .27 6.13
v -.91 -.01 7.29
v -.78 .04 7.14
v -.79 .03 7.12
v -.52 .14 6.7
v -.64 .08 6.97
v -.77 .26 7.18
v -.62 .31 6.99
v -.78 .25 6.27
v -.47 .31 6.02
v -.51 .12 6.81
v -.64 .25 6.26
v -.78 .47 6.33
v -.72 .25 6.28
v -.73 .47 6.33
v -.66 .26 6.24
v -.65 .49 6.28
v -.53 .31 6.05
v -.52 .53 6.09
v -.4 .16 6.65
v -.18 .26 6.23
v -.28 .2 6.49
v -.2 .42 5.59
v -.17 .25 6.33
v -.07 .29 6.16
v -.16 .47 6.37
v -.4 .36 5.86
v .08 .36 5.88
v -.41 .58 5.93
v -.31 .4 5.72
v -.23 .43 5.59
v .03 .33 6.01
v .13 .38 5.81
v .00 .42 5.61
v .2 .41 5.67
v .24 .43 5.59
v .2 .65 5.65
v .00 .65 5.66
v 1.04 .12 7.74
v .72 .14 7.64
v .72 .23 7.3
v .98 .23 7.29
v 1.32 .18 7.43
v 1.18 .19 7.44
v 1.53 .16 7.48
v 1.43 .17 7.44
v 1.26 .18 7.4
v 1.21 .23 7.24
v 1.21 .21 7.34
v 1.31 .3 6.95
v 1.07 .34 6.81
v 1.12 .32 6.89
v 1.08 .37 6.69
v 1.15 .4 6.54
v 1.24 .43 6.41
v 1.72 .16 7.41
v 1.47 .29 6.96
v 1.55 .38 6.58
v 1.9 .28 6.91
v 1.62 .38 6.55
v 1.68 .37 6.58
v 1.74 .36 6.59
v 1.2 .42 6.5
v 1.37 .45 6.31
v 1.64 .41 6.44
v 1.69 .43 6.35
v 1.41 .46 6.26
v 1.53 .47 6.18
v 2.08 .17 7.34
v 2.3 .18 7.21
v 2.53 .25 6.8
v 1.83 .35 6.64
v 1.85 .35 6.59
v 1.69 .48 6.09
v 1.92 .49 5.97
v 1.7 .49 6.12
v 1.95 .5 5.98
v 2.48 .21 6.99
v 2.49 .23 6.89
v 2.44 .24 6.85
v 2.49 .19 7.08
v 2.71 .32 6.45
v 2.36 .25 6.85
v 2.56 .33 6.48
v 2.53 .33 6.46
v 2.42 .44 6.04
v 2.34 .45 6.04
v 2.09 .5 5.89
v 2.46 .5 5.78
v 3.02 .22 6.76
v 2.78 .31 6.44
v 2.99 .28 6.48
v 2.52 .43 6.04
v 2.63 .39 6.17
v 2.62 .42 6.05
v 3.72 .14 6.76
v 3.06 .43 5.8
v 2.97 .45 5.71
v 2.88 .47 5.7
v 2.8 .48 5.69
v 3.75 .18 6.55
v 3.77 .22 6.35
v 3.79 .23 6.29
v 3.8 .28 6.08
v 3.78 .26 6.14
v 3.79 .35 5.71
v 4.27 .13 6.46
v 4.55 .11 6.34
v 3.84 .32 5.84
v 4.37 .2 6.07
v 4.41 .19 6.04
v 4.25 .26 5.87
v 4.27 .31 5.59
v 3.84 .41 5.42
v 3.76 .48 5.11
v 5.3 .12 5.7
v 4.68 .16 6.05
v 4.21 .36 5.43
v 4.26 .34 5.41
v 4.14 .45 4.97
v 4.17 .46 4.87
v 4.12 .47 4.86
v 4.08 .49 4.79
v 5.27 .22 5.22
v 5.17 .21 5.34
v 5.19 .23 5.22
v 4.51 .44 4.69
v 4.28 .48 4.72
v 5.17 .28 4.95
v 5.08 .34 4.62
v 4.8 .43 4.43
v 4.47 .5 4.41
v 4.48 .5 4.43
v 4.63 .5 4.21
v 5.14 .33 4.69
v 4.95 .49 3.95
v 5.57 .27 4.53
v 5.53 .31 4.36
v 5.02 .38 4.49
v 5.48 .34 4.23
v 4.94 .41 4.43
v 4.76 .5 4.06
v 6.29 .15 4.34
v 6.04 .22 4.25
v 5.97 .24 4.17
v 5.89 .28 4.02
v 5.23 .43 3.94
v 5.16 .45 3.91
v 5.06 .47 3.92
v 6.19 .18 4.34
v 5.97 .26 4.1
v 6.48 .2 3.77
v 5.81 .32 3.83
v 5.82 .34 3.77
v 5.77 .35 3.7
v 5.75 .37 3.6
v 5.73 .39 3.45
v 6.79 .16 3.44
v 6.8 .16 3.49
v 6.3 .25 3.62
v 6.16 .3 3.54
v 6.23 .28 3.5
v 6.1 .34 3.29
v 5.73 .41 3.34
v 6.02 .38 3.06
v 5.72 .43 3.19
v 5.73 .47 2.88
v 6.37 .34 2.69
v 5.99 .42 2.69
v 5.97 .42 2.82
v 5.78 .49 2.53
v 5.74 .48 2.7
v 6.96 .19 2.89
v 6.93 .2 2.69
v 6.95 .21 2.68
v 5.83 .5 2.4
v 6.01 .5 1.85
v 7.09 .22 2.05
v 7.02 .25 1.95
v 6.97 .25 2.03
v 6.42 .38 2.01
v 6.58 .34 2.1
v 6.36 .41 1.92
v 6.31 .41 2
v 5.98 .5 1.86
v 6.77 .32 1.66
v 6.66 .36 1.55
v 6.06 .5 1.73
v 6.4 .42 1.45
v 6.23 .47 1.54
v 6.14 .48 1.61
v 7.57 .13 1.6
v 7.48 .16 1.5
v 7.37 .19 1.39
v 7.71 .13 1.03
v 7.35 .2 1.32
v 7.22 .23 1.23
v 7.08 .27 1.09
v 7.64 .14 .93
v 7.46 .19 .76
v 6.93 .32 .92
v 7.25 .25 .64
v 7.31 .23 .64
v 6.95 .31 .97
v 6.78 .36 .82
v 6.63 .4 .64
v 6.46 .44 .57
v 6.62 .4 .69
v 7.13 .28 .49
v 6.93 .33 .37
v 6.77 .37 .2
v 6.28 .49 .42
v 6.32 .48 .48
v 7.72 .13 -.21
v 6.64 .41 .02
v 6.37 .48 .07
v 6.44 .46 -.01
v 6.33 .49 -.29
v 7.56 .18 -.35
v 7.39 .22 -.46
v 7.25 .25 -.52
v 7.21 .26 -.56
v 7.04 .3 -.67
v 6.5 .44 -.61
v 6.26 .49 -.43
v 7.33 .22 -1.02
v 7.39 .2 -1.03
v 7.16 .25 -1.14
v 6.84 .35 -.84
v 7.04 .29 -1.17
v 6.65 .39 -.8
v 6.59 .4 -.78
v 6.57 .42 -.81
v 6.21 .5 -.84
v 6.52 .4 -1.39
v 6.22 .48 -1.22
v 6.29 .46 -1.34
v 6.19 .49 -1.1
v 6.24 .47 -1.28
v 6.87 .29 -1.89
v 6.95 .27 -1.86
v 6.73 .32 -1.93
v 6.62 .34 -1.99
v 6.45 .37 -2.05
v 6.87 .25 -2.4
v 7.08 .18 -2.58
v 6.93 .22 -2.44
v 6.8 .26 -2.44
v 6.19 .42 -2.24
v 6.66 .29 -2.48
v 6.53 .32 -2.51
v 6.31 .4 -2.13
v 6.01 .45 -2.38
v 7.02 .17 -2.97
v 6.89 .17 -3.18
v 6.37 .35 -2.55
v 6.34 .36 -2.54
v 6.19 .39 -2.61
v 5.91 .47 -2.51
v 6.85 .13 -3.57
v 6.75 .15 -3.66
v 6.8 .18 -3.29
v 6.58 .21 -3.49
v 6.44 .23 -3.53
v 5.78 .44 -2.97
v 5.61 .49 -2.85
v 6.28 .22 -3.94
v 6.32 .26 -3.56
v 5.64 .44 -3.24
v 5.39 .5 -3.2
v 6.13 .24 -3.99
v 5.55 .43 -3.52
v 5.27 .44 -3.81
v 5.23 .49 -3.51
v 5.21 .47 -3.68
v 5.86 .17 -4.78
v 5.4 .38 -3.97
v 5.82 .12 -5.16
v 5.28 .24 -5.08
v 5.56 .26 -4.65
v 5.41 .29 -4.57
v 4.87 .39 -4.61
v 5.2 .33 -4.55
v 5.04 .36 -4.55
v 4.9 .39 -4.57
v 5.35 .18 -5.34
v 5.36 .17 -5.41
v 4.94 .17 -5.79
v 5.06 .29 -5
v 4.69 .36 -4.95
v 4.76 .34 -5.03
v 4.76 .41 -4.6
v 4.64 .43 -4.63
v 4.46 .45 -4.67
v 4.09 .48 -4.84
v 4.26 .47 -4.76
v 4.33 .3 -5.61
v 4.69 .35 -5
v 4.24 .34 -5.5
v 4.4 .4 -4.98
v 4.25 .42 -5.02
v 4.39 .42 -4.93
v 3.99 .49 -4.88
v 3.87 .5 -4.98
v 4.88 .12 -6.07
v 4.64 .14 -6.18
v 4.61 .19 -5.97
v 4.59 .19 -5.93
v 4.32 .23 -5.93
v 4.46 .21 -5.94
v 3.85 .34 -5.75
v 3.95 .46 -5.11
v 3.56 .5 -5.14
v 4.23 .25 -5.91
v 3.78 .25 -6.21
v 4.09 .19 -6.28
v 3.93 .21 -6.27
v 4 .21 -6.26
v 4.18 .25 -5.92
v 3.55 .31 -6.1
v 3.81 .35 -5.71
v 3.65 .39 -5.61
v 3.69 .37 -5.7
v 3.67 .43 -5.4
v 3.63 .44 -5.42
v 3.29 .49 -5.37
v 3.79 .13 -6.76
v 3.66 .16 -6.69
v 3.59 .18 -6.67
v 3.55 .29 -6.13
v 3.36 .35 -6
v 3.21 .38 -5.92
v 3.21 .47 -5.55
v 3.12 .43 -5.74
v 3.14 .46 -5.6
v 3.21 .48 -5.48
v 3.03 .13 -7.17
v 2.96 .17 -7.01
v 2.82 .19 -6.96
v 2.29 .49 -5.88
v 2.26 .5 -5.88
v 2.44 .17 -7.18
v 2.22 .22 -7.06
v 2.17 .24 -6.98
v 2.3 .32 -6.59
v 2.42 .31 -6.6
v 2.26 .35 -6.48
v 2.14 .38 -6.38
v 2.03 .41 -6.3
v 2.08 .43 -6.21
v 1.9 .44 -6.24
v 1.69 .49 -6.1
v 2.07 .13 -7.5
v 2.02 .18 -7.31
v 2.02 .28 -6.87
v 1.9 .3 -6.81
v 1.87 .32 -6.74
v 1.69 .36 -6.62
v 1.79 .33 -6.71
v 1.73 .36 -6.61
v 1.46 .42 -6.41
v 1.35 .14 -7.57
v 1.26 .18 -7.47
v 1.43 .12 -7.64
v 1.19 .47 -6.26
v 1.17 .44 -6.41
v 1.16 .48 -6.23
v 1.35 .49 -6.17
v .86 .5 -6.24
v .71 .39 -6.69
v .88 .44 -6.46
v .79 .42 -6.53
v .39 .35 -6.84
v .39 .36 -6.8
v .7 .43 -6.51
v .42 .49 -6.28
v .25 .4 -6.65
v .21 .46 -6.42
v .47 .5 -6.24
v .26 .48 -6.33
v .21 .41 -6.63
v .17 .43 -6.51
v -.37 .12 -7.76
v -.58 .17 -7.53
v -.44 .15 -7.66
v -.46 .13 -7.74
v -1.05 .13 -7.71
v -1.01 .17 -7.5
v -1.03 .18 -7.52
v -2.07 .13 -7.5
v -1.21 .18 -7.47
v -1.28 .2 -7.36
v -1.32 .23 -7.22
v -1.34 .23 -7.22
v -1.46 .27 -7.05
v -1.4 .27 -7.04
v -1.48 .31 -6.85
v -1.55 .43 -6.36
v -1.1 .43 -6.45
v -1.14 .44 -6.41
v -1.18 .48 -6.23
v -1.23 .49 -6.17
v -1.93 .18 -7.31
v -2 .17 -7.3
v -1.85 .19 -7.3
v -2.03 .17 -7.33
v -1.55 .32 -6.83
v -1.89 .22 -7.15
v -1.89 .25 -7.05
v -1.64 .37 -6.61
v -1.93 .29 -6.86
v -1.55 .36 -6.66
v -1.69 .44 -6.31
v -1.61 .39 -6.51
v -1.69 .49 -6.1
v -2.11 .37 -6.46
v -2.06 .38 -6.44
v -2.25 .41 -6.23
v -2.14 .46 -6.06
v -2.09 .49 -5.92
v -2.13 .49 -5.92
v -2.16 .46 -6
v -2.93 .17 -7
v -2.87 .13 -7.23
v -2.85 .18 -7.03
v -2.45 .43 -6.06
v -2.24 .46 -6.03
v -2.43 .49 -5.84
v -2.6 .5 -5.7
v -2.3 .47 -5.94
v -2.48 .49 -5.84
v -3.3 .34 -6.02
v -2.95 .37 -6.13
v -3.35 .36 -5.97
v -2.9 .4 -6.01
v -2.84 .41 -5.95
v -2.74 .45 -5.89
v -2.88 .42 -5.94
v -3.88 .13 -6.68
v -3.76 .19 -6.51
v -3.8 .19 -6.52
v -3.76 .23 -6.32
v -3.35 .42 -5.69
v -3.19 .48 -5.52
v -2.94 .5 -5.53
v -3.12 .49 -5.5
v -3.86 .26 -6.1
v -3.8 .26 -6.14
v -3.92 .29 -5.92
v -4.08 .31 -5.73
v -4.34 .17 -6.17
v -4.29 .19 -6.15
v -4.31 .17 -6.27
v -4.42 .17 -6.16
v -4.68 .16 -6.06
v -4.26 .21 -6.09
v -4.26 .23 -5.96
v -4.22 .22 -6.07
v -4.04 .31 -5.75
v -4.3 .25 -5.85
v -4.38 .27 -5.72
v -4.3 .32 -5.52
v -4.26 .32 -5.52
v -3.83 .41 -5.41
v -3.89 .43 -5.27
v -3.87 .43 -5.24
v -3.99 .46 -5.06
v -3.94 .46 -5.1
v -4.02 .47 -4.95
v -4.85 .17 -5.83
v -4.94 .18 -5.73
v -5.13 .16 -5.67
v -5.07 .2 -5.49
v -4.68 .29 -5.35
v -4.74 .3 -5.26
v -4.25 .38 -5.24
v -4.26 .42 -5.05
v -4.33 .43 -4.89
v -4.36 .45 -4.8
v -4.1 .49 -4.82
v -5.32 .12 -5.69
v -5.22 .13 -5.67
v -5.24 .14 -5.64
v -5.12 .25 -5.17
v -4.89 .34 -4.89
v -5.06 .28 -5.05
v -4.59 .45 -4.6
v -4.7 .44 -4.48
v -4.44 .5 -4.42
v -5.63 .17 -5.06
v -5.6 .17 -5.11
v -5.88 .12 -5.09
v -5.53 .23 -4.82
v -5.53 .21 -4.95
v -4.99 .34 -4.76
v -4.75 .5 -4.12
v -5 .36 -4.64
v -4.95 .4 -4.46
v -4.79 .43 -4.43
v -4.86 .42 -4.42
v -4.88 .44 -4.34
v -4.84 .49 -4.02
v -5.83 .16 -4.89
v -5.38 .34 -4.38
v -5.08 .47 -3.92
v -5.32 .38 -4.18
v -5.15 .44 -3.92
v -6.16 .3 -3.47
v -5.76 .49 -2.62
v -6.17 .3 -3.44
v -6.63 .25 -3.05
v -5.51 .49 -3.05
v -5.51 .48 -3.09
v -6.7 .25 -2.87
v -6.58 .25 -3.01
v -6.64 .27 -2.73
v -5.74 .49 -2.58
v -6.89 .24 -2.48
v -6.59 .29 -2.6
v -6.54 .32 -2.44
v -6.39 .41 -1.79
v -6.47 .35 -2.23
v -6.41 .38 -2.08
v -6.74 .31 -2.01
v -6.34 .41 -1.89
v -6.22 .46 -1.62
v -7.51 .14 -1.63
v -7.55 .14 -1.63
v -7.44 .16 -1.55
v -7.37 .18 -1.48
v -7.39 .19 -1.45
v -7.3 .21 -1.39
v -6.53 .39 -1.51
v -6.15 .48 -1.51
v -6.12 .5 -1.41
v -7.55 .17 -1.03
v -7.65 .14 -1.17
v -7.23 .22 -1.33
v -7.25 .23 -1.31
v -7.16 .25 -1.25
v -7.09 .27 -1.18
v -7.1 .27 -1.16
v -7.01 .29 -1.11
v -6.94 .31 -1.04
v -6.82 .35 -.89
v -6.71 .37 -.84
v -6.87 .33 -.97
v -6.36 .45 -1.19
v -7.7 .14 -.52
v -7.19 .26 -.76
v -6.99 .31 -.6
v -6.32 .48 -.5
v -6.41 .47 -.15
v -6.55 .42 -.71
v -6.39 .46 -.59
v -7.63 .16 .07
v -7.62 .16 -.44
v -7.52 .18 -.39
v -7.77 .13 -.04
v -7.29 .24 -.21
v -7.46 .2 -.31
v -7.36 .22 -.26
v -7.3 .24 -.18
v -7.2 .26 -.14
v -7.13 .28 -.09
v -7.13 .29 -.05
v -7.04 .31 -.02
v -6.96 .32 .03
v -6.66 .4 -.3
v -6.6 .41 -.21
v -6.55 .44 -.07
v -6.35 .47 -.19
v -6.33 .48 -.01
v -6.33 .49 .05
v -7.46 .2 .18
v -7.28 .24 .3
v -7.15 .28 .34
v -6.93 .33 .51
v -6.97 .33 .05
v -6.87 .35 .09
v -6.68 .4 .23
v -6.62 .4 .21
v -6.57 .42 .2
v -6.26 .5 .2
v -6.24 .5 .47
v -7.59 .16 .65
v -7.59 .16 .73
v -7.5 .18 .71
v -7.42 .2 .76
v -7.33 .22 .81
v -7.24 .24 .86
v -7.13 .27 .95
v -7.15 .26 .91
v -7.07 .28 .95
v -6.78 .36 .59
v -6.51 .43 .85
v -6.48 .44 .69
v -6.37 .47 .8
v -6.28 .49 .58
v -6.36 .46 .71
v -7.56 .15 1.17
v -7.36 .21 1.23
v -7.15 .24 1.36
v -7.12 .26 1.33
v -6.97 .31 1
v -6.89 .33 1.05
v -6.78 .35 1.08
v -6.57 .4 1.23
v -6.46 .43 .96
v -6.52 .41 1.17
v -6.39 .45 1.15
v -6.16 .5 1.12
v -6.11 .51 1.31
v -6.74 .34 1.49
v -6.4 .41 1.65
v -6.28 .45 1.66
v -6.13 .49 1.53
v -7.3 .18 2.02
v -7.4 .13 2.38
v -7.36 .16 2.1
v -7.18 .2 1.95
v -7.07 .23 1.93
v -6.91 .27 1.98
v -6.97 .26 1.94
v -6.74 .31 2.01
v -6.47 .36 2.1
v -6.45 .37 2.14
v -6.37 .38 2.17
v -7.04 .18 2.66
v -6.92 .23 2.49
v -7.07 .18 2.63
v -7.01 .17 2.99
v -6.72 .27 2.54
v -6.32 .36 2.6
v -6.53 .31 2.58
v -6.28 .4 2.22
v -6.14 .42 2.32
v -5.92 .46 2.54
v -6.04 .44 2.42
v -5.93 .45 2.51
v -6.86 .16 3.23
v -6.96 .12 3.49
v -6.72 .18 3.39
v -6.83 .17 3.3
v -5.97 .42 2.82
v -5.75 .48 2.67
v -5.74 .48 2.72
v -6.83 .13 3.65
v -6.65 .15 3.83
v -6.62 .19 3.54
v -6.31 .24 3.71
v -6.51 .21 3.56
v -6.42 .22 3.61
v -6.33 .24 3.64
v -5.7 .44 3.11
v -5.63 .49 2.82
v -5.5 .5 2.99
v -5.55 .5 2.96
v -6.54 .17 3.91
v -6.14 .22 4.11
v -6.26 .26 3.66
v -5.95 .26 4.14
v -5.56 .43 3.47
v -5.16 .47 3.77
v -5.28 .5 3.36
v -5.67 .31 4.16
v -5.38 .37 4.13
v -5.17 .45 3.89
v -6.08 .13 4.83
v -6 .15 4.8
v -5.78 .19 4.79
v -5.58 .23 4.77
v -5.71 .12 5.3
v -5.23 .42 4.01
v -5.51 .16 5.27
v -5.31 .21 5.22
v -5.25 .29 4.79
v -5.37 .27 4.75
v -5.17 .31 4.72
v -4.98 .36 4.69
v -4.7 .41 4.71
v -4.78 .4 4.66
v -5.07 .26 5.19
v -4.66 .35 5.08
v -4.91 .28 5.17
v -4.62 .34 5.1
v -4.25 .43 5.01
v -4.59 .44 4.61
v -4.32 .5 4.57
v -4.39 .48 4.56
v -4.46 .37 5.08
v -4.33 .39 5.09
v -4.2 .41 5.11
v -4.09 .42 5.15
v -4.12 .46 4.92
v -4.09 .46 4.95
v -4.11 .47 4.88
v -4 .47 5
v -4.68 .15 6.12
v -4.63 .16 6.04
v -4.32 .12 6.48
v -4.43 .21 5.98
v -3.75 .35 5.76
v -3.95 .31 5.8
v -3.99 .43 5.19
v -3.83 .43 5.27
v -3.74 .49 5.07
v -3.61 .5 5.14
v -3.5 .5 5.18
v -4.2 .14 6.44
v -4.07 .18 6.35
v -4.06 .17 6.39
v -3.56 .3 6.14
v -3.85 .33 5.76
v -3.72 .36 5.7
v -3.62 .39 5.61
v -3.54 .43 5.53
v -3.26 .5 5.35
v -3.2 .5 5.43
v -3.5 .3 6.14
v -3.33 .34 6.05
v -3.19 .37 5.98
v -3.06 .4 5.88
v -2.99 .46 5.7
v -3.04 .48 5.57
v -3.11 .49 5.48
v -3.04 .12 7.22
v -3.27 .18 6.77
v -3.28 .16 6.91
v -3.21 .21 6.66
v -3.14 .24 6.59
v -3.03 .27 6.5
v -2.81 .32 6.37
v -2.6 .37 6.29
v -2.7 .35 6.32
v -2.62 .25 6.81
v -2.59 .24 6.83
v -2.45 .28 6.71
v -2.29 .32 6.59
v -2.6 .37 6.27
v -2.18 .36 6.47
v -2.46 .39 6.21
v -2.15 .44 6.13
v -2.3 .16 7.25
v -2.02 .17 7.31
v -2.63 .16 7.17
v -2.03 .17 7.35
v -2.14 .35 6.49
v -1.98 .39 6.41
v -2.06 .45 6.13
v -1.71 .48 6.12
v -1.83 .41 6.37
v -1.93 .46 6.1
v -1.78 .15 7.47
v -1.69 .2 7.26
v -1.47 .22 7.23
v -1.44 .45 6.31
v -1.59 .49 6.09
v -1.45 .5 6.09
v -1.26 .5 6.13
v -1.29 .5 6.11
v -1.13 .15 7.57
v -1.23 .14 7.63
v -1.18 .31 6.9
v -1.05 .42 6.49
v -1.1 .43 6.44
v -.9 .49 6.25
v -.98 .2 7.42
v -.98 .21 7.37
v -.75 .29 7.1
v -.56 .34 6.87
v -.75 .47 6.36
v -.4 .56 6.01
v -.43 .37 6.74
v -.27 .43 6.53
v -.3 .44 6.51
v -.07 .53 6.17
v -.3 .62 5.76
v -.22 .65 5.65
v -.09 .65 5.69
v -.06 .51 6.21
v .03 .55 6.05
v .11 .59 5.91
v .24 .65 5.65
# 2602 vertices

s off

usemtl Object

f 1 14 13
f 2 14 16
f 1 13 18
f 1 18 20
f 1 20 17
f 2 16 23
f 3 15 25
f 4 19 27
f 5 21 29
f 6 22 31
f 2 23 26
f 3 25 28
f 4 27 30
f 5 29 32
f 6 31 24
f 7 33 38
f 8 34 40
f 9 35 41
f 10 36 42
f 11 37 39
f 39 42 12
f 39 37 42
f 37 10 42
f 42 41 12
f 42 36 41
f 36 9 41
f 41 40 12
f 41 35 40
f 35 8 40
f 40 38 12
f 40 34 38
f 34 7 38
f 38 39 12
f 38 33 39
f 33 11 39
f 24 37 11
f 24 31 37
f 31 10 37
f 32 36 10
f 32 29 36
f 29 9 36
f 30 35 9
f 30 27 35
f 27 8 35
f 28 34 8
f 28 25 34
f 25 7 34
f 26 33 7
f 26 23 33
f 23 11 33
f 31 32 10
f 31 22 32
f 22 5 32
f 29 30 9
f 29 21 30
f 21 4 30
f 27 28 8
f 27 19 28
f 19 3 28
f 25 26 7
f 25 15 26
f 15 2 26
f 23 24 11
f 23 16 24
f 16 6 24
f 17 22 6
f 17 20 22
f 20 5 22
f 20 21 5
f 20 18 21
f 18 4 21
f 18 19 4
f 18 13 19
f 13 3 19
f 16 17 6
f 16 14 17
f 14 1 17
f 13 15 3
f 13 14 15
f 14 2 15
f 45 44 46
f 44 45 48
f 48 45 47
f 47 46 49
f 50 54 55
f 51 56 50
f 56 57 50
f 67 65 66
f 70 68 69
f 71 69 72
f 78 77 81
f 80 77 79
f 80 79 82
f 88 89 90
f 93 94 96
f 101 102 104
f 110 111 112
f 117 115 116
f 201 118 119
f 122 121 123
f 124 121 125
f 126 123 124
f 130 128 131
f 133 130 131
f 136 138 140
f 204 138 134
f 135 134 141
f 211 141 142
f 138 141 134
f 143 137 139
f 137 144 138
f 145 144 143
f 142 141 146
f 143 139 214
f 149 150 144
f 148 146 150
f 219 148 150
f 154 152 153
f 155 152 220
f 153 152 155
f 217 156 157
f 158 149 154
f 158 156 149
f 158 157 156
f 223 157 159
f 164 162 163
f 228 173 174
f 175 174 176
f 183 231 181
f 183 181 182
f 186 187 188
f 191 189 190
f 48 251 43
f 251 48 49
f 52 50 55
f 53 192 193
f 192 197 193
f 58 193 194
f 194 193 195
f 193 197 195
f 195 197 196
f 62 55 61
f 62 197 55
f 65 62 63
f 73 71 74
f 81 80 82
f 78 81 82
f 586 83 84
f 92 91 93
f 96 94 98
f 104 105 106
f 108 110 199
f 199 110 112
f 112 113 114
f 201 116 118
f 202 129 130
f 203 129 202
f 205 134 135
f 214 139 209
f 140 206 207
f 208 204 210
f 204 213 210
f 205 135 141
f 145 143 212
f 147 145 212
f 213 211 142
f 209 210 214
f 213 205 211
f 215 210 213
f 216 213 148
f 217 219 156
f 220 151 147
f 215 220 147
f 220 215 155
f 155 215 218
f 221 153 155
f 223 217 157
f 222 218 224
f 224 223 160
f 225 162 164
f 226 170 171
f 227 228 174
f 231 180 181
f 232 2545 185
f 232 185 186
f 234 189 191
f 235 236 237
f 238 240 1858
f 240 238 239
f 246 238 235
f 241 246 235
f 240 239 242
f 235 237 244
f 241 243 245
f 245 243 244
f 43 242 246
f 246 44 43
f 252 247 248
f 254 253 247
f 252 254 247
f 249 247 253
f 254 1865 253
f 255 1867 254
f 261 260 1869
f 262 263 260
f 260 269 257
f 261 1869 1871
f 263 262 264
f 247 265 246
f 265 46 44
f 266 281 247
f 269 268 259
f 295 270 271
f 263 273 269
f 278 274 291
f 273 300 278
f 279 277 274
f 281 282 265
f 265 282 308
f 285 284 281
f 287 289 283
f 271 270 290
f 269 290 270
f 291 290 269
f 292 294 296
f 275 297 291
f 297 290 291
f 297 293 290
f 297 320 293
f 298 320 297
f 299 298 297
f 280 300 303
f 300 301 304
f 284 308 282
f 285 310 284
f 308 284 311
f 313 311 314
f 312 311 284
f 316 317 310
f 319 317 316
f 317 312 284
f 289 315 285
f 293 318 294
f 293 317 318
f 1901 294 318
f 318 319 1901
f 320 317 293
f 320 312 317
f 324 323 327
f 323 326 327
f 327 326 1904
f 307 325 302
f 328 347 307
f 329 314 311
f 314 329 330
f 331 329 312
f 336 320 334
f 335 332 312
f 335 337 332
f 337 333 332
f 335 336 338
f 320 321 1903
f 325 339 326
f 343 340 342
f 339 340 341
f 342 340 344
f 353 344 340
f 1911 326 339
f 307 339 325
f 347 353 339
f 348 349 347
f 355 354 344
f 356 355 344
f 353 356 344
f 353 1916 357
f 59 359 58
f 359 64 57
f 360 67 64
f 361 362 359
f 362 360 359
f 362 361 363
f 363 367 362
f 360 369 366
f 1926 369 370
f 360 370 369
f 368 369 372
f 367 373 360
f 373 374 360
f 377 376 374
f 374 371 391
f 371 375 379
f 367 365 383
f 383 384 367
f 384 373 367
f 386 384 383
f 386 383 387
f 386 385 384
f 385 386 389
f 370 69 68
f 391 370 360
f 371 390 391
f 393 394 391
f 392 72 69
f 390 371 379
f 396 393 390
f 384 400 373
f 385 400 384
f 400 398 373
f 403 399 400
f 398 1931 382
f 400 1937 398
f 401 402 400
f 399 401 400
f 403 404 399
f 405 401 399
f 405 406 401
f 408 409 404
f 1941 1940 408
f 413 435 392
f 414 392 415
f 417 413 394
f 74 72 1934
f 72 414 1934
f 414 415 1934
f 1934 415 434
f 418 416 413
f 1943 419 418
f 424 422 404
f 405 422 426
f 422 424 427
f 409 423 404
f 428 423 409
f 423 429 424
f 429 425 424
f 423 430 429
f 433 431 423
f 435 415 392
f 437 436 435
f 453 439 416
f 436 437 440
f 419 1943 1944
f 438 1944 441
f 442 453 416
f 444 442 443
f 447 446 448
f 448 461 449
f 449 447 448
f 1945 446 450
f 449 1959 451
f 429 446 425
f 430 462 429
f 440 437 454
f 455 454 437
f 439 455 437
f 457 455 439
f 458 456 455
f 459 1955 458
f 445 453 444
f 453 457 439
f 461 462 453
f 462 457 453
f 452 463 430
f 465 466 1961
f 467 1968 468
f 469 468 1962
f 470 469 1964
f 472 471 457
f 476 474 472
f 476 1965 474
f 460 475 476
f 466 477 1961
f 477 479 480
f 467 479 478
f 479 75 481
f 479 77 75
f 481 75 76
f 469 482 467
f 482 479 467
f 482 486 479
f 470 482 469
f 484 482 470
f 484 485 482
f 485 483 482
f 1973 485 484
f 479 486 77
f 487 488 486
f 486 489 77
f 488 490 486
f 486 490 489
f 483 493 486
f 492 487 486
f 496 495 492
f 493 496 492
f 494 497 493
f 492 498 487
f 500 502 501
f 501 1978 494
f 485 499 483
f 508 507 504
f 507 510 506
f 506 511 505
f 509 510 507
f 512 504 500
f 512 508 504
f 1976 514 490
f 502 520 503
f 500 519 502
f 504 519 500
f 519 520 502
f 505 521 504
f 523 509 508
f 526 525 523
f 1983 509 527
f 523 527 509
f 1990 529 528
f 514 530 489
f 531 515 489
f 531 533 515
f 535 536 532
f 518 532 530
f 535 1992 537
f 519 539 520
f 521 541 519
f 543 542 521
f 526 544 525
f 525 544 546
f 548 549 529
f 549 545 526
f 551 552 533
f 552 551 554
f 555 554 551
f 553 555 551
f 553 556 555
f 559 571 536
f 571 553 536
f 541 572 519
f 561 541 542
f 561 542 563
f 545 565 564
f 567 566 2002
f 549 568 545
f 549 576 568
f 570 576 549
f 539 572 573
f 580 579 578
f 579 2005 578
f 584 585 577
f 2006 2009 576
f 588 587 2010
f 588 589 586
f 589 590 586
f 591 588 2012
f 591 589 588
f 591 592 589
f 592 591 593
f 593 591 2016
f 594 85 83
f 590 594 83
f 592 597 590
f 597 595 590
f 598 2018 596
f 593 597 592
f 597 599 595
f 599 598 595
f 599 600 598
f 597 593 601
f 601 593 2022
f 602 601 2023
f 601 599 597
f 602 599 601
f 602 2026 603
f 600 605 598
f 605 2021 604
f 608 609 600
f 609 611 606
f 607 608 600
f 612 610 608
f 599 603 607
f 607 612 608
f 615 630 607
f 607 603 2031
f 618 617 615
f 619 86 620
f 619 87 86
f 620 87 619
f 88 621 620
f 87 621 622
f 622 623 87
f 625 612 607
f 626 628 612
f 616 625 607
f 630 616 607
f 633 625 616
f 623 636 87
f 636 89 87
f 622 637 623
f 637 622 639
f 640 636 637
f 642 640 637
f 640 642 643
f 640 656 636
f 643 642 645
f 628 626 646
f 646 647 648
f 648 647 666
f 628 646 649
f 646 648 650
f 648 666 669
f 651 652 627
f 652 626 627
f 652 647 626
f 635 627 632
f 655 653 654
f 653 655 636
f 656 654 636
f 657 2045 656
f 659 657 656
f 662 658 643
f 663 658 662
f 666 647 665
f 658 663 667
f 668 652 658
f 669 665 2050
f 665 667 2050
f 652 668 647
f 672 661 660
f 652 674 659
f 674 675 659
f 676 673 672
f 675 676 672
f 678 676 675
f 679 678 674
f 677 679 674
f 680 679 677
f 679 680 681
f 652 677 674
f 671 682 670
f 2057 677 682
f 688 686 687
f 690 683 684
f 692 691 693
f 692 693 694
f 692 683 690
f 695 686 683
f 697 696 695
f 698 2059 2058
f 696 698 699
f 699 701 696
f 700 714 699
f 714 700 2062
f 689 95 91
f 704 705 702
f 704 706 705
f 708 702 705
f 705 709 708
f 707 2065 706
f 710 712 704
f 712 713 704
f 715 701 714
f 716 723 710
f 702 95 689
f 703 717 702
f 717 733 95
f 733 97 95
f 718 735 717
f 719 717 703
f 2072 2073 717
f 2073 718 717
f 723 724 712
f 724 725 712
f 723 726 724
f 730 731 723
f 735 733 717
f 97 733 734
f 734 736 737
f 735 738 736
f 740 735 718
f 740 741 735
f 741 738 735
f 724 726 745
f 745 726 746
f 727 746 726
f 731 727 723
f 750 751 731
f 752 753 731
f 755 754 737
f 738 755 736
f 738 756 755
f 756 738 757
f 742 758 741
f 758 760 738
f 762 758 742
f 765 763 762
f 765 764 763
f 768 769 766
f 768 767 771
f 768 771 772
f 770 768 773
f 776 770 778
f 751 774 727
f 751 789 774
f 2088 751 750
f 760 759 738
f 764 760 758
f 764 781 760
f 782 781 764
f 785 784 769
f 785 787 784
f 766 784 767
f 788 786 784
f 776 769 770
f 791 769 789
f 2093 790 792
f 796 795 799
f 785 788 787
f 803 802 785
f 803 785 790
f 793 804 803
f 807 806 795
f 809 806 808
f 808 810 2096
f 810 99 100
f 807 795 796
f 812 796 801
f 812 801 814
f 816 812 814
f 815 816 814
f 813 807 816
f 815 818 816
f 2102 820 819
f 813 816 819
f 819 818 2101
f 811 807 821
f 822 821 829
f 823 101 811
f 821 823 811
f 824 851 822
f 827 807 813
f 829 821 826
f 831 830 826
f 834 836 827
f 837 836 834
f 839 838 836
f 841 834 813
f 842 813 843
f 845 841 842
f 847 2116 846
f 813 819 820
f 848 813 820
f 2110 813 848
f 848 820 2103
f 851 853 821
f 852 854 851
f 871 823 821
f 858 837 834
f 858 857 837
f 844 883 841
f 842 862 860
f 864 863 842
f 864 842 843
f 862 865 860
f 850 843 849
f 2112 866 850
f 2112 868 866
f 868 867 843
f 853 871 821
f 870 871 872
f 873 872 871
f 855 870 875
f 880 853 878
f 879 880 878
f 2126 877 869
f 883 858 841
f 885 884 883
f 886 863 864
f 887 888 889
f 891 887 892
f 894 895 893
f 896 864 893
f 895 897 893
f 898 871 880
f 900 899 873
f 901 873 898
f 902 901 898
f 905 857 858
f 898 880 903
f 904 898 903
f 907 882 883
f 908 907 884
f 910 908 909
f 910 909 911
f 912 908 884
f 909 908 913
f 915 889 888
f 910 916 915
f 914 916 918
f 918 911 2140
f 915 888 896
f 920 107 921
f 921 107 108
f 109 107 920
f 921 109 920
f 108 922 921
f 109 922 923
f 923 922 2145
f 923 924 109
f 925 926 923
f 928 902 898
f 882 931 905
f 906 898 904
f 931 930 905
f 934 882 933
f 933 935 934
f 937 910 896
f 935 933 938
f 939 935 938
f 2152 938 941
f 940 896 897
f 940 937 896
f 2153 941 937
f 919 2144 897
f 944 926 925
f 942 944 925
f 943 110 924
f 944 943 926
f 2147 946 925
f 964 944 947
f 947 944 949
f 950 947 949
f 947 950 951
f 945 948 952
f 952 949 945
f 951 956 947
f 959 957 958
f 958 957 961
f 960 962 957
f 962 960 2158
f 963 957 962
f 963 2158 2159
f 964 943 944
f 965 111 943
f 971 964 970
f 972 971 970
f 973 967 966
f 971 973 969
f 956 951 974
f 974 951 2164
f 968 956 974
f 968 974 975
f 975 976 968
f 976 975 977
f 975 974 2164
f 977 975 2166
f 981 978 957
f 981 976 977
f 979 981 977
f 961 957 2168
f 2159 982 963
f 982 983 963
f 984 981 963
f 986 964 966
f 1001 111 965
f 1001 965 986
f 987 1000 986
f 990 972 970
f 990 970 991
f 992 990 991
f 1014 991 984
f 995 994 993
f 991 981 984
f 1014 984 983
f 998 983 982
f 998 997 983
f 1000 1001 986
f 1005 999 987
f 1002 1001 1000
f 1008 1007 996
f 1007 1008 1009
f 995 1007 1011
f 1007 1009 1031
f 1006 996 1014
f 1016 1015 1006
f 1026 1008 1015
f 2185 1035 1016
f 1019 1018 1013
f 1005 1000 999
f 1024 1021 1023
f 1022 1020 1025
f 1009 1026 1027
f 1027 1026 1028
f 1030 1022 1029
f 1026 1030 1029
f 1031 1027 1032
f 1028 1029 2190
f 1037 1015 1035
f 1038 1046 1037
f 1036 1040 1035
f 1040 1038 1035
f 1021 1041 1043
f 1045 1044 1041
f 1045 1042 1047
f 1046 1030 1037
f 1049 1046 1038
f 1039 1049 1038
f 1050 1048 1046
f 1050 1046 1049
f 1052 1045 1047
f 1048 1054 1053
f 1056 1059 1055
f 1057 1059 1056
f 1059 1060 1055
f 1062 1063 1061
f 1065 1063 1062
f 1065 1062 1064
f 1064 1062 2206
f 1060 118 116
f 1069 1066 1067
f 1070 1071 1066
f 1073 1065 1064
f 1069 1067 1073
f 1074 1071 1070
f 1074 1072 1071
f 1075 1072 1074
f 1075 1074 2214
f 1078 1079 1076
f 1079 1080 1077
f 1066 1084 1068
f 1091 1090 1085
f 1089 1093 1091
f 1090 2223 1085
f 1086 1085 2223
f 1072 1088 1066
f 1075 1088 1072
f 1088 1089 1066
f 1095 1089 1088
f 1098 1088 1075
f 1098 1095 1088
f 1099 1089 1095
f 1100 1097 1089
f 1102 1095 1098
f 1102 1099 1095
f 1103 1099 1102
f 1103 1080 1099
f 1104 1100 1099
f 1103 1102 1105
f 1106 1101 1080
f 1107 1081 1082
f 1081 1104 1079
f 1109 1084 1087
f 1109 1087 2222
f 1097 1110 1089
f 1113 1114 1112
f 1117 1114 1116
f 1117 1116 1119
f 1115 1114 1117
f 2236 1117 1119
f 1120 1122 1100
f 1122 1118 1100
f 1122 1121 1118
f 1120 1107 2238
f 1123 1121 1122
f 1068 1124 118
f 1084 1124 1068
f 1084 1126 1124
f 1109 1126 1084
f 1109 1127 1126
f 1118 1130 1116
f 1130 1119 1116
f 1131 1119 1130
f 1134 2244 1131
f 1134 1131 1132
f 1135 1118 1121
f 1123 1120 2238
f 1137 1129 1135
f 1137 1135 2248
f 1137 1138 1129
f 1138 1146 1130
f 1141 1140 1145
f 2250 1142 1165
f 1132 1130 1146
f 1148 1139 1141
f 1147 1144 1148
f 1153 1151 2247
f 1152 1144 1146
f 1151 1152 1138
f 1152 1143 1144
f 1151 1138 2247
f 1157 1156 1158
f 1165 1139 1166
f 1143 1166 1139
f 1168 2252 1167
f 1168 1167 1170
f 1171 1170 1167
f 1169 1171 1143
f 1171 2261 1170
f 2263 1151 1153
f 1152 1169 1143
f 1152 1154 2263
f 122 1161 121
f 1155 121 1161
f 1174 121 1155
f 1164 1174 1160
f 1174 1175 121
f 1177 1174 1164
f 1177 1175 1174
f 1177 1164 2266
f 1180 1181 1179
f 1186 1180 2272
f 1188 127 125
f 1189 1179 1181
f 1176 1189 1181
f 1189 2269 1179
f 2275 1190 1191
f 1178 1192 1175
f 1193 1190 1176
f 1193 1191 1190
f 1192 1193 1175
f 1192 1216 1193
f 1191 1193 1194
f 1216 1194 1193
f 1200 1198 1220
f 1202 1203 1196
f 1203 1198 1196
f 1205 1204 2286
f 1185 1183 1184
f 1185 1209 1183
f 1209 1206 1183
f 1211 1206 1210
f 1213 1211 1210
f 1215 1208 1212
f 1240 1218 1216
f 1195 1240 1216
f 1221 1195 1199
f 1204 1224 1198
f 1224 1225 1220
f 1224 1226 1225
f 1224 1228 1226
f 2296 1226 1229
f 1205 1227 1204
f 1227 1205 2287
f 1232 1230 2298
f 128 129 2299
f 2299 1233 128
f 1234 1235 128
f 1209 1236 1234
f 1235 131 128
f 2300 1210 1234
f 1236 1185 1214
f 1241 1254 1235
f 1214 1208 1215
f 1238 1214 1215
f 1239 1218 1240
f 1240 1242 1239
f 1241 1236 1237
f 1222 1254 1240
f 1243 1218 1239
f 1241 1237 1244
f 1242 1244 2304
f 1245 1221 1223
f 2303 1222 1245
f 1229 1228 1246
f 1231 1246 1228
f 1231 1247 1246
f 2307 1249 1251
f 1231 1277 1247
f 1254 1255 1235
f 1235 132 131
f 1253 132 1235
f 1255 1259 1253
f 1257 1256 1258
f 2310 132 1260
f 1253 1260 132
f 1259 1257 1258
f 1265 1256 1255
f 2311 1266 1267
f 1268 1267 1266
f 1264 1268 1263
f 1270 1284 1268
f 1264 1254 1273
f 1274 1270 1268
f 1279 1278 1280
f 1274 1264 1280
f 1278 2318 2317
f 2317 1277 1278
f 1279 1280 2318
f 1270 1274 1277
f 1281 1270 1252
f 1259 1260 1253
f 2321 1260 1259
f 1283 1267 1282
f 1284 1282 1267
f 1270 1286 1284
f 1270 1290 1286
f 1289 1287 1288
f 1290 1288 1287
f 1292 1293 1290
f 1295 1289 1291
f 1292 1270 1297
f 1292 2323 1299
f 1299 1294 1293
f 2323 2325 1294
f 1301 154 221
f 1302 1300 1301
f 1300 158 154
f 158 1300 1302
f 1304 1302 1303
f 158 1302 1304
f 1304 1303 2331
f 158 161 159
f 1308 161 1309
f 1309 158 1307
f 1307 1310 1309
f 1311 1310 1307
f 1313 158 1312
f 1315 1312 1314
f 1311 1307 1323
f 1312 158 1304
f 1320 1317 1312
f 1318 1321 1320
f 2335 1318 1306
f 2336 1323 1325
f 1325 1307 1322
f 1327 2336 1326
f 1324 1313 1328
f 1327 1326 1329
f 1331 1324 1328
f 1332 1331 2340
f 1333 1329 1322
f 1327 1329 1333
f 1333 1322 1334
f 1330 1324 1331
f 1330 1331 1332
f 1334 1322 1330
f 1336 1333 1335
f 2342 1333 1336
f 1334 1335 1333
f 1336 1335 1337
f 162 1344 1345
f 1347 162 1345
f 1345 1343 2345
f 1349 1337 1334
f 2351 1349 1350
f 1350 1349 1334
f 1352 1334 1340
f 1353 1350 1351
f 1353 1351 1354
f 1352 1354 1351
f 1340 1330 1342
f 1340 1342 2352
f 1355 1352 1340
f 1346 1357 163
f 1346 1358 1357
f 1359 1346 1356
f 1360 1347 1361
f 1356 1347 1360
f 2348 1347 1345
f 1362 1360 1361
f 1363 1360 1362
f 1356 1360 1363
f 1362 1361 2359
f 1363 1362 1364
f 1363 1364 1365
f 1364 2365 1366
f 1367 1354 1352
f 1367 1352 1355
f 1355 1369 1367
f 1355 1368 1369
f 1371 165 1372
f 1372 165 166
f 167 165 1371
f 1372 167 1371
f 166 1373 1372
f 1375 167 1374
f 1378 1356 1379
f 1382 1356 1363
f 1383 1379 1382
f 1384 1383 1382
f 1390 1386 1388
f 1391 1392 1390
f 1375 1374 1399
f 168 167 1375
f 1400 1375 1403
f 1401 169 168
f 1402 168 1400
f 1402 2377 1401
f 1403 1375 1399
f 1403 1399 1404
f 1406 1403 1404
f 1400 1403 1405
f 1404 1399 1407
f 1405 1406 1408
f 1408 1406 2383
f 1409 1382 1389
f 1389 1411 1409
f 1415 1412 1414
f 1416 1410 1396
f 1416 1418 1410
f 1419 1410 1418
f 1421 1419 1420
f 1400 1422 1402
f 1424 1400 1405
f 1425 1423 1400
f 1425 1400 1424
f 1423 2393 1422
f 1426 2393 1425
f 1428 1427 1424
f 1430 1428 1424
f 1430 1424 1429
f 1451 1431 1430
f 1429 1451 1430
f 1428 1431 1427
f 1434 1429 1440
f 1432 1408 2386
f 1414 1413 1436
f 1437 1432 1433
f 1437 1438 1436
f 1433 1432 1439
f 1415 1414 1436
f 1419 1436 1413
f 1441 1419 1421
f 1440 1436 1419
f 1442 1441 2402
f 1445 1443 1444
f 1446 170 1443
f 1443 170 1447
f 1444 1443 2404
f 1445 1444 1448
f 1445 1448 1449
f 1450 1446 1445
f 1448 1444 2406
f 1450 1445 1449
f 1450 1449 2412
f 1452 1429 1434
f 1453 1452 1434
f 1454 1453 1434
f 1453 2396 1452
f 1454 2413 1453
f 1456 1454 1434
f 1459 1458 1434
f 1456 1455 1454
f 2403 1441 1442
f 1457 1434 1440
f 1463 1457 1464
f 1446 1466 172
f 1469 1467 1468
f 1472 2419 1469
f 1468 1446 1450
f 1468 1472 1469
f 1468 1473 1472
f 1474 1468 1471
f 1493 1495 1479
f 1478 1450 1477
f 1488 1471 1478
f 1486 1485 1487
f 1488 1485 1486
f 1489 2427 1484
f 1478 1477 1490
f 1488 1459 1491
f 1471 1493 1479
f 1494 1471 1480
f 1480 1499 1498
f 1498 1496 1497
f 1499 1500 1498
f 1491 1480 1488
f 1480 1502 1499
f 1503 1480 1501
f 2431 1491 2430
f 1505 1491 2431
f 1506 1501 1491
f 1501 1504 1503
f 1510 1509 1511
f 1510 1513 2438
f 1513 1511 1512
f 2437 1513 1514
f 1515 2439 2440
f 1516 1509 1515
f 1512 1511 1516
f 1515 2440 2442
f 1517 1516 1518
f 1520 1516 1517
f 1520 1522 2444
f 1525 1512 1523
f 174 1512 1524
f 1525 1526 1524
f 1527 1512 1520
f 1530 1527 1528
f 1531 1523 1527
f 1531 2447 1523
f 1536 1528 1534
f 2451 1536 1537
f 1534 1537 1536
f 1535 1533 1530
f 1538 1534 1520
f 1539 1534 1538
f 1541 1540 1539
f 1541 1539 1538
f 1521 2454 1542
f 1543 1542 2455
f 176 1545 1548
f 1546 1524 2450
f 1549 1546 2459
f 1551 1550 1538
f 1553 1554 1551
f 1555 1553 1538
f 1555 1538 1557
f 1554 1552 1551
f 1558 1543 1544
f 1558 1544 2458
f 1560 1559 1545
f 2466 1548 1559
f 1564 1547 1563
f 1564 1560 1547
f 1564 1563 1565
f 2470 1562 1566
f 2470 1563 1562
f 1568 1567 1555
f 1570 1568 1569
f 1568 1555 1557
f 1573 1557 1572
f 1599 1557 1573
f 1572 1557 2464
f 1561 1560 1574
f 2467 1561 1574
f 1575 1574 1560
f 2477 1574 1575
f 1577 1564 1565
f 1582 1560 1564
f 1579 1576 1575
f 1578 1576 1579
f 1581 1576 1578
f 1584 1582 1583
f 1582 1585 1586
f 1583 1586 1589
f 1587 1590 1591
f 1584 1587 1595
f 1584 1594 1593
f 1569 1568 1557
f 1600 1599 2475
f 1602 1578 1580
f 1603 1604 1602
f 1605 1603 1580
f 1607 1606 1605
f 1580 1607 1605
f 1609 1580 1612
f 1608 1580 1609
f 1609 1611 1608
f 1596 2482 1612
f 1613 1601 2483
f 1614 177 230
f 177 1614 1615
f 1617 177 1615
f 1617 1615 1618
f 1618 1620 1621
f 1622 1621 1623
f 1624 1611 1609
f 1610 1625 1609
f 1610 2492 1625
f 1625 2485 1624
f 1628 178 1631
f 1629 1627 178
f 1629 178 1628
f 1630 1629 1628
f 179 1626 2491
f 178 1617 1621
f 1643 2493 1630
f 1631 1622 1633
f 1628 1631 1636
f 1633 1634 1635
f 1636 1631 1635
f 1636 1635 1638
f 1639 1638 1640
f 1641 1643 1628
f 1645 1628 1644
f 1644 1647 1646
f 1645 1643 1642
f 1647 2503 1646
f 1644 1628 1636
f 1647 1644 1649
f 1650 1647 1649
f 1650 2504 1647
f 1651 2504 1650
f 1639 1636 1638
f 1648 1644 1636
f 1648 1636 1639
f 1665 1654 2507
f 1656 231 1658
f 1659 1651 1649
f 1663 1649 1661
f 1664 1662 1663
f 1684 1664 1663
f 1662 2510 1660
f 1665 1649 1648
f 1669 1661 1667
f 1668 2515 1666
f 2514 1670 1669
f 1674 180 1656
f 1674 1656 1657
f 1673 1674 1657
f 1674 182 180
f 1673 1657 1672
f 1673 1672 1676
f 1673 1676 1677
f 1676 1672 1678
f 1673 1677 1680
f 1677 1676 1681
f 1701 1683 2522
f 1686 1684 1663
f 1687 1685 1686
f 1688 2524 1687
f 1690 1670 1689
f 1690 1689 2525
f 1690 1686 1670
f 1695 1694 1674
f 183 1674 2519
f 1693 2519 1674
f 2528 1695 2530
f 1692 1674 1673
f 1696 1674 1692
f 1695 1674 1696
f 1697 1695 1696
f 1699 1698 1696
f 1697 2530 1695
f 1692 1673 1680
f 1702 1700 1699
f 1692 1701 1703
f 1704 1692 1703
f 1696 1692 1704
f 1707 1696 1704
f 1703 1701 2533
f 1704 1705 1686
f 1704 1703 1705
f 1707 1686 1690
f 1704 1686 1707
f 1710 1702 1696
f 1710 1712 1702
f 1712 1710 2538
f 1711 1696 1713
f 1711 2538 1710
f 1714 2539 1713
f 1718 1696 1707
f 1713 1696 1718
f 1718 1716 1715
f 1720 1718 1707
f 1720 2542 1718
f 1718 1717 1716
f 1725 1722 1723
f 1725 1723 1724
f 1727 1721 2546
f 1722 1721 1728
f 1723 1722 1729
f 1726 1723 1729
f 1729 1728 1730
f 1729 1730 1731
f 1730 1728 2549
f 1731 1730 2550
f 1731 2550 1732
f 1726 1729 1731
f 1724 1723 1726
f 1735 1724 1734
f 1750 185 1724
f 1736 1735 1734
f 1735 1750 1724
f 2545 1724 184
f 1739 1736 1738
f 1734 1724 1726
f 1740 1741 1734
f 1741 1738 1734
f 1743 1726 1742
f 1744 1740 1726
f 1744 1726 1743
f 1745 1744 1743
f 1746 1745 1743
f 1746 2557 1745
f 1726 1731 1733
f 1742 1726 1733
f 1733 2553 2558
f 1751 1735 1737
f 187 1750 1752
f 1754 1735 1751
f 1753 1750 1735
f 1756 1754 1751
f 187 1752 233
f 1760 1746 1743
f 1761 2566 1760
f 1762 1742 1748
f 1764 1743 1759
f 1765 1764 1759
f 1766 1765 1759
f 2567 1765 2570
f 1768 1762 1767
f 1755 1753 1770
f 1771 1774 1775
f 1772 1774 1771
f 189 234 1776
f 1774 1777 1778
f 1774 1778 2572
f 1770 1771 1775
f 1779 1754 1756
f 2573 1773 1779
f 1780 1773 1782
f 1759 1784 1766
f 1785 1784 1759
f 1785 1786 1784
f 1766 1784 1787
f 1787 1786 1788
f 1791 1762 1790
f 1793 189 1772
f 1795 191 190
f 1793 1795 190
f 1797 1796 1793
f 1797 1793 1794
f 1797 2580 1796
f 1793 1772 1773
f 1799 1793 1773
f 1800 1794 1799
f 1800 1799 1803
f 1802 1801 1804
f 1804 1803 1802
f 1805 1806 1807
f 1817 1810 1809
f 1800 1805 1813
f 1814 1809 1810
f 1816 1785 1762
f 1819 1762 1791
f 1817 1809 1785
f 1822 1821 1820
f 1794 2580 1797
f 1822 1794 1823
f 1823 1824 1822
f 1823 1794 1827
f 1800 1813 1817
f 1830 1823 1827
f 1800 1817 1827
f 1833 1827 1831
f 1830 1832 1834
f 1828 1823 1830
f 1833 1834 1832
f 1830 1834 1836
f 1836 1828 1830
f 1839 1840 1823
f 1828 1836 1845
f 1841 1839 1828
f 1845 1836 1837
f 1841 1828 1845
f 1848 1841 1845
f 1841 1848 1849
f 1846 1839 1841
f 1846 1850 1839
f 1846 1851 1850
f 1852 1846 1841
f 1852 1853 1846
f 2602 1854 1855
f 1856 1855 1852
f 1858 236 238
f 245 244 1859
f 1859 256 241
f 256 252 248
f 1861 253 1865
f 1860 1866 256
f 1862 1861 1867
f 1868 258 259
f 1870 1868 272
f 1869 1870 1871
f 260 258 1870
f 264 262 1872
f 264 1872 1873
f 1873 263 264
f 262 1871 1872
f 1872 1881 1873
f 1863 1857 49
f 1874 267 1864
f 1864 1863 1874
f 1874 1863 1887
f 1863 49 1887
f 1874 281 266
f 1875 259 268
f 272 1875 270
f 1881 1877 1876
f 1876 1877 1890
f 272 295 1877
f 1878 1879 291
f 1879 1880 275
f 1876 1890 1880
f 1879 1876 1880
f 280 1883 279
f 1873 276 263
f 1876 1878 1883
f 1876 1883 1882
f 1878 277 1883
f 303 1884 1883
f 1885 273 276
f 1886 1892 273
f 276 1873 1885
f 1885 1882 1886
f 1886 1882 1894
f 286 287 281
f 46 265 288
f 1874 286 281
f 1887 286 1874
f 287 1888 289
f 295 292 296
f 1877 295 1889
f 295 296 1889
f 1890 1889 1902
f 297 275 1880
f 1891 297 1880
f 1880 1890 1891
f 1891 1890 299
f 304 323 324
f 1884 303 304
f 1882 1884 1894
f 1894 1884 304
f 1892 1893 306
f 1894 304 1905
f 1893 1895 1906
f 308 311 313
f 1887 309 1888
f 309 313 314
f 315 289 1896
f 1896 310 315
f 316 310 1897
f 319 1897 1898
f 289 1888 1899
f 289 1899 1896
f 1896 1899 1889
f 1899 309 314
f 1899 314 1889
f 314 330 1889
f 296 1901 1889
f 299 1890 322
f 1890 1902 322
f 322 1902 1903
f 304 324 1905
f 1906 328 307
f 1906 1895 1907
f 1906 347 328
f 331 330 329
f 1900 330 1910
f 338 334 1909
f 1909 1910 338
f 330 1908 1910
f 1900 1903 1902
f 1909 320 1900
f 339 346 1911
f 341 340 346
f 346 1912 1913
f 1912 343 1913
f 1913 352 1917
f 351 350 348
f 1907 351 347
f 351 1917 350
f 1918 349 350
f 350 1917 1918
f 59 60 1914
f 60 195 1914
f 1915 354 355
f 357 1915 356
f 352 354 1915
f 358 1918 353
f 1917 353 1918
f 1917 1915 1916
f 62 65 1925
f 1919 198 1920
f 198 62 1921
f 1921 62 1922
f 1920 1921 1923
f 1923 1922 364
f 1922 62 1927
f 365 363 364
f 1925 368 372
f 1927 372 1928
f 372 73 1928
f 1928 1935 379
f 378 1929 375
f 378 1928 1929
f 380 1930 378
f 379 1929 1928
f 1931 380 381
f 1931 1930 380
f 1924 1927 1932
f 1927 1930 1932
f 386 388 1933
f 388 1932 411
f 385 1933 411
f 396 397 393
f 397 394 393
f 73 74 1934
f 395 1935 397
f 1937 1931 398
f 402 1937 400
f 1930 1931 1936
f 1936 1931 1937
f 1936 1937 402
f 1936 402 406
f 408 1939 409
f 411 1938 1941
f 1941 412 411
f 1938 1939 1940
f 1938 1940 1941
f 412 410 407
f 417 420 413
f 417 397 420
f 1935 1934 434
f 1935 434 397
f 420 421 413
f 420 397 421
f 421 397 1942
f 427 425 1945
f 406 426 427
f 1939 428 409
f 1939 1938 432
f 432 423 428
f 1946 433 432
f 432 427 1945
f 432 1945 1946
f 433 1946 1951
f 434 436 1942
f 442 441 1947
f 442 1947 443
f 1947 1942 1953
f 1942 440 1953
f 444 443 1948
f 445 1948 1957
f 450 447 1949
f 447 451 1949
f 451 1959 1949
f 1946 450 1951
f 450 1949 1951
f 1952 452 430
f 1950 1951 1952
f 456 454 455
f 440 454 456
f 440 456 1955
f 1955 1956 1958
f 461 445 1959
f 1960 464 463
f 464 460 463
f 1952 463 452
f 1952 1954 1960
f 1960 1954 464
f 1961 1968 465
f 469 1962 1963
f 468 1968 1962
f 1962 1968 1969
f 1963 1969 1964
f 1958 1956 471
f 473 1958 472
f 474 473 472
f 1954 1958 1966
f 1958 473 1966
f 1967 460 1954
f 1954 1966 1967
f 1961 477 1968
f 477 480 1968
f 1968 78 1969
f 480 76 78
f 1969 1970 1972
f 1972 1970 1979
f 1972 1979 1974
f 484 1964 1971
f 485 1973 1974
f 1971 1972 1973
f 498 488 487
f 1976 490 488
f 1970 78 495
f 78 1977 495
f 495 1977 491
f 491 498 495
f 78 82 1977
f 491 1977 1976
f 496 1970 495
f 497 1970 496
f 1980 1978 501
f 1980 502 503
f 1979 1978 1980
f 1979 1980 503
f 1983 510 509
f 1974 1979 1982
f 1979 1981 1982
f 510 1981 511
f 499 1975 1982
f 1982 512 499
f 512 1982 1984
f 1982 1981 1984
f 512 1984 513
f 513 1984 1985
f 1976 516 514
f 516 518 514
f 1977 82 517
f 503 520 540
f 1981 1979 1986
f 511 1981 522
f 1983 527 1988
f 513 528 524
f 1985 1988 1990
f 1990 1988 546
f 516 517 1991
f 532 1991 1992
f 1992 535 532
f 1992 1991 1993
f 1992 1993 537
f 1991 517 1993
f 517 552 1993
f 1986 2000 543
f 544 545 547
f 1988 1987 546
f 1990 546 1994
f 1994 550 1989
f 1994 546 1995
f 546 547 1995
f 554 555 1996
f 556 1996 555
f 1993 552 1997
f 554 1996 1997
f 538 558 536
f 540 539 560
f 1997 1998 558
f 561 563 1999
f 1986 540 2000
f 2000 560 2001
f 547 565 569
f 566 1999 2002
f 569 2002 2001
f 1999 2001 2002
f 547 2001 2006
f 2001 560 2006
f 550 1995 2003
f 2003 549 548
f 1996 571 1997
f 1998 1997 559
f 578 2005 575
f 573 2004 2005
f 583 2007 582
f 580 581 579
f 2006 573 2008
f 573 2005 2008
f 2008 581 2007
f 2008 2007 583
f 582 581 580
f 2003 2006 570
f 2006 2008 2009
f 2009 584 576
f 583 585 2008
f 587 586 2010
f 588 2010 2011
f 2011 2013 2014
f 588 2011 2012
f 2015 2014 2019
f 2018 2017 594
f 2013 2017 2018
f 2021 2018 598
f 2013 2018 2020
f 2020 2018 2021
f 593 2016 2022
f 2016 2019 2022
f 2022 2019 2023
f 601 2022 2023
f 2023 2019 2024
f 2019 2020 2024
f 603 2026 2025
f 2027 2021 605
f 606 2027 605
f 2020 2027 2028
f 611 2027 606
f 2029 611 609
f 611 2028 2027
f 2028 611 2029
f 614 2029 610
f 2028 2029 2033
f 603 2025 2031
f 2025 2024 2030
f 607 2031 2030
f 2024 2028 2030
f 2030 615 607
f 2030 618 615
f 621 88 2032
f 622 2032 624
f 2032 88 2037
f 614 612 629
f 2029 614 2033
f 2033 629 649
f 631 635 625
f 2030 2034 618
f 634 633 616
f 634 2034 633
f 633 2035 631
f 2035 633 2034
f 2034 634 618
f 618 630 617
f 631 2035 635
f 635 2035 2036
f 88 90 2037
f 2037 90 2038
f 638 90 89
f 639 641 2039
f 624 2037 641
f 641 2038 2039
f 2038 90 2040
f 2039 2040 644
f 2040 90 2041
f 644 2041 645
f 649 646 650
f 650 648 2042
f 649 650 2042
f 2035 649 2036
f 2036 2043 635
f 2043 2036 2052
f 655 638 636
f 655 90 638
f 90 655 2044
f 2045 655 654
f 2044 655 2045
f 2044 2045 2046
f 2041 2044 2047
f 2044 2046 2048
f 661 2046 660
f 661 2048 2046
f 663 664 2049
f 2042 669 2051
f 2049 664 2051
f 2051 2044 2052
f 2044 2048 2054
f 2052 652 651
f 2052 670 652
f 2052 2054 671
f 671 2054 2056
f 2048 661 673
f 673 661 672
f 673 676 2053
f 673 2053 2054
f 681 2053 678
f 2054 681 2055
f 2056 2054 682
f 677 2055 680
f 2048 673 2054
f 2055 2057 2054
f 684 685 688
f 688 687 92
f 684 691 690
f 693 691 694
f 691 688 2058
f 697 695 2059
f 699 698 2060
f 700 2061 2062
f 689 91 92
f 2064 719 708
f 688 92 2063
f 719 96 2072
f 706 709 705
f 2063 2064 709
f 711 2066 707
f 2068 2066 711
f 2066 2063 2065
f 2063 2068 2069
f 2062 2061 2067
f 2061 2063 2067
f 715 2062 2070
f 2070 710 715
f 710 2070 2067
f 2067 716 710
f 716 2067 2071
f 719 2072 717
f 2072 98 2079
f 722 2074 721
f 722 2075 2074
f 2075 722 2076
f 2077 2076 748
f 2076 729 748
f 2071 723 716
f 2071 730 723
f 2077 732 730
f 2073 2080 718
f 734 737 2078
f 2073 2072 2080
f 2072 2079 2080
f 2080 2079 2081
f 2080 740 718
f 743 2080 2081
f 744 743 2081
f 744 2081 2082
f 729 745 748
f 746 747 749
f 753 750 731
f 732 2077 2084
f 752 732 2084
f 2077 748 2083
f 2077 2083 2084
f 2083 2087 2084
f 2079 754 756
f 2082 2081 2086
f 2081 756 2086
f 2086 756 2085
f 756 757 2085
f 762 742 2086
f 2086 765 762
f 747 774 2087
f 2087 775 777
f 777 776 778
f 2083 749 2087
f 2087 777 2090
f 773 772 778
f 2090 777 778
f 753 2088 750
f 2088 779 751
f 2089 761 780
f 2085 761 2089
f 2085 2089 783
f 2086 2085 783
f 2086 782 765
f 783 2089 760
f 767 784 786
f 794 2092 791
f 2092 792 791
f 794 786 2091
f 2093 794 2091
f 2093 805 790
f 2094 795 809
f 799 795 2094
f 797 2094 809
f 2094 797 799
f 800 797 817
f 801 800 817
f 786 788 804
f 803 2095 802
f 805 2091 804
f 2097 2100 2096
f 2098 797 808
f 2100 2099 2098
f 2100 2098 808
f 815 2099 2101
f 819 2101 2102
f 820 2102 2103
f 2104 824 829
f 833 2097 2096
f 2096 100 104
f 833 2096 2105
f 2104 833 2105
f 2105 104 2106
f 2105 825 824
f 832 831 828
f 830 833 826
f 830 2097 833
f 832 2097 831
f 2097 832 2107
f 838 2107 832
f 2107 838 839
f 2111 2100 2107
f 2108 2111 2107
f 848 2103 2110
f 813 2112 849
f 2103 2100 2110
f 2111 2110 2100
f 813 2110 2111
f 2111 2112 813
f 2113 2111 2108
f 2114 2111 2113
f 825 852 851
f 825 856 852
f 856 854 852
f 2106 106 875
f 2106 874 856
f 840 857 859
f 840 859 2115
f 2107 840 2115
f 2117 2107 2115
f 865 847 845
f 2116 844 846
f 2108 847 865
f 2116 861 844
f 861 2109 2117
f 2118 862 2119
f 862 863 2119
f 2120 2108 865
f 2120 865 2118
f 868 843 866
f 2114 868 2112
f 2122 2113 2120
f 2113 2121 868
f 106 855 2123
f 875 872 2124
f 878 2126 2128
f 879 878 2128
f 879 2128 2127
f 2126 874 2125
f 861 885 883
f 912 2117 2129
f 890 886 891
f 2120 890 2130
f 891 892 917
f 2121 893 867
f 2136 876 899
f 2133 2125 875
f 2132 2127 2128
f 2132 2128 2133
f 901 899 900
f 899 901 2134
f 2134 901 2135
f 2132 903 881
f 2137 904 903
f 2132 906 2137
f 2137 906 904
f 908 912 2139
f 911 913 2140
f 2129 2115 2138
f 2141 912 2129
f 917 914 2142
f 2142 914 918
f 2140 2141 918
f 2144 2143 918
f 2130 917 2143
f 2131 2122 2144
f 2144 2130 2143
f 2131 897 895
f 925 2145 2146
f 927 108 2145
f 929 2135 902
f 857 905 930
f 932 2148 931
f 2133 929 928
f 2138 2115 930
f 936 932 934
f 932 2138 2148
f 936 2149 932
f 939 2150 935
f 2151 2141 2138
f 2151 2138 2149
f 2152 2149 2150
f 2153 2151 2152
f 2144 2141 2151
f 2154 937 940
f 2154 2151 2153
f 2153 2152 941
f 946 948 942
f 2147 2145 2155
f 2155 108 199
f 2156 2147 2155
f 948 2147 2156
f 949 952 953
f 950 953 954
f 954 953 2157
f 951 954 955
f 955 954 2157
f 958 961 2168
f 960 959 2158
f 2158 959 958
f 2159 2158 958
f 2160 2156 2155
f 2155 199 112
f 2161 973 971
f 973 2160 967
f 2160 973 2161
f 2162 2160 2161
f 2163 955 2157
f 2164 955 2163
f 975 2164 2165
f 2165 2164 2163
f 2166 2165 2163
f 979 2166 2167
f 2168 980 2167
f 2159 958 2169
f 967 988 966
f 988 987 966
f 2160 2155 2171
f 2181 2172 2171
f 989 2161 972
f 2174 989 990
f 989 2162 2161
f 2162 989 2173
f 2173 989 2174
f 2175 2173 2174
f 2177 2174 992
f 2176 2177 992
f 2175 2174 2177
f 2178 2175 2177
f 2176 2178 2177
f 2178 2176 994
f 2170 2169 2173
f 2170 2173 2175
f 2179 2178 994
f 985 998 982
f 998 2159 2170
f 2179 2170 2178
f 998 2170 2186
f 1004 2180 1002
f 2172 1005 988
f 2182 112 114
f 2181 2171 2182
f 114 1001 2182
f 2180 2182 1001
f 2179 1010 1011
f 2186 1019 1012
f 1019 2179 1018
f 1018 2179 2183
f 1017 2186 1014
f 1017 1014 997
f 2183 2185 1018
f 2185 2183 1036
f 2181 1003 1000
f 1027 1028 1033
f 1033 1028 2190
f 2190 1029 1034
f 2184 1032 2189
f 2193 1033 2190
f 1029 1025 1034
f 1034 2188 2190
f 2185 1036 1035
f 1036 2183 2187
f 2187 2184 2189
f 2187 2189 2193
f 1040 1039 1038
f 1040 2187 2194
f 1024 1023 2191
f 2192 1024 2191
f 1023 1043 2191
f 2194 2193 2192
f 2195 2192 1044
f 2196 2192 2195
f 1051 1050 1049
f 2197 1049 1039
f 2198 2194 2196
f 1051 1048 1050
f 2199 2195 1044
f 1047 2199 1052
f 2198 1054 1048
f 2196 1053 1054
f 1055 200 2201
f 1058 1056 2203
f 1061 1057 1058
f 2201 200 2204
f 2204 117 2205
f 2204 2205 2207
f 2207 2202 1058
f 2206 1061 2202
f 2207 2205 2209
f 2209 1064 2207
f 2205 117 2208
f 2205 2208 2209
f 2210 1073 2209
f 2211 2210 2212
f 2210 2209 2223
f 2210 2223 2212
f 2212 2223 2213
f 2214 2213 2225
f 2216 2217 1077
f 2217 1076 1077
f 2218 2231 2220
f 1083 1081 2220
f 1087 1086 2221
f 2223 2208 2224
f 2213 2223 2225
f 2223 1094 2226
f 2223 2226 2227
f 2227 2226 1092
f 2225 2223 2228
f 2227 1092 2229
f 1092 1093 1096
f 2229 1092 1096
f 2228 2227 2231
f 1105 1102 2232
f 1105 1106 1103
f 2218 2216 2231
f 2231 2229 2233
f 1108 1107 1083
f 2220 2231 2233
f 1108 1083 2220
f 2220 2233 1108
f 1108 2233 2239
f 2243 2222 2221
f 2221 2224 2243
f 2224 2208 2243
f 1096 1110 1111
f 2234 1111 1114
f 2229 1096 1111
f 2229 1111 2235
f 2235 1111 2234
f 2236 1115 1117
f 2229 2235 2233
f 2235 2236 1133
f 2233 2237 2239
f 1123 2238 2239
f 1128 1109 2222
f 2242 120 119
f 2241 1125 1127
f 2241 1109 1128
f 2208 2242 2243
f 2208 120 2242
f 2243 1125 2241
f 2241 1128 2243
f 2244 1133 1131
f 2237 1133 2245
f 1133 2244 1134
f 2246 1137 2248
f 1138 1137 2246
f 2248 1136 2245
f 2248 2245 2246
f 2246 2245 2249
f 2245 1134 2249
f 2247 1138 2246
f 1145 1140 2251
f 2252 1140 2250
f 1150 1134 1132
f 1147 1149 1150
f 2253 1141 1145
f 1149 2253 2254
f 2254 2253 2256
f 2246 2249 2247
f 2255 2256 2262
f 2263 1153 2247
f 2247 2262 2263
f 2257 1163 1155
f 1156 1163 2258
f 2257 1162 1163
f 1163 1162 2259
f 1160 1157 1158
f 2252 2250 1166
f 2261 1168 1170
f 2252 2261 1173
f 1172 2261 1171
f 2262 1173 1172
f 2263 2262 2264
f 2259 122 2271
f 2259 2271 2265
f 2260 2259 2265
f 2260 2265 2266
f 1175 1177 2267
f 2266 1164 2260
f 2267 1177 2266
f 2266 2265 2267
f 2267 2265 2268
f 2272 1179 2269
f 1187 1182 1186
f 2272 2269 2270
f 2271 127 2273
f 1187 1186 2272
f 2272 2273 1187
f 2273 127 1188
f 2275 2274 1190
f 2271 2270 2276
f 2276 2274 2275
f 2276 2275 2278
f 2277 1178 2267
f 2278 2275 1191
f 2279 2278 1191
f 2279 1191 1194
f 2268 2279 2280
f 2281 1192 2277
f 2268 2280 2281
f 1204 1203 2284
f 2282 1201 1197
f 2282 1197 2283
f 2284 1202 2282
f 2283 2284 2282
f 2286 2284 2283
f 2283 2285 2286
f 2288 1184 1187
f 1212 1207 2288
f 1187 2273 2288
f 2288 2273 2289
f 1188 1211 2290
f 1212 2289 2291
f 2292 1219 1217
f 2279 1219 2293
f 2293 1219 2292
f 1223 1195 2281
f 2294 1200 1220
f 1223 2280 1245
f 2295 2294 1226
f 1200 2294 2295
f 2287 2285 2298
f 1234 1233 2300
f 1213 2301 2290
f 1233 2299 2300
f 2300 2299 2301
f 2301 1213 2300
f 2291 1215 1212
f 1215 2291 1238
f 1238 2291 2302
f 1244 1237 1238
f 2293 2292 1243
f 2280 1243 2303
f 2305 1248 1247
f 2297 2296 1248
f 1251 1230 1232
f 1232 2298 1251
f 2298 2297 2307
f 1258 1256 2308
f 2309 133 1261
f 1258 2308 2309
f 2309 1261 1258
f 1258 1261 2321
f 1265 2308 1256
f 2309 1269 2312
f 2312 1269 2311
f 2302 203 2304
f 2303 2304 2313
f 2304 203 2313
f 1271 2312 2311
f 2312 1271 2314
f 2313 1222 2303
f 1275 1254 2313
f 2313 2312 2315
f 1276 2315 2316
f 1280 1276 2318
f 2305 2306 2319
f 2307 2319 2314
f 1281 1252 2307
f 2307 2314 1281
f 2321 1261 1260
f 2321 1259 1262
f 2322 1271 1283
f 1289 1288 1291
f 2322 1283 1285
f 2322 1285 2324
f 2324 1285 1289
f 2324 1289 1296
f 1293 1296 1295
f 1294 1296 1293
f 2314 2323 2320
f 1298 1297 2320
f 2320 2323 1298
f 2323 1296 2325
f 1302 1301 2326
f 2326 1301 2328
f 2330 2328 222
f 2326 2328 2330
f 1303 2326 2331
f 2327 224 2329
f 1306 1304 1305
f 1305 1304 2330
f 2335 1305 2330
f 2330 2327 2335
f 1308 224 160
f 2332 2329 1308
f 2332 1316 2329
f 2334 1315 1316
f 1319 2333 1317
f 1319 2327 2333
f 1321 1319 1320
f 2335 2327 1319
f 2336 1311 1323
f 2337 1313 2334
f 2338 2332 2339
f 2339 2332 2336
f 1336 2336 2342
f 2339 2336 1336
f 1339 2339 2344
f 2344 1342 1339
f 1345 2345 2347
f 2349 2347 2346
f 2351 1336 1348
f 2366 2351 1353
f 2352 1342 2344
f 2353 2339 2351
f 1370 2351 2366
f 2354 164 1357
f 2349 2346 2355
f 2354 2355 164
f 1347 2348 2350
f 1347 2350 2356
f 1361 1347 2356
f 2357 2350 2349
f 1362 2359 2361
f 1362 2361 2362
f 2360 2358 2357
f 2359 2360 2361
f 2360 2357 2355
f 2363 2360 2355
f 2363 2355 2354
f 1364 1366 2364
f 2365 2362 2363
f 1355 1340 2353
f 1370 1355 2353
f 2366 1353 1367
f 1374 1373 1376
f 1376 166 2367
f 1376 2367 1377
f 1381 1380 1379
f 1384 1381 1383
f 1381 2368 1380
f 1386 1381 1384
f 2369 2368 1381
f 1386 2369 1381
f 2364 1365 1364
f 1392 1386 1390
f 2370 2364 2363
f 2370 2368 2369
f 2371 2369 1386
f 1365 1393 2372
f 1393 2364 2370
f 2372 1393 2370
f 1387 1394 2373
f 1396 1395 1397
f 2373 1394 2370
f 1398 2370 1397
f 1417 2370 2371
f 2377 166 169
f 1399 1374 1377
f 1399 2376 1407
f 1404 2380 2378
f 2379 2376 2375
f 2379 2375 2377
f 2381 2380 2379
f 2381 2379 2377
f 2384 2381 2377
f 1406 2382 2383
f 2384 2382 2381
f 1408 2385 2386
f 2387 1392 1409
f 2388 2387 1411
f 2389 2388 1412
f 2389 2371 2388
f 1417 1416 1397
f 1417 2390 1418
f 1420 2371 2391
f 2391 1421 1420
f 1422 2374 1402
f 2393 2374 1422
f 2393 2377 2374
f 1425 2393 1423
f 1427 2394 1426
f 2395 2393 2394
f 1431 2394 1427
f 2397 2385 2384
f 2397 2384 2393
f 2399 2393 2395
f 1431 2395 2394
f 1430 1431 1428
f 2396 2395 1431
f 2399 2398 2397
f 1435 2398 2399
f 1437 1439 2400
f 1438 2400 2401
f 2401 1415 1438
f 2392 2389 1415
f 2402 2391 2392
f 2403 2392 1415
f 2402 2392 2403
f 2403 1442 2402
f 2405 1447 226
f 2404 1447 2405
f 2406 2404 2405
f 1448 2406 2407
f 1448 2407 2408
f 2407 2406 2405
f 2408 2407 2405
f 2410 2405 171
f 1449 2408 2409
f 2411 2410 2412
f 1452 2396 1451
f 1455 2413 1454
f 1460 1455 1456
f 2418 1457 1462
f 2403 2396 2415
f 2417 1440 2403
f 2417 2403 2415
f 1462 2415 2418
f 2418 2415 2416
f 1464 1457 2418
f 1470 171 1466
f 2419 1470 1466
f 2419 171 1470
f 2420 171 2419
f 1473 1476 1472
f 1476 1475 2421
f 2420 2410 171
f 1476 2420 2419
f 2422 2420 1476
f 2421 2422 1476
f 1450 2412 2423
f 1495 2421 1479
f 2423 2412 2410
f 2424 2423 2410
f 2424 2410 2420
f 1477 2423 1481
f 1481 2424 2425
f 1477 1481 2425
f 2426 2424 2422
f 2427 2414 1483
f 1485 1490 2428
f 2429 2414 1489
f 2429 1487 2426
f 2431 2429 2426
f 1465 2416 2431
f 2431 2414 2429
f 2430 1492 1465
f 2430 1465 2431
f 1496 1495 1493
f 2432 2422 1495
f 1500 1496 1498
f 2431 2422 2432
f 2434 2432 1500
f 2435 2432 2434
f 1504 2434 1503
f 2431 2432 2435
f 1505 2431 2435
f 2435 1491 1505
f 1508 1506 2435
f 1507 2434 1504
f 1508 2435 2434
f 1501 1508 1507
f 2438 1513 2437
f 1509 2436 2439
f 2439 2436 2440
f 2441 2436 2438
f 2442 2441 1518
f 1518 2441 2443
f 1517 1518 2443
f 2443 2441 2437
f 1517 1519 1522
f 1519 2443 1522
f 2445 1522 2443
f 2444 2445 2446
f 1521 2444 2446
f 2449 2437 2450
f 2447 2449 1526
f 2437 228 227
f 1526 2449 2450
f 1530 1532 1529
f 1533 2448 1532
f 1532 2449 2447
f 2451 2448 1533
f 2453 2448 2451
f 1539 2453 1537
f 1540 2453 1539
f 1521 2446 2454
f 2454 2446 2445
f 1542 2454 2455
f 2457 2454 2456
f 2458 1543 2457
f 2458 2457 2456
f 2450 1524 1526
f 2460 176 1548
f 227 229 2460
f 1552 2452 1540
f 1556 1552 1554
f 2463 2452 1552
f 2464 2456 2465
f 2466 2460 1548
f 2468 227 2466
f 2469 2466 2477
f 1566 1562 2461
f 1563 2470 2471
f 1565 1563 2471
f 1566 2462 2468
f 2470 1566 2468
f 2471 2470 2468
f 2473 1571 1568
f 1597 1571 2473
f 2476 2475 2474
f 2475 2476 1600
f 2472 2471 2469
f 2469 2477 2480
f 2480 2477 1576
f 1577 2472 2479
f 2479 2472 2469
f 1585 2479 2469
f 1586 1585 2469
f 1589 1586 2469
f 1589 2469 2480
f 1583 1589 1590
f 1591 1590 1589
f 1591 1589 2480
f 2481 1597 1592
f 1592 1598 2481
f 1597 2473 1570
f 1588 1591 1598
f 1588 1598 1594
f 2481 1598 1591
f 2483 1597 2481
f 2480 2478 1604
f 1608 1606 1607
f 1606 1604 1603
f 1611 1606 1608
f 1611 2484 1606
f 2485 2484 1611
f 2482 2480 2484
f 2486 2484 2485
f 1614 230 1619
f 1615 1619 2488
f 2487 230 179
f 1616 2488 2487
f 1615 1616 2489
f 1621 1620 2490
f 2489 1616 2487
f 1620 2489 2487
f 2490 1620 2487
f 2492 2486 2485
f 2494 2491 2493
f 2495 2490 2487
f 1623 2490 2495
f 2495 2487 2491
f 2495 2491 2494
f 1643 2494 2493
f 1622 1632 2497
f 2496 1623 2495
f 1632 2496 2495
f 2497 1632 2495
f 1635 1634 2498
f 1634 2497 2495
f 2498 1634 2495
f 2499 2498 2495
f 1637 2498 2499
f 2500 1637 2499
f 2500 1638 1637
f 2501 2494 1643
f 2503 1643 1645
f 2502 2501 2503
f 2504 2503 1647
f 2499 2495 2494
f 2499 2501 2502
f 2509 2502 2504
f 1639 1640 2506
f 1640 2500 2499
f 2506 1640 2499
f 2507 2506 2499
f 1639 1652 2508
f 1652 2506 2507
f 2508 1652 2507
f 1648 2508 2507
f 1657 1656 1658
f 1659 2509 1651
f 2510 1662 2511
f 2511 1664 2512
f 2515 2513 1667
f 1669 1667 2513
f 2515 2505 2514
f 1655 2505 2515
f 1665 2515 1668
f 2516 1671 2514
f 2516 2505 2523
f 2518 1675 2517
f 2519 231 183
f 1676 2520 1679
f 2521 2517 2519
f 2523 2512 1684
f 2524 2523 1685
f 1671 1689 1670
f 2525 1689 1671
f 2526 2516 1688
f 2525 2516 2526
f 2527 1691 2526
f 2529 2519 2528
f 2529 2528 2530
f 1700 2529 2530
f 2531 2529 1700
f 1712 2531 1700
f 1701 2522 2532
f 2532 2522 2521
f 2531 2521 2529
f 1708 1687 1705
f 1703 2533 2534
f 1706 1703 2534
f 1688 1708 2535
f 2535 2534 2521
f 2537 2521 2531
f 2536 2526 2537
f 2531 1712 2538
f 2539 2531 2538
f 2540 2531 2539
f 1715 2540 1714
f 2542 2540 2541
f 1717 2541 1716
f 1717 2542 2541
f 1719 1707 2536
f 1719 2543 1720
f 2537 2531 2543
f 2537 2544 2536
f 2544 2537 2543
f 2543 1719 2544
f 2545 1725 1724
f 1721 2547 2546
f 1722 1725 2547
f 2547 1725 2545
f 1727 2546 2548
f 2548 2547 2549
f 1728 2548 2549
f 1730 2549 2550
f 1732 2550 2549
f 2552 2549 2547
f 1731 1732 2551
f 2564 2545 1755
f 1738 2564 1739
f 2552 2547 2545
f 1741 2554 2564
f 2555 2554 1741
f 1745 2556 1744
f 2556 2554 2555
f 2557 2554 2556
f 2559 2554 2557
f 2552 2554 2559
f 2558 2552 2560
f 1747 2560 1749
f 2561 1749 2552
f 1748 1749 2561
f 2562 1751 1757
f 1758 1751 2562
f 233 1752 1755
f 1758 2563 1751
f 1755 232 233
f 2562 1757 1739
f 2565 2564 1755
f 1758 2564 2565
f 2559 2566 2567
f 1763 1748 2561
f 1783 2570 1766
f 2570 2559 2567
f 1768 1769 1762
f 1763 2561 2571
f 2571 1767 1763
f 2571 2568 2569
f 2569 1769 1768
f 2572 1778 1776
f 2563 1781 1756
f 1779 1781 2573
f 2574 2565 2572
f 2570 1783 1787
f 1787 1788 2575
f 2575 1788 1789
f 1769 2576 1762
f 2576 1791 1790
f 2577 2569 2578
f 2578 2579 2577
f 2581 234 191
f 1798 191 1795
f 2581 191 1798
f 2580 2581 1798
f 1780 1782 1801
f 1806 1804 2574
f 1803 1804 2582
f 1803 2582 1806
f 2584 1810 1811
f 1811 2583 2584
f 1812 1815 2583
f 1813 1808 1815
f 2575 1789 1814
f 2583 1815 2584
f 1808 1807 1815
f 1816 1819 1818
f 1818 2579 2578
f 1818 1792 2579
f 2575 1814 2584
f 2578 2575 2585
f 2585 2575 2584
f 1818 2578 2585
f 2586 2581 2580
f 1820 2586 1794
f 2587 2581 2586
f 1825 2588 2586
f 1826 2588 1825
f 2588 1826 2589
f 2585 2584 1815
f 2590 1815 2587
f 2590 2587 2588
f 1831 1816 2585
f 1835 2590 2591
f 1836 1835 1837
f 1838 2592 1829
f 2592 2589 1826
f 2593 1838 1840
f 2594 2589 2592
f 2591 2589 2594
f 2593 2592 1838
f 2593 2594 2592
f 2591 2590 2589
f 1844 2594 2593
f 2594 1844 2595
f 2599 2595 1844
f 1845 1837 1847
f 2598 2594 2595
f 1848 1847 2596
f 2596 2591 2598
f 1849 2596 2597
f 2597 1841 1849
f 1844 1843 2599
f 2600 2599 1850
f 1851 2600 1850
f 2600 2595 2599
f 2601 2595 2600
f 1853 2601 1851
f 2598 2601 2602
f 2602 2601 1853
f 1856 1841 2597
f 48 43 44
f 47 45 46
f 51 50 52
f 50 57 54
f 56 58 57
f 56 51 53
f 57 61 54
f 61 63 62
f 57 63 61
f 61 55 54
f 57 64 63
f 63 66 65
f 64 66 63
f 71 70 69
f 73 68 70
f 76 75 77
f 81 77 80
f 84 83 85
f 88 86 87
f 88 87 89
f 93 91 94
f 94 91 95
f 94 95 97
f 98 94 97
f 100 99 101
f 102 101 103
f 105 102 103
f 108 107 109
f 108 109 110
f 112 111 113
f 120 201 119
f 124 123 121
f 125 127 124
f 130 129 128
f 136 137 138
f 207 137 136
f 208 137 207
f 138 146 141
f 138 144 146
f 143 144 137
f 144 150 146
f 148 142 146
f 152 149 144
f 149 156 150
f 156 219 150
f 145 151 144
f 151 152 144
f 154 149 152
f 220 152 151
f 158 159 157
f 160 223 159
f 167 166 165
f 169 167 168
f 169 166 167
f 171 170 172
f 176 227 175
f 230 177 178
f 179 230 178
f 185 2545 184
f 186 185 187
f 187 233 188
f 188 232 186
f 49 48 47
f 53 51 52
f 53 52 192
f 192 52 197
f 197 52 55
f 193 56 53
f 58 56 193
f 60 58 194
f 59 58 60
f 60 194 195
f 198 197 62
f 73 70 71
f 74 71 72
f 1926 68 73
f 76 77 78
f 92 93 96
f 100 101 104
f 104 102 105
f 105 103 106
f 117 200 115
f 201 117 116
f 126 122 123
f 127 122 126
f 127 126 124
f 133 202 130
f 133 203 202
f 205 204 134
f 140 138 206
f 207 136 140
f 204 206 138
f 209 139 137
f 207 206 204
f 208 207 204
f 209 137 208
f 209 208 210
f 211 205 141
f 212 143 214
f 213 204 205
f 210 212 214
f 212 210 215
f 215 147 212
f 148 213 142
f 218 215 213
f 219 216 148
f 213 216 219
f 147 151 145
f 221 154 153
f 219 218 213
f 221 155 218
f 224 219 217
f 224 218 219
f 224 217 223
f 175 227 174
f 229 227 176
f 233 232 188
f 235 238 236
f 246 239 238
f 246 242 239
f 243 235 244
f 241 235 243
f 241 248 246
f 246 248 247
f 43 251 242
f 252 255 254
f 247 249 250
f 241 256 248
f 1861 249 253
f 259 258 257
f 257 269 259
f 262 260 261
f 262 261 1871
f 260 257 258
f 260 263 269
f 246 265 44
f 250 266 247
f 247 281 265
f 267 250 1864
f 267 266 250
f 270 268 269
f 295 272 270
f 270 1875 268
f 269 273 291
f 263 276 273
f 273 278 291
f 278 279 274
f 278 280 279
f 279 1883 277
f 273 1892 305
f 283 285 281
f 282 281 284
f 288 265 308
f 283 289 285
f 292 271 290
f 290 293 292
f 294 292 293
f 295 271 292
f 299 297 1891
f 300 280 278
f 300 302 301
f 323 301 302
f 304 301 323
f 273 305 300
f 305 302 300
f 306 307 305
f 305 307 302
f 306 1893 307
f 288 308 309
f 315 310 285
f 310 317 284
f 318 317 319
f 1901 296 294
f 1901 319 1898
f 298 321 320
f 298 322 321
f 326 323 325
f 302 325 323
f 312 329 311
f 312 332 331
f 320 335 312
f 338 336 334
f 320 336 335
f 335 1910 337
f 345 342 344
f 339 341 346
f 307 347 339
f 339 353 340
f 347 349 353
f 348 350 349
f 349 358 353
f 347 351 348
f 352 345 344
f 344 354 352
f 1915 355 356
f 353 357 356
f 58 359 57
f 359 360 64
f 64 67 66
f 67 1925 65
f 361 359 1919
f 362 367 360
f 363 365 367
f 360 366 67
f 368 366 369
f 366 1925 67
f 1925 366 368
f 1926 370 68
f 360 374 391
f 374 376 375
f 373 377 374
f 374 375 371
f 376 378 375
f 377 378 376
f 373 381 377
f 373 382 381
f 381 380 377
f 383 365 1924
f 389 386 1933
f 370 391 69
f 69 391 392
f 390 393 391
f 391 394 392
f 395 390 379
f 373 398 382
f 385 403 400
f 404 405 399
f 403 410 408
f 403 407 410
f 403 408 404
f 410 1941 408
f 385 411 403
f 394 413 392
f 72 392 414
f 413 416 435
f 418 419 416
f 413 421 418
f 404 422 405
f 404 423 424
f 426 422 427
f 423 431 430
f 434 415 435
f 416 437 435
f 434 435 436
f 416 439 437
f 438 419 1944
f 416 419 438
f 442 416 438
f 442 438 441
f 442 444 453
f 445 444 1948
f 446 462 448
f 1945 425 446
f 450 446 447
f 449 461 1959
f 449 451 447
f 429 462 446
f 457 458 455
f 457 459 458
f 458 1955 456
f 461 453 445
f 448 462 461
f 462 460 457
f 457 476 472
f 430 460 462
f 430 463 460
f 460 476 457
f 467 466 465
f 467 465 1968
f 469 467 468
f 457 471 459
f 471 1956 459
f 472 1958 471
f 475 1967 476
f 466 478 477
f 466 467 478
f 477 478 479
f 480 479 481
f 482 483 486
f 484 470 1964
f 1973 484 1971
f 77 489 79
f 486 493 492
f 483 494 493
f 493 497 496
f 499 500 483
f 483 500 494
f 500 501 494
f 1980 501 502
f 504 506 505
f 504 507 506
f 508 509 507
f 499 512 500
f 512 524 508
f 512 513 524
f 490 514 489
f 79 489 515
f 514 518 530
f 504 521 519
f 511 522 505
f 505 522 521
f 524 523 508
f 523 524 526
f 525 1987 523
f 528 529 524
f 524 529 526
f 489 530 531
f 530 532 531
f 534 515 533
f 517 79 515
f 532 536 531
f 1991 532 518
f 536 535 537
f 519 572 539
f 540 520 539
f 521 542 541
f 544 526 545
f 529 549 526
f 529 550 548
f 531 551 533
f 534 533 552
f 536 551 531
f 536 553 551
f 557 559 536
f 536 558 557
f 557 558 559
f 562 541 561
f 541 562 572
f 563 542 543
f 545 568 565
f 567 562 566
f 565 568 567
f 567 568 562
f 562 576 572
f 547 545 564
f 565 567 569
f 2002 569 567
f 568 576 562
f 553 571 556
f 571 1996 556
f 574 575 572
f 559 1997 571
f 576 577 572
f 572 577 574
f 574 578 575
f 574 580 578
f 579 581 2005
f 577 580 574
f 577 582 580
f 577 583 582
f 576 584 577
f 587 588 586
f 586 590 83
f 589 592 590
f 595 594 590
f 595 596 594
f 596 2018 594
f 595 598 596
f 604 2021 598
f 602 603 599
f 598 605 604
f 600 606 605
f 599 607 600
f 600 609 606
f 608 610 609
f 610 2029 609
f 613 614 610
f 615 617 630
f 620 86 88
f 620 621 87
f 622 621 2032
f 612 613 610
f 625 626 612
f 625 627 626
f 614 613 612
f 625 632 627
f 625 635 632
f 623 637 636
f 636 638 89
f 639 642 637
f 640 643 656
f 642 639 2039
f 662 643 645
f 646 626 647
f 636 654 653
f 656 2045 654
f 658 652 656
f 656 652 659
f 657 660 2046
f 659 660 657
f 643 658 656
f 663 662 664
f 647 668 665
f 668 667 665
f 667 668 658
f 669 666 665
f 670 682 652
f 659 672 660
f 659 675 672
f 674 678 675
f 679 681 678
f 652 682 677
f 671 2056 682
f 684 683 685
f 686 685 683
f 687 686 689
f 688 685 686
f 692 690 691
f 695 692 694
f 692 695 683
f 695 696 686
f 696 701 686
f 697 698 696
f 698 697 2059
f 699 714 701
f 686 701 689
f 708 703 702
f 708 719 703
f 701 702 689
f 701 704 702
f 704 707 706
f 701 710 704
f 704 711 707
f 704 713 711
f 713 2068 711
f 713 2069 2068
f 715 710 701
f 710 723 712
f 715 714 2062
f 702 717 95
f 712 720 713
f 712 721 720
f 720 2069 713
f 721 2074 720
f 712 725 721
f 723 727 726
f 725 722 721
f 733 735 736
f 733 736 734
f 739 97 734
f 740 744 741
f 742 741 744
f 2082 742 744
f 729 724 745
f 748 745 746
f 731 751 727
f 730 752 731
f 736 755 737
f 741 758 738
f 759 757 738
f 759 761 757
f 762 763 758
f 763 764 758
f 768 766 767
f 768 770 769
f 773 768 772
f 747 746 774
f 789 775 774
f 789 776 775
f 2087 774 775
f 727 774 746
f 751 779 791
f 751 791 789
f 760 780 759
f 760 2089 780
f 780 761 759
f 781 783 760
f 782 783 781
f 769 784 766
f 787 788 784
f 789 769 776
f 791 790 785
f 779 794 791
f 769 791 785
f 791 792 790
f 790 805 793
f 796 799 797
f 798 796 797
f 801 796 798
f 801 798 800
f 793 803 790
f 793 805 804
f 808 806 810
f 807 810 806
f 807 99 810
f 807 811 99
f 809 795 806
f 812 807 796
f 816 807 812
f 814 801 817
f 2099 814 817
f 815 814 2099
f 819 816 818
f 818 815 2101
f 811 101 99
f 823 103 101
f 829 824 822
f 824 825 851
f 826 821 807
f 827 826 807
f 828 826 827
f 828 831 826
f 833 2104 829
f 834 827 813
f 827 835 828
f 827 836 835
f 835 832 828
f 835 838 832
f 836 838 835
f 839 836 837
f 842 841 813
f 845 844 841
f 845 846 844
f 845 847 846
f 849 843 813
f 849 2112 850
f 822 851 821
f 851 854 853
f 103 823 855
f 871 855 823
f 840 837 857
f 841 858 834
f 842 860 845
f 844 861 883
f 863 862 842
f 850 866 843
f 854 869 853
f 870 855 871
f 880 871 853
f 873 876 872
f 106 103 855
f 854 874 869
f 875 870 872
f 869 877 853
f 877 878 853
f 881 880 879
f 877 2126 878
f 881 879 2127
f 883 882 858
f 883 884 907
f 887 886 888
f 2119 863 890
f 891 886 887
f 867 893 843
f 893 864 843
f 864 888 886
f 893 897 896
f 898 873 871
f 901 900 873
f 902 2135 901
f 881 903 880
f 882 905 858
f 859 857 930
f 910 907 908
f 910 882 907
f 911 909 913
f 914 889 915
f 914 915 916
f 916 910 911
f 917 889 914
f 918 916 911
f 896 888 864
f 896 910 915
f 921 922 109
f 925 923 2145
f 924 110 109
f 926 924 923
f 108 927 922
f 928 929 902
f 882 934 931
f 934 932 931
f 937 882 910
f 938 882 937
f 938 933 882
f 938 2152 939
f 897 2144 940
f 941 938 937
f 926 943 924
f 942 945 944
f 925 946 942
f 942 948 945
f 949 944 945
f 951 950 954
f 960 957 959
f 963 981 957
f 963 962 2158
f 943 111 110
f 964 965 943
f 956 964 947
f 968 964 956
f 968 970 964
f 969 966 964
f 971 969 964
f 969 973 966
f 972 2161 971
f 2164 951 955
f 981 968 976
f 981 970 968
f 979 977 2166
f 2168 978 980
f 980 981 979
f 981 980 978
f 2168 957 978
f 980 979 2167
f 983 984 963
f 986 965 964
f 966 987 986
f 990 989 972
f 992 2174 990
f 981 991 970
f 993 992 991
f 1014 996 991
f 991 995 993
f 996 995 991
f 983 997 1014
f 987 999 1000
f 1001 113 111
f 1003 1002 1000
f 1002 2180 1001
f 1003 1004 1002
f 996 1007 995
f 1012 1006 1014
f 1012 1013 1006
f 1014 2186 1012
f 1015 996 1006
f 1013 1016 1006
f 1015 1008 996
f 1012 1019 1013
f 1013 1018 1016
f 1024 1020 1021
f 1009 1008 1026
f 1026 1029 1028
f 1022 1030 1020
f 1029 1022 1025
f 1026 1037 1030
f 1031 1009 1027
f 1016 1035 1015
f 1038 1037 1035
f 1037 1026 1015
f 1021 1020 1041
f 1042 1041 1020
f 1030 1042 1020
f 1042 1045 1041
f 1023 1021 1043
f 1046 1042 1030
f 1048 1047 1042
f 1046 1048 1042
f 2197 1051 1049
f 1052 1044 1045
f 1053 2200 1047
f 1053 1047 1048
f 1055 115 200
f 1058 1057 1056
f 1055 116 115
f 1055 1060 116
f 2203 1056 1055
f 1057 1063 1059
f 1061 1063 1057
f 1059 1063 1060
f 2206 1062 1061
f 1063 1066 1060
f 1063 1067 1066
f 1065 1067 1063
f 1060 1068 118
f 1060 1066 1068
f 2211 1070 1069
f 1069 1070 1066
f 1071 1072 1066
f 1073 1067 1065
f 2214 1074 1070
f 2217 1078 1076
f 1076 1079 1077
f 1078 1081 1079
f 2219 1081 1078
f 1083 1082 1081
f 1066 1085 1084
f 1085 1086 1084
f 1087 1084 1086
f 1066 1091 1085
f 1066 1089 1091
f 2226 1090 1091
f 1093 1092 1091
f 1090 1094 2223
f 1092 2226 1091
f 1089 1110 1093
f 1110 1096 1093
f 1099 1100 1089
f 1101 1077 1080
f 1079 1104 1080
f 2232 1102 1098
f 1104 1099 1080
f 1080 1103 1106
f 1081 1100 1104
f 1107 1100 1081
f 1097 1112 1110
f 1112 1111 1110
f 1113 1112 1097
f 1114 1111 1112
f 1097 1100 1113
f 1100 1116 1113
f 1113 1116 1114
f 1107 1120 1100
f 1100 1118 1116
f 118 1124 119
f 1126 1127 1124
f 1127 1125 1124
f 1118 1129 1130
f 1132 1131 1130
f 1123 1122 1120
f 1135 1129 1118
f 1129 1138 1130
f 1141 1139 1140
f 1142 1140 1139
f 1139 1144 1143
f 1147 1132 1146
f 1146 1144 1147
f 1147 1148 1149
f 1148 1144 1139
f 1147 1150 1132
f 1149 1148 2253
f 1138 1152 1146
f 1151 1154 1152
f 1157 1155 1156
f 1157 1160 1155
f 1159 1161 1162
f 1155 1161 1159
f 1156 1155 1163
f 2260 1164 1160
f 1165 1142 1139
f 1143 1167 1166
f 1166 2250 1165
f 1167 2252 1166
f 1143 1171 1167
f 2263 1154 1151
f 1169 2264 2262
f 2264 1169 1152
f 1169 1172 1171
f 1169 2262 1172
f 1160 1174 1155
f 121 1183 125
f 121 1181 1183
f 1175 1181 121
f 1175 1176 1181
f 2267 1178 1175
f 1180 1184 1181
f 1181 1184 1183
f 1182 1184 1180
f 1186 1182 1180
f 1187 1184 1182
f 1176 1190 1189
f 1189 2270 2269
f 1190 2274 1189
f 1176 1175 1193
f 1192 1195 1216
f 2277 1192 1178
f 2281 1195 1192
f 1200 1197 1196
f 1198 1200 1196
f 1201 1196 1197
f 1201 1202 1196
f 1203 1204 1198
f 1206 125 1183
f 1207 1185 1184
f 1207 1208 1185
f 1210 1206 1209
f 1206 1188 125
f 1212 1208 1207
f 1208 1214 1185
f 1217 1194 1216
f 1218 1217 1216
f 1217 1219 1194
f 1218 2292 1217
f 1195 1222 1240
f 1221 1222 1195
f 1223 1199 1195
f 1198 1224 1220
f 1225 2294 1220
f 1224 1227 1228
f 1229 1226 1228
f 1204 1227 1224
f 1228 1227 1231
f 1227 1250 1231
f 1230 1250 1227
f 2298 1230 1227
f 1234 1210 1209
f 1234 128 1233
f 1234 1236 1235
f 1236 1209 1185
f 1236 1241 1235
f 1238 1236 1214
f 1240 1241 1242
f 1240 1254 1241
f 1242 1241 1244
f 1223 1221 1199
f 1245 1222 1221
f 1246 1248 1229
f 1247 1248 1246
f 1249 1250 1230
f 1251 1249 1230
f 2307 1250 1249
f 1252 1250 2307
f 1235 1255 1253
f 132 133 131
f 1257 1259 1255
f 1256 1257 1255
f 1262 1259 1258
f 1254 1263 1255
f 1254 1264 1263
f 1263 1265 1255
f 1263 1266 1265
f 1263 1268 1266
f 1266 1269 1265
f 1272 1254 1222
f 1275 1273 1254
f 1264 1274 1268
f 1276 1273 1275
f 1277 1274 1278
f 1274 1280 1278
f 1277 2306 1247
f 1276 1264 1273
f 1278 1279 2318
f 1231 1250 1277
f 1250 1270 1277
f 1252 1270 1250
f 1268 1284 1267
f 1284 1286 1282
f 1286 1287 1282
f 1286 1290 1287
f 1290 1291 1288
f 1270 1292 1290
f 1290 1293 1291
f 1293 1295 1291
f 1298 1292 1297
f 1299 1293 1292
f 1299 2323 1294
f 2320 1297 1270
f 1301 1300 154
f 1303 1302 2326
f 1306 1318 1304
f 1308 160 161
f 158 1309 161
f 1313 1307 158
f 1315 1313 1312
f 1312 1317 1314
f 1318 1312 1304
f 1320 1312 1318
f 1320 1319 1317
f 1318 2335 1321
f 1322 1307 1313
f 1324 1322 1313
f 1307 1325 1323
f 1326 2336 1325
f 1322 1326 1325
f 1322 1329 1326
f 1330 1322 1324
f 2337 1328 1313
f 2342 1327 1333
f 1334 1337 1335
f 1348 1336 1337
f 1332 1338 1330
f 1339 1330 1338
f 1330 1340 1334
f 1341 1338 1332
f 1344 162 1343
f 1346 163 162
f 1347 1346 162
f 1345 1344 1343
f 2348 1345 2347
f 1349 1348 1337
f 2351 1348 1349
f 1334 1351 1350
f 1352 1351 1334
f 1357 164 163
f 1356 1346 1347
f 1359 1358 1346
f 1359 2354 1358
f 1359 1380 2354
f 1364 1362 2362
f 1368 2366 1367
f 1369 1368 1367
f 1355 1370 1368
f 1372 1373 167
f 1374 167 1373
f 1377 1374 1376
f 1356 1378 1359
f 1378 1380 1359
f 1379 1380 1378
f 1383 1381 1379
f 1382 1379 1356
f 1385 1384 1382
f 1385 1386 1384
f 1365 1387 1363
f 1387 1382 1363
f 1388 1385 1382
f 1396 1382 1387
f 1382 1390 1388
f 1389 1382 1396
f 1391 1390 1382
f 1395 1396 1387
f 1397 1416 1396
f 1400 168 1375
f 1401 2377 169
f 1402 1401 168
f 1406 1405 1403
f 1409 1391 1382
f 1409 1392 1391
f 1410 1389 1396
f 1389 1412 1411
f 1412 1389 1413
f 1414 1412 1413
f 1412 2388 1411
f 1415 2389 1412
f 1410 1413 1389
f 1419 1413 1410
f 1423 1422 1400
f 1424 1426 1425
f 1427 1426 1424
f 1432 1405 1408
f 1432 1424 1405
f 1437 1424 1432
f 1437 1429 1424
f 1440 1429 1437
f 1435 1432 2398
f 1437 1433 1439
f 1438 1415 1436
f 1441 1440 1419
f 1440 1437 1436
f 2391 1441 1421
f 1445 1446 1443
f 1446 172 170
f 2404 1443 1447
f 2412 1449 2411
f 1452 1451 1429
f 1434 1458 1456
f 1458 1460 1456
f 2403 1440 1441
f 1461 1457 1440
f 1461 1462 1457
f 1463 1434 1457
f 1466 171 172
f 1446 1467 1466
f 1468 1467 1446
f 1467 2419 1466
f 1472 1476 2419
f 1471 1468 1450
f 1474 1473 1468
f 1474 1476 1473
f 1478 1471 1450
f 1475 1474 1471
f 1479 1475 1471
f 1480 1471 1488
f 1477 1450 2423
f 1483 1458 1459
f 1484 1483 1459
f 1488 1484 1459
f 1485 1488 1478
f 1488 1486 1484
f 1483 2414 1458
f 1484 2427 1483
f 1484 1486 1489
f 1485 1478 1490
f 1487 1489 1486
f 1463 1459 1434
f 1491 1459 1463
f 1492 1491 1463
f 1465 1492 1463
f 2430 1491 1492
f 1494 1493 1471
f 1494 1496 1493
f 1497 1494 1480
f 1498 1497 1480
f 1497 1496 1494
f 1501 1480 1491
f 1503 1502 1480
f 1502 1500 1499
f 1501 1507 1504
f 1506 1508 1501
f 1510 1511 1513
f 1514 1513 1512
f 1509 1510 2436
f 1515 1509 2439
f 1516 1511 1509
f 1520 1512 1516
f 1520 1517 1522
f 1521 1520 2444
f 1512 173 1514
f 1525 1524 1512
f 1512 174 173
f 173 228 1514
f 1527 1523 1512
f 1528 1527 1520
f 1527 1529 1531
f 1530 1529 1527
f 1531 1532 2447
f 1523 2447 1525
f 1534 1528 1520
f 1528 1535 1530
f 1536 2451 1535
f 1536 1535 1528
f 1537 2453 2451
f 1539 1537 1534
f 1543 1520 1521
f 1542 1543 1521
f 1543 1538 1520
f 1545 176 174
f 1545 174 1524
f 1524 1547 1545
f 1546 1547 1524
f 1549 1547 1546
f 1550 1541 1538
f 1550 1540 1541
f 1551 1552 1550
f 1553 1551 1538
f 1554 1553 1555
f 1555 2463 1554
f 1557 1538 1543
f 1558 1557 1543
f 2464 1557 1558
f 1548 1545 1559
f 1547 1560 1545
f 1560 1561 1559
f 1562 1547 1549
f 1563 1547 1562
f 2461 1562 1549
f 1567 1571 1555
f 1568 1571 1567
f 1570 2473 1568
f 2475 1573 1572
f 2475 1599 1573
f 1576 2477 1575
f 1578 1575 1560
f 1580 1560 1582
f 1578 1579 1575
f 1580 1578 1560
f 1582 1564 1577
f 1584 1580 1582
f 1577 1565 2472
f 1577 1585 1582
f 1583 1582 1586
f 1583 1587 1584
f 1583 1590 1587
f 1592 1570 1569
f 1569 1593 1592
f 1593 1594 1592
f 1595 1587 1588
f 1594 1584 1595
f 1596 1584 1593
f 1592 1597 1570
f 1592 1594 1598
f 1599 1569 1557
f 1599 1593 1569
f 1596 1593 1599
f 1601 1596 1599
f 2483 1601 1599
f 1602 1581 1578
f 1602 2478 1581
f 1596 1580 1584
f 1603 1602 1580
f 1612 1580 1596
f 1605 1606 1603
f 1610 1609 1612
f 1608 1607 1580
f 1613 1596 1601
f 1617 178 177
f 1615 1614 1619
f 1618 1621 1617
f 1609 1625 1624
f 179 178 1626
f 1627 1626 178
f 1626 2493 2491
f 1627 2493 1626
f 1629 2493 1627
f 1630 2493 1629
f 1631 178 1621
f 1628 1643 1630
f 1622 1631 1621
f 1633 1635 1631
f 1622 2497 1633
f 1634 1633 2497
f 1642 1641 1628
f 1642 1643 1641
f 1645 1642 1628
f 1646 1645 1644
f 1646 2503 1645
f 1649 1644 1648
f 1651 1650 1649
f 1653 1648 1639
f 1654 1665 1648
f 1655 1665 2507
f 1656 180 231
f 1649 1660 1659
f 1649 1662 1660
f 1663 1662 1649
f 2511 1662 1664
f 1665 1661 1649
f 1666 1667 1661
f 1665 1666 1661
f 1665 1668 1666
f 1669 1670 1661
f 1670 1663 1661
f 1666 2515 1667
f 180 182 181
f 1672 1657 2518
f 1680 1677 1682
f 1701 1680 1683
f 1686 1685 1684
f 1685 2523 1684
f 1687 2524 1685
f 1670 1686 1663
f 1691 1690 2525
f 183 182 1674
f 1694 1693 1674
f 1698 1697 1696
f 2530 1697 1700
f 1698 1700 1697
f 1699 1700 1698
f 1680 1701 1692
f 1702 1699 1696
f 1702 1712 1700
f 1686 1705 1687
f 1705 1703 1706
f 1705 1706 1708
f 2527 1709 1690
f 1709 1707 1690
f 2536 1707 1709
f 1711 1710 1696
f 1713 2539 1711
f 1715 1714 1713
f 1718 1715 1713
f 1719 1720 1707
f 1721 1722 2547
f 1728 1721 1727
f 1728 1727 2548
f 1729 1722 1728
f 1733 1731 2551
f 1724 185 184
f 1736 1737 1735
f 1739 1737 1736
f 1740 1734 1726
f 1734 1738 1736
f 1744 2555 1740
f 1745 2557 2556
f 1747 1742 1733
f 1747 1748 1742
f 1747 1733 2558
f 1747 1749 1748
f 1750 187 185
f 1753 1752 1750
f 1754 1753 1735
f 1757 1737 1739
f 1759 1743 1742
f 1761 1760 1743
f 1760 2557 1746
f 1762 1759 1742
f 1763 1762 1748
f 1764 1761 1743
f 1764 2567 1761
f 2567 1764 1765
f 2570 1765 1766
f 1767 1762 1763
f 2571 1768 1767
f 1755 1752 1753
f 1770 1753 1771
f 1772 1771 1753
f 1754 1772 1753
f 1773 1772 1754
f 1777 189 1776
f 1772 1777 1774
f 1772 189 1777
f 1779 1773 1754
f 1756 1781 1779
f 1787 1784 1786
f 1762 1785 1759
f 2579 1792 1791
f 1793 190 189
f 1793 1796 1795
f 1796 1798 1795
f 1780 1799 1773
f 1799 1794 1793
f 1802 1799 1780
f 1802 1803 1799
f 1802 1780 1801
f 1805 1800 1803
f 1805 1803 1806
f 1808 1805 1807
f 1817 1811 1810
f 1817 1812 1811
f 1817 1813 1812
f 1809 1789 1786
f 1814 1789 1809
f 1812 1813 1815
f 1812 2583 1811
f 1813 1805 1808
f 1785 1809 1786
f 1792 1819 1791
f 1816 1817 1785
f 1819 1816 1762
f 1818 1819 1792
f 1827 1817 1816
f 1821 2586 1820
f 1822 1820 1794
f 1822 1824 1821
f 1824 1825 1821
f 1827 1794 1800
f 1823 1829 1824
f 1829 1826 1824
f 1832 1830 1827
f 1833 1832 1827
f 1836 1834 1835
f 1823 1838 1829
f 1839 1823 1828
f 1823 1840 1838
f 1839 1842 1840
f 1839 1843 1842
f 1843 1844 1842
f 1848 1845 1847
f 1849 1848 2596
f 1839 1850 1843
f 1853 1851 1846
f 1852 1854 1853
f 1856 1852 1841
f 1852 1855 1854
f 240 242 1857
f 236 1858 240
f 236 240 1857
f 244 237 236
f 1859 244 236
f 241 245 1859
f 1859 236 1860
f 1859 1860 256
f 251 1857 242
f 1864 249 1861
f 1864 250 249
f 236 1857 1860
f 1862 1857 1863
f 1861 1862 1863
f 1864 1861 1863
f 254 1867 1865
f 255 1866 1867
f 252 1866 255
f 1860 1857 1866
f 1866 1857 1862
f 256 1866 252
f 1865 1867 1861
f 1866 1862 1867
f 1870 258 1868
f 1869 260 1870
f 1871 1870 272
f 1871 272 1881
f 1872 1871 1881
f 1857 251 49
f 267 1874 266
f 1875 1868 259
f 272 1868 1875
f 1881 272 1877
f 274 1878 291
f 1879 275 291
f 1879 1878 1876
f 1878 274 277
f 1882 1873 1881
f 1882 1881 1876
f 280 303 1883
f 1882 1883 1884
f 1885 1873 1882
f 1885 1886 273
f 1886 1894 1892
f 281 287 283
f 49 46 288
f 1887 49 309
f 1887 287 286
f 309 49 288
f 287 1887 1888
f 1890 1877 1889
f 299 322 298
f 303 300 304
f 305 1892 306
f 1892 1895 1893
f 1892 1894 1895
f 1894 1905 1895
f 1888 309 1899
f 309 308 313
f 1897 310 1896
f 319 316 1897
f 1897 1896 1889
f 1898 1897 1889
f 1901 1898 1889
f 1902 1889 1900
f 322 1903 321
f 1905 324 327
f 1905 327 1904
f 1893 1906 307
f 1895 1905 1907
f 1906 1907 347
f 332 1908 331
f 1908 332 333
f 1900 1889 330
f 331 1908 330
f 1910 335 338
f 1909 1900 1910
f 1910 1908 333
f 337 1910 333
f 1900 320 1903
f 1909 334 320
f 1911 1904 326
f 346 340 1912
f 343 342 345
f 1913 1904 1911
f 1905 1904 1913
f 343 1912 340
f 1911 346 1913
f 1913 343 352
f 1907 1905 1913
f 1907 1913 1917
f 351 1907 1917
f 1918 358 349
f 359 59 1914
f 1919 359 1914
f 1914 195 196
f 1919 1914 196
f 343 345 352
f 357 1916 1915
f 1917 352 1915
f 353 1917 1916
f 196 197 198
f 1919 196 198
f 1927 62 1925
f 1920 361 1919
f 1920 198 1921
f 1923 361 1920
f 363 361 1923
f 364 363 1923
f 1923 1921 1922
f 364 1922 1927
f 1926 372 369
f 1927 1925 372
f 377 380 378
f 375 1929 379
f 378 1930 1928
f 382 1931 381
f 1927 1928 1930
f 1924 364 1927
f 1924 365 364
f 387 1924 1932
f 387 383 1924
f 388 386 387
f 388 387 1932
f 1933 388 411
f 385 389 1933
f 395 396 390
f 397 417 394
f 372 1926 73
f 1935 1928 73
f 379 1935 395
f 1935 73 1934
f 395 397 396
f 1932 1930 1936
f 411 1932 1936
f 1938 1936 406
f 402 401 406
f 411 412 403
f 403 412 407
f 411 1936 1938
f 408 1940 1939
f 412 1941 410
f 397 434 1942
f 1943 418 421
f 1943 421 1942
f 406 405 426
f 427 424 425
f 1938 406 427
f 1939 432 428
f 432 1938 427
f 432 433 423
f 1944 1943 1942
f 441 1944 1942
f 1942 436 440
f 1947 441 1942
f 443 1947 1953
f 1948 443 1953
f 1957 1948 1953
f 433 1950 431
f 431 1950 430
f 1946 1945 450
f 1951 1950 433
f 1950 1952 430
f 1951 1949 1954
f 1952 1951 1954
f 459 1956 1955
f 1954 440 1955
f 1953 440 1954
f 1959 445 1957
f 1959 1957 1953
f 1959 1953 1954
f 1949 1959 1954
f 1954 1955 1958
f 464 1954 460
f 1952 1960 463
f 1963 1962 1969
f 1964 469 1963
f 474 1965 473
f 1965 1966 473
f 476 1966 1965
f 1967 475 460
f 476 1967 1966
f 1968 480 78
f 480 481 76
f 1969 78 1970
f 1971 1964 1969
f 1972 1971 1969
f 1974 1973 1972
f 1975 485 1974
f 499 485 1975
f 498 491 488
f 491 1976 488
f 494 1978 497
f 492 495 498
f 1979 497 1978
f 1979 1970 497
f 511 506 510
f 1981 510 1983
f 1975 1974 1982
f 1984 1981 1983
f 1976 1977 516
f 82 79 517
f 516 1977 517
f 518 516 1991
f 1979 503 540
f 522 1986 521
f 522 1981 1986
f 1986 1979 540
f 527 523 1987
f 1984 1983 1988
f 1984 1988 1985
f 1988 527 1987
f 1990 1989 529
f 513 1985 528
f 1985 1990 528
f 517 515 534
f 517 534 552
f 538 536 537
f 538 537 1993
f 1986 543 521
f 1987 525 546
f 546 544 547
f 1989 550 529
f 1989 1990 1994
f 550 2003 548
f 550 1994 1995
f 538 1993 1997
f 1997 552 554
f 558 1998 559
f 538 1997 558
f 2000 540 560
f 543 2000 563
f 1999 563 2000
f 547 564 565
f 562 561 1999
f 566 562 1999
f 547 569 2001
f 1999 2000 2001
f 549 2003 570
f 1995 547 2006
f 1995 2006 2003
f 560 539 573
f 572 2004 573
f 575 2004 572
f 575 2005 2004
f 2006 560 573
f 2008 2005 581
f 582 2007 581
f 570 2006 576
f 2008 585 584
f 2009 2008 584
f 583 577 585
f 2010 586 84
f 2011 2010 84
f 2012 2011 2014
f 2011 84 2013
f 2013 84 85
f 2015 591 2012
f 2015 2012 2014
f 591 2015 2016
f 2016 2015 2019
f 594 2017 85
f 2017 2013 85
f 2019 2014 2013
f 2019 2013 2020
f 602 2023 2026
f 2026 2023 2024
f 2025 2026 2024
f 2020 2021 2027
f 2024 2020 2028
f 2030 2028 2033
f 2031 2025 2030
f 2030 2033 2034
f 624 2032 2037
f 629 612 628
f 629 628 649
f 2034 2033 2035
f 2033 614 629
f 2035 2033 649
f 630 634 616
f 633 631 625
f 630 618 634
f 641 622 624
f 639 622 641
f 641 2037 2038
f 2039 2038 2040
f 644 642 2039
f 644 2040 2041
f 645 642 644
f 645 2041 2047
f 2042 648 669
f 635 2043 627
f 627 2043 651
f 2036 649 2042
f 2036 2042 2052
f 2043 2052 651
f 657 2046 2045
f 2041 90 2044
f 664 662 645
f 664 645 2047
f 667 663 2049
f 2050 667 2049
f 2050 2049 2051
f 669 2050 2051
f 2051 664 2047
f 2051 2047 2044
f 2052 2044 2054
f 2052 2042 2051
f 2052 671 670
f 678 2053 676
f 2054 2053 681
f 680 2055 681
f 2055 677 2057
f 2054 2057 682
f 691 684 688
f 694 691 2058
f 2058 688 2063
f 2059 695 694
f 2059 694 2058
f 2060 2058 2061
f 2061 2058 2063
f 2060 698 2058
f 700 699 2060
f 700 2060 2061
f 687 689 92
f 2063 92 2064
f 2064 92 719
f 719 92 96
f 706 2065 709
f 709 2064 708
f 2065 2063 709
f 707 2066 2065
f 2063 2066 2068
f 2067 2063 2069
f 2070 2062 2067
f 2072 96 98
f 720 2074 2069
f 2067 2069 2075
f 2075 2069 2074
f 722 725 728
f 724 728 725
f 2067 2075 2076
f 2077 2067 2076
f 2076 722 728
f 728 724 729
f 2076 728 729
f 2071 2067 2077
f 2071 2077 730
f 98 97 739
f 739 734 2078
f 2079 98 739
f 2079 739 2078
f 2079 2078 754
f 2080 743 740
f 744 740 743
f 748 746 2083
f 2083 746 749
f 732 752 730
f 752 2084 753
f 2078 737 754
f 754 755 756
f 2081 2079 756
f 761 2085 757
f 2086 742 2082
f 765 782 764
f 772 771 767
f 749 747 2087
f 777 775 776
f 778 770 773
f 2088 753 2084
f 2084 2087 2088
f 2088 2087 2090
f 2088 794 779
f 2086 783 782
f 772 767 786
f 778 772 2090
f 2090 772 786
f 794 2090 786
f 2088 2090 794
f 2092 2093 792
f 2093 2092 794
f 800 798 797
f 785 2095 788
f 802 2095 785
f 2095 804 788
f 804 2091 786
f 803 804 2095
f 805 2093 2091
f 2096 810 100
f 2100 808 2096
f 808 797 809
f 817 797 2098
f 2099 817 2098
f 2101 2099 2100
f 2102 2101 2100
f 2103 2102 2100
f 2105 2096 104
f 824 2104 2105
f 2106 104 106
f 826 833 829
f 831 2097 830
f 839 837 840
f 2107 2100 2097
f 2107 839 840
f 2109 2108 2107
f 2116 2108 2109
f 847 2108 2116
f 2114 2112 2111
f 825 2105 2106
f 825 2106 856
f 856 874 854
f 875 106 2123
f 860 865 845
f 861 2116 2109
f 2117 2109 2107
f 862 2118 865
f 2120 2113 2108
f 2120 2118 2119
f 2120 2119 890
f 868 2121 867
f 2114 2113 868
f 2123 855 875
f 2124 872 876
f 2125 2106 875
f 2125 874 2106
f 875 2124 876
f 874 2126 869
f 2128 2126 2125
f 2132 881 2127
f 885 861 2117
f 2129 2117 2115
f 912 885 2117
f 890 863 886
f 892 887 889
f 2130 890 891
f 2121 2113 2122
f 2130 2122 2120
f 2121 894 893
f 2121 2122 894
f 2130 891 917
f 894 2131 895
f 2131 894 2122
f 876 873 899
f 2136 875 876
f 2133 2128 2125
f 2136 2133 875
f 2136 899 2134
f 2136 2134 2135
f 2132 2137 903
f 2132 2133 906
f 2115 859 930
f 885 912 884
f 913 908 2139
f 2141 2129 2138
f 2141 2139 912
f 2141 913 2139
f 2140 913 2141
f 892 889 917
f 2143 917 2142
f 2143 2142 918
f 2141 2144 918
f 2144 2122 2130
f 2131 919 897
f 919 2131 2144
f 2145 922 927
f 2147 925 2146
f 2133 2136 2135
f 2133 2135 929
f 898 2133 928
f 906 2133 898
f 931 2148 930
f 2148 2138 930
f 935 936 934
f 2149 2138 932
f 936 2150 2149
f 935 2150 936
f 2152 2151 2149
f 939 2152 2150
f 2144 2154 940
f 2154 2144 2151
f 2154 2153 937
f 2155 2145 108
f 2147 2146 2145
f 2147 948 946
f 2157 948 2156
f 950 949 953
f 952 948 2157
f 953 952 2157
f 2160 2157 2156
f 2163 2157 2160
f 2162 2163 2160
f 2166 975 2165
f 2169 958 2168
f 2163 2167 2166
f 2169 2167 2163
f 2169 2168 2167
f 2159 985 982
f 2159 998 985
f 2170 2159 2169
f 2171 2155 112
f 967 2172 988
f 2172 967 2160
f 2172 2160 2171
f 2173 2169 2162
f 993 2176 992
f 993 994 2176
f 2169 2163 2162
f 2178 2170 2175
f 998 1017 997
f 2186 2170 2179
f 1017 998 2186
f 988 1005 987
f 2182 2171 112
f 2172 2181 1005
f 114 113 1001
f 2180 2181 2182
f 994 995 1010
f 1010 995 1011
f 1011 1007 1031
f 2179 994 1010
f 2179 1011 2184
f 2184 2183 2179
f 2184 1011 1031
f 1018 2185 1016
f 1019 2186 2179
f 2187 2183 2184
f 1005 2181 1000
f 2181 2180 1004
f 2181 1004 1003
f 1025 1020 1024
f 1032 1027 1033
f 2184 1031 1032
f 2189 1032 1033
f 2193 2189 1033
f 1025 1024 2188
f 2188 1034 1025
f 1036 2187 1040
f 2191 1043 1041
f 2192 2188 1024
f 1041 1044 2191
f 2192 2191 1044
f 2193 2190 2188
f 2192 2193 2188
f 2196 2194 2192
f 2197 1040 2194
f 2194 2187 2193
f 1040 2197 1039
f 1051 2197 2194
f 1051 2198 1048
f 2198 1051 2194
f 1052 2199 1044
f 1047 2200 2199
f 2199 2196 2195
f 2200 2196 2199
f 2198 2196 1054
f 2196 2200 1053
f 2202 1061 1058
f 2203 1055 2201
f 2203 2201 2204
f 2204 200 117
f 1058 2203 2204
f 1058 2204 2207
f 2207 2206 2202
f 2207 1064 2206
f 2208 117 201
f 2209 1073 1064
f 2211 1069 1073
f 2211 1073 2210
f 2214 1070 2211
f 2214 2211 2212
f 2214 2212 2213
f 2215 1075 2214
f 2215 2214 2225
f 2219 1078 2217
f 2219 2217 2218
f 2219 2218 2220
f 2220 1081 2219
f 2222 1087 2221
f 2209 2208 2223
f 2221 2223 2224
f 2221 1086 2223
f 2226 1094 1090
f 2228 2223 2227
f 2230 1098 1075
f 2230 1075 2215
f 2230 2215 2225
f 2230 2225 2228
f 2231 2227 2229
f 1101 2216 1077
f 1106 2216 1101
f 2218 2217 2216
f 2232 1098 2230
f 2232 2230 2228
f 1105 2232 2228
f 1105 2228 2231
f 1106 1105 2231
f 2216 1106 2231
f 1083 1107 1082
f 2243 1128 2222
f 1115 2234 1114
f 2235 2234 1115
f 2235 1115 2236
f 2237 2235 1133
f 2238 1107 1108
f 2239 2238 1108
f 2233 2235 2237
f 1121 2239 2240
f 2239 2237 2240
f 1123 2239 1121
f 1124 2242 119
f 2241 1127 1109
f 2208 201 120
f 1125 2242 1124
f 2243 2242 1125
f 1133 2236 1119
f 1131 1133 1119
f 2245 1136 2237
f 1135 2240 1136
f 2240 1135 1121
f 2240 2237 1136
f 2248 1135 1136
f 2245 1133 1134
f 2249 1134 2255
f 2250 1140 1142
f 2251 1140 2252
f 1150 1149 2254
f 2253 1148 1141
f 2255 1134 1150
f 1150 2254 2256
f 2253 1145 2251
f 2255 1150 2256
f 2253 2251 2256
f 2256 2251 2252
f 2249 2255 2262
f 2247 2249 2262
f 2262 2256 2252
f 1155 1159 2257
f 1158 1156 2258
f 2257 1159 1162
f 2258 1163 2259
f 2260 1160 1158
f 2260 1158 2258
f 2260 2258 2259
f 2252 1168 2261
f 1172 1173 2261
f 2264 1152 2263
f 2262 2252 1173
f 122 1162 1161
f 2259 1162 122
f 2265 2271 2276
f 2277 2267 2268
f 2272 1180 1179
f 2270 2271 2272
f 2271 122 127
f 2272 2271 2273
f 1189 2274 2270
f 2274 2276 2270
f 2265 2276 2268
f 2268 2276 2278
f 2268 2278 2279
f 2268 2281 2277
f 2282 1202 1201
f 2284 1203 1202
f 2283 1197 1200
f 2286 1204 2284
f 2285 2283 1200
f 2287 1205 2286
f 2288 1207 1184
f 1211 1188 1206
f 2289 1212 2288
f 2273 1188 2290
f 2289 2273 2290
f 2290 1211 1213
f 1219 2279 1194
f 2280 2279 2293
f 2280 1223 2281
f 1226 2294 1225
f 2296 2295 1226
f 2285 1200 2295
f 2297 2295 2296
f 2287 2286 2285
f 2298 1227 2287
f 2285 2295 2297
f 2285 2297 2298
f 1213 1210 2300
f 2289 2290 2301
f 203 2299 129
f 2301 2299 203
f 2291 2301 203
f 1238 1237 1236
f 2291 2289 2301
f 2291 203 2302
f 1239 1242 1243
f 2304 1243 1242
f 1243 2292 1218
f 2280 2293 1243
f 1244 1238 2302
f 2304 1244 2302
f 2303 1243 2304
f 1245 2280 2303
f 1248 2296 1229
f 2306 2305 1247
f 2305 2297 1248
f 1251 2298 2307
f 2307 2297 2305
f 2309 203 133
f 2308 1269 2309
f 2310 133 132
f 1261 2310 1260
f 1261 133 2310
f 2321 1262 1258
f 1265 1269 2308
f 2311 1269 1266
f 1271 2311 1267
f 2313 203 2309
f 2313 2309 2312
f 2313 1272 1222
f 2313 1254 1272
f 1275 2313 2315
f 1276 1275 2315
f 2316 2315 2312
f 2316 2312 2314
f 2317 2306 1277
f 1280 1264 1276
f 2319 2306 2317
f 2318 1276 2316
f 2319 2317 2318
f 2318 2316 2319
f 2319 2316 2314
f 2320 1270 1281
f 2307 2305 2319
f 2314 2320 1281
f 1283 1271 1267
f 1285 1283 1282
f 1287 1285 1282
f 1289 1285 1287
f 2323 1271 2322
f 2323 2322 2324
f 1295 1296 1289
f 2323 2324 1296
f 1296 1294 2325
f 2314 1271 2323
f 1292 1298 2323
f 1301 221 218
f 1301 218 222
f 224 2327 222
f 222 2328 1301
f 2327 2330 222
f 2331 2326 2330
f 2330 1304 2331
f 2335 1306 1305
f 160 159 161
f 1310 1308 1309
f 1311 1308 1310
f 1308 2329 224
f 2329 1316 2333
f 1311 2332 1308
f 1317 2333 1314
f 2333 2327 2329
f 1315 2333 1316
f 2333 1315 1314
f 2334 1313 1315
f 2334 1316 2332
f 1321 2335 1319
f 2337 2334 2332
f 2338 1328 2337
f 2338 2337 2332
f 2336 2332 1311
f 2340 1328 2338
f 2340 2338 2339
f 2340 1331 1328
f 2341 1332 2340
f 2336 1327 2342
f 2341 2340 2339
f 2341 1341 1332
f 1341 2341 2339
f 2343 1338 1341
f 2343 1339 1338
f 2339 2343 1341
f 1339 2343 2339
f 1339 1342 1330
f 1343 162 225
f 2346 1343 225
f 2345 1343 2346
f 2347 2345 2346
f 164 2346 225
f 2348 2347 2349
f 2350 2348 2349
f 1353 2351 1350
f 2351 2339 1336
f 2353 2344 2339
f 2352 2344 2353
f 2353 1340 2352
f 1370 2353 2351
f 1358 2354 1357
f 2355 2346 164
f 2357 2356 2350
f 2358 2356 2357
f 2355 2357 2349
f 2359 1361 2356
f 2359 2356 2358
f 2360 2359 2358
f 2360 2362 2361
f 2363 2362 2360
f 2365 1364 2362
f 2363 1366 2365
f 2364 1366 2363
f 1367 1353 1354
f 1370 2366 1368
f 1376 1373 166
f 2368 2354 1380
f 1388 1386 1385
f 2368 2363 2354
f 2370 2363 2368
f 1393 1365 2364
f 1387 1365 2372
f 1394 1387 2372
f 2370 1394 2372
f 2371 2370 2369
f 1395 1387 2373
f 1398 1395 2373
f 1397 1395 1398
f 2370 1398 2373
f 1402 2374 2377
f 2375 1377 2367
f 2376 1377 2375
f 2377 2367 166
f 2377 2375 2367
f 2376 1399 1377
f 2379 1407 2376
f 2380 1407 2379
f 2380 1404 1407
f 2381 2378 2380
f 1406 1404 2378
f 2382 1406 2378
f 2382 2378 2381
f 2384 2383 2382
f 2385 2383 2384
f 1392 2371 1386
f 2385 1408 2383
f 1411 2387 1409
f 2387 2371 1392
f 2388 2371 2387
f 1416 1417 1418
f 1417 1397 2370
f 2390 1417 2371
f 2371 1420 2390
f 1419 2390 1420
f 2390 1419 1418
f 2392 2371 2389
f 2392 2391 2371
f 1426 2394 2393
f 2393 2384 2377
f 1451 2396 1431
f 2398 1432 2386
f 2397 2386 2385
f 2398 2386 2397
f 2399 2397 2393
f 2396 2403 2395
f 1439 1432 1435
f 1438 1437 2400
f 2399 1439 1435
f 2400 1439 2399
f 2401 2400 2399
f 1415 2401 2399
f 2403 2399 2395
f 2403 1415 2399
f 2402 1441 2391
f 1447 170 226
f 171 2405 226
f 2406 1444 2404
f 1449 1448 2408
f 2410 2408 2405
f 2410 2409 2408
f 2411 1449 2409
f 2410 2411 2409
f 1453 2413 2396
f 2414 1460 1458
f 1455 2396 2413
f 1455 2415 2396
f 1460 2415 1455
f 2416 2415 2414
f 2414 2415 1460
f 2417 1461 1440
f 1461 2417 1462
f 1462 2417 2415
f 2418 2416 1464
f 1464 1465 1463
f 1469 2419 1467
f 1475 1476 1474
f 1479 2421 1475
f 1495 2422 2421
f 1482 1477 2425
f 1481 2423 2424
f 2424 1482 2425
f 2422 2424 2420
f 2426 1482 2424
f 1490 1477 1482
f 1487 1485 2428
f 1489 2414 2427
f 2426 1490 1482
f 2429 1489 1487
f 2426 2428 1490
f 2426 1487 2428
f 1465 1464 2416
f 2431 2416 2414
f 1496 2432 1495
f 1500 2432 1496
f 1502 2433 1500
f 1503 2433 1502
f 2431 2426 2422
f 2433 2434 1500
f 1503 2434 2433
f 2435 1506 1491
f 1507 1508 2434
f 228 2437 1514
f 2436 1510 2438
f 2441 2440 2436
f 2437 2441 2438
f 1516 1515 2442
f 1518 1516 2442
f 2441 2442 2440
f 1519 1517 2443
f 2445 2444 1522
f 1526 1525 2447
f 227 2450 2437
f 1529 1532 1531
f 1530 1533 1532
f 2449 2448 2437
f 1532 2448 2449
f 1535 2451 1533
f 2452 2445 2448
f 2453 2452 2448
f 2448 2443 2437
f 2448 2445 2443
f 1540 2452 2453
f 2456 2454 2445
f 2457 2455 2454
f 2457 1543 2455
f 2456 2445 2452
f 2459 1546 2450
f 2461 1549 2459
f 2462 2450 227
f 2462 2459 2450
f 2460 229 176
f 2462 2461 2459
f 1550 1552 1540
f 2463 1556 1554
f 2463 2456 2452
f 1556 2463 1552
f 2464 1558 2458
f 2458 1544 1543
f 2456 2464 2458
f 2465 2456 2463
f 1571 2465 2463
f 1561 2466 1559
f 2467 2466 1561
f 2466 227 2460
f 2468 2462 227
f 2469 2468 2466
f 2467 2477 2466
f 2472 1565 2471
f 2462 1566 2461
f 1571 2463 1555
f 2474 1572 2464
f 2475 1572 2474
f 2476 2465 1571
f 2474 2464 2465
f 1597 2476 1571
f 2476 2474 2465
f 1600 2476 1597
f 2477 2467 1574
f 1581 2478 1576
f 2469 2471 2468
f 1585 1577 2479
f 1588 1587 1591
f 1594 1595 1588
f 2483 1599 1600
f 2483 1600 1597
f 2482 2483 2481
f 2478 2480 1576
f 1602 1604 2478
f 1604 2484 2480
f 1606 2484 1604
f 2482 1591 2480
f 1612 2486 1610
f 2482 2481 1591
f 2486 2482 2484
f 2482 1596 1613
f 1613 2483 2482
f 1612 2482 2486
f 2487 1619 230
f 2488 1619 2487
f 1616 1615 2488
f 2491 2487 179
f 1618 1615 2489
f 1620 1618 2489
f 1623 1621 2490
f 1624 2485 1611
f 1625 2492 2485
f 2492 1610 2486
f 1632 1622 1623
f 1632 1623 2496
f 1637 1635 2498
f 1638 1635 1637
f 1640 1638 2500
f 2501 1643 2503
f 2502 2503 2504
f 1651 2509 2504
f 2501 2499 2494
f 1653 1639 2508
f 1652 1639 2506
f 1648 1653 2508
f 2507 1654 1648
f 2502 2507 2499
f 1675 1657 1658
f 2509 2505 2502
f 2509 1659 2510
f 1660 2510 1659
f 1684 2512 1664
f 2510 2505 2509
f 2511 2505 2510
f 2512 2505 2511
f 2523 2505 2512
f 2514 1669 2513
f 2505 2507 2502
f 1655 2507 2505
f 2513 2515 2514
f 1665 1655 2515
f 2516 2514 2505
f 2514 1671 1670
f 2518 1657 1675
f 2517 1658 231
f 2517 1675 1658
f 2519 2517 231
f 2517 1678 2518
f 1678 1672 2518
f 2520 1676 1678
f 2517 2520 1678
f 2517 1679 2520
f 2517 1681 1679
f 1681 1676 1679
f 1683 1680 1682
f 1682 1677 1681
f 2521 1681 2517
f 2521 1682 1681
f 2521 1683 1682
f 1688 2523 2524
f 1688 2516 2523
f 2525 1671 2516
f 2525 2526 1691
f 2527 1690 1691
f 1693 2528 2519
f 1694 2528 1693
f 1695 2528 1694
f 2521 2522 1683
f 2529 2521 2519
f 2533 1701 2532
f 2521 2533 2532
f 1708 1688 1687
f 1708 1706 2534
f 2534 2533 2521
f 2535 1708 2534
f 2537 1688 2535
f 2537 2535 2521
f 2536 1709 2527
f 2537 2526 1688
f 2536 2527 2526
f 1711 2539 2538
f 1714 2540 2539
f 1715 2541 2540
f 1716 2541 1715
f 2540 2543 2531
f 2544 1719 2536
f 2542 2543 2540
f 1720 2543 2542
f 1718 2542 1717
f 2548 2546 2547
f 2552 1732 2549
f 2553 1733 2551
f 2564 2554 2545
f 1755 2545 232
f 1740 2555 1741
f 2554 2552 2545
f 1738 1741 2564
f 1744 2556 2555
f 2552 2551 1732
f 2552 2553 2551
f 2552 2558 2553
f 2560 1747 2558
f 1749 2560 2552
f 1757 1751 1737
f 1751 2563 1756
f 2562 1739 2564
f 1758 2562 2564
f 1760 2566 2557
f 1761 2567 2566
f 2566 2559 2557
f 2568 2561 2552
f 2569 2552 2559
f 2569 2568 2552
f 2570 2569 2559
f 2571 2561 2568
f 2569 1768 2571
f 2563 1758 2565
f 1775 1755 1770
f 2572 1755 1775
f 2572 2565 1755
f 1774 2572 1775
f 1778 1777 1776
f 1782 1773 2573
f 1781 2563 2565
f 2574 1781 2565
f 2573 1781 2574
f 1782 2573 2574
f 1783 1766 1787
f 1789 1788 1786
f 2575 2570 1787
f 1762 2576 1790
f 2576 2577 1791
f 1769 2569 2576
f 2578 2569 2570
f 2577 2576 2569
f 2575 2578 2570
f 2577 2579 1791
f 1796 2580 1798
f 2581 1776 234
f 2581 2572 1776
f 2581 2574 2572
f 2574 1801 1782
f 1804 1801 2574
f 1806 2582 1804
f 2587 1806 2574
f 2584 1814 1810
f 2585 1816 1818
f 1794 2586 2580
f 2587 2574 2581
f 2588 2587 2586
f 2586 1821 1825
f 1825 1824 1826
f 1815 1806 2587
f 1815 1807 1806
f 2590 2585 1815
f 1835 1834 1833
f 1831 1827 1816
f 1831 2585 2590
f 2590 1833 1831
f 1835 1833 2590
f 2589 2590 2588
f 1837 1835 2591
f 1829 2592 1826
f 1840 1844 2593
f 1840 1842 1844
f 1847 1837 2591
f 2598 2591 2594
f 2596 1847 2591
f 2597 2596 2598
f 1850 2599 1843
f 1854 2602 1853
f 2598 2595 2601
f 1851 2601 2600
f 1856 2597 2598
f 1856 2598 2602
f 1856 2602 1855
# 5168 faces
