# Blender 5.0.0
# www.blender.org
mtllib sr2planet_fix.mtl
o Icosphere
v 0.000000 -4.490000 0.000000
v 3.248997 -2.008016 2.360507
v -1.240982 -2.008017 3.819415
v -4.015974 -2.007998 0.000000
v -1.240982 -2.008017 -3.819415
v 3.248997 -2.008016 -2.360507
v 1.240982 2.008017 3.819415
v -3.248997 2.008016 2.360507
v -3.248997 2.008016 -2.360507
v 1.240982 2.008017 -3.819415
v 4.015974 2.007998 0.000000
v 0.000000 4.490000 0.000000
v -0.729425 -3.819438 2.244979
v 1.909699 -3.819437 1.387461
v 1.180281 -2.360562 3.632462
v 3.819409 -2.360554 0.000000
v 1.909699 -3.819437 -1.387461
v -2.360527 -3.819426 0.000000
v -3.089970 -2.360555 2.244986
v -0.729425 -3.819438 -2.244979
v -3.089970 -2.360555 -2.244986
v 1.180281 -2.360562 -3.632462
v 4.270250 0.000000 1.387467
v 4.270250 0.000000 -1.387467
v 0.000000 0.000000 4.490000
v 2.639157 0.000000 3.632485
v -4.270250 0.000000 1.387467
v -2.639157 0.000000 3.632485
v -2.639157 0.000000 -3.632485
v -4.270250 0.000000 -1.387467
v 2.639157 0.000000 -3.632485
v 0.000000 0.000000 -4.490000
v 3.089970 2.360555 2.244986
v -1.180281 2.360562 3.632462
v -3.819409 2.360554 0.000000
v -1.180281 2.360562 -3.632462
v 3.089970 2.360555 -2.244986
v 0.729425 3.819438 2.244979
v 2.360527 3.819426 0.000000
v -1.909699 3.819437 1.387461
v -1.909699 3.819437 -1.387461
v 0.729425 3.819438 -2.244979
vn 0.1024 -0.9435 0.3151
vn 0.7002 -0.6617 0.2680
vn -0.2680 -0.9435 0.1947
vn -0.2680 -0.9435 -0.1947
vn 0.1024 -0.9435 -0.3151
vn 0.9050 -0.3304 0.2680
vn 0.0247 -0.3304 0.9435
vn -0.8897 -0.3304 0.3151
vn -0.5746 -0.3304 -0.7488
vn 0.5346 -0.3304 -0.7779
vn 0.8026 -0.1256 0.5831
vn -0.3066 -0.1256 0.9435
vn -0.9921 -0.1256 -0.0000
vn -0.3066 -0.1256 -0.9435
vn 0.8026 -0.1256 -0.5831
vn 0.4089 0.6617 0.6284
vn -0.4713 0.6617 0.5831
vn -0.7002 0.6617 -0.2680
vn 0.0385 0.6617 -0.7488
vn 0.7240 0.6617 -0.1947
vn 0.2680 0.9435 -0.1947
vn 0.4911 0.7947 -0.3568
vn 0.4089 0.6617 -0.6284
vn -0.1024 0.9435 -0.3151
vn -0.1876 0.7947 -0.5773
vn -0.4713 0.6617 -0.5831
vn -0.3313 0.9435 -0.0000
vn -0.6071 0.7947 -0.0000
vn -0.7002 0.6617 0.2680
vn -0.1024 0.9435 0.3151
vn -0.1876 0.7947 0.5773
vn 0.0385 0.6617 0.7488
vn 0.2680 0.9435 0.1947
vn 0.4911 0.7947 0.3568
vn 0.7240 0.6617 0.1947
vn 0.8897 0.3304 -0.3151
vn 0.7947 0.1876 -0.5773
vn 0.5746 0.3304 -0.7488
vn -0.0247 0.3304 -0.9435
vn -0.3035 0.1876 -0.9342
vn -0.5346 0.3304 -0.7779
vn -0.9050 0.3304 -0.2680
vn -0.9822 0.1876 -0.0000
vn -0.9050 0.3304 0.2680
vn -0.5346 0.3304 0.7779
vn -0.3035 0.1876 0.9342
vn -0.0247 0.3304 0.9435
vn 0.5746 0.3304 0.7488
vn 0.7947 0.1876 0.5773
vn 0.8897 0.3304 0.3151
vn 0.3066 0.1256 -0.9435
vn 0.3035 -0.1876 -0.9342
vn 0.0247 -0.3304 -0.9435
vn -0.8026 0.1256 -0.5831
vn -0.7947 -0.1876 -0.5773
vn -0.8897 -0.3304 -0.3151
vn -0.8026 0.1256 0.5831
vn -0.7947 -0.1876 0.5773
vn -0.5746 -0.3304 0.7488
vn 0.3066 0.1256 0.9435
vn 0.3035 -0.1876 0.9342
vn 0.5346 -0.3304 0.7779
vn 0.9921 0.1256 -0.0000
vn 0.9822 -0.1876 -0.0000
vn 0.9050 -0.3304 -0.2680
vn 0.4713 -0.6617 -0.5831
vn 0.1876 -0.7947 -0.5773
vn -0.0385 -0.6617 -0.7488
vn -0.4089 -0.6617 -0.6284
vn -0.4911 -0.7947 -0.3568
vn -0.7240 -0.6617 -0.1947
vn -0.7240 -0.6617 0.1947
vn -0.4911 -0.7947 0.3568
vn -0.4089 -0.6617 0.6284
vn 0.7002 -0.6617 -0.2680
vn 0.6071 -0.7947 -0.0000
vn 0.3313 -0.9435 -0.0000
vn -0.0385 -0.6617 0.7488
vn 0.1876 -0.7947 0.5773
vn 0.4713 -0.6617 0.5831
vt 0.181819 0.000000
vt 0.227273 0.078731
vt 0.136365 0.078731
vt 0.272728 0.157461
vt 0.318182 0.078731
vt 0.363637 0.157461
vt 0.909091 0.000000
vt 0.954545 0.078731
vt 0.863636 0.078731
vt 0.727273 0.000000
vt 0.772727 0.078731
vt 0.681818 0.078731
vt 0.545455 0.000000
vt 0.590909 0.078731
vt 0.500000 0.078731
vt 0.318182 0.236191
vt 0.090910 0.157461
vt 0.181819 0.157461
vt 0.136365 0.236191
vt 0.818182 0.157461
vt 0.909091 0.157461
vt 0.863636 0.236191
vt 0.636364 0.157461
vt 0.727273 0.157461
vt 0.681818 0.236191
vt 0.454546 0.157461
vt 0.545455 0.157461
vt 0.500000 0.236191
vt 0.227273 0.236191
vt 0.045455 0.236191
vt 0.772727 0.236191
vt 0.590909 0.236191
vt 0.409092 0.236191
vt 0.181819 0.314921
vt 0.272728 0.314921
vt 0.227273 0.393651
vt 0.000000 0.314921
vt 0.090910 0.314921
vt 0.045455 0.393651
vt 0.727273 0.314921
vt 0.818182 0.314921
vt 0.772727 0.393651
vt 0.545455 0.314921
vt 0.636364 0.314921
vt 0.590909 0.393651
vt 0.363637 0.314921
vt 0.454546 0.314921
vt 0.409092 0.393651
vt 0.500000 0.393651
vt 0.454546 0.472382
vt 0.681818 0.393651
vt 0.636364 0.472382
vt 0.863636 0.393651
vt 0.818182 0.472382
vt 0.909091 0.314921
vt 0.136365 0.393651
vt 0.090910 0.472382
vt 0.318182 0.393651
vt 0.272728 0.472382
vt 0.954545 0.236191
vt 1.000000 0.157461
vt 0.409092 0.078731
vt 0.363637 0.000000
s 0
f 1/1/1 14/2/1 13/3/1
f 2/4/2 14/5/2 16/6/2
f 1/7/3 13/8/3 18/9/3
f 1/10/4 18/11/4 20/12/4
f 1/13/5 20/14/5 17/15/5
f 2/4/6 16/6/6 23/16/6
f 3/17/7 15/18/7 25/19/7
f 4/20/8 19/21/8 27/22/8
f 5/23/9 21/24/9 29/25/9
f 6/26/10 22/27/10 31/28/10
f 2/4/11 23/16/11 26/29/11
f 3/17/12 25/19/12 28/30/12
f 4/20/13 27/22/13 30/31/13
f 5/23/14 29/25/14 32/32/14
f 6/26/15 31/28/15 24/33/15
f 7/34/16 33/35/16 38/36/16
f 8/37/17 34/38/17 40/39/17
f 9/40/18 35/41/18 41/42/18
f 10/43/19 36/44/19 42/45/19
f 11/46/20 37/47/20 39/48/20
f 39/48/21 42/49/21 12/50/21
f 39/48/22 37/47/22 42/49/22
f 37/47/23 10/43/23 42/49/23
f 42/45/24 41/51/24 12/52/24
f 42/45/25 36/44/25 41/51/25
f 36/44/26 9/40/26 41/51/26
f 41/42/27 40/53/27 12/54/27
f 41/42/28 35/41/28 40/53/28
f 35/41/29 8/55/29 40/53/29
f 40/39/30 38/56/30 12/57/30
f 40/39/31 34/38/31 38/56/31
f 34/38/32 7/34/32 38/56/32
f 38/36/33 39/58/33 12/59/33
f 38/36/34 33/35/34 39/58/34
f 33/35/35 11/46/35 39/58/35
f 24/33/36 37/47/36 11/46/36
f 24/33/37 31/28/37 37/47/37
f 31/28/38 10/43/38 37/47/38
f 32/32/39 36/44/39 10/43/39
f 32/32/40 29/25/40 36/44/40
f 29/25/41 9/40/41 36/44/41
f 30/31/42 35/41/42 9/40/42
f 30/31/43 27/22/43 35/41/43
f 27/22/44 8/55/44 35/41/44
f 28/30/45 34/38/45 8/37/45
f 28/30/46 25/19/46 34/38/46
f 25/19/47 7/34/47 34/38/47
f 26/29/48 33/35/48 7/34/48
f 26/29/49 23/16/49 33/35/49
f 23/16/50 11/46/50 33/35/50
f 31/28/51 32/32/51 10/43/51
f 31/28/52 22/27/52 32/32/52
f 22/27/53 5/23/53 32/32/53
f 29/25/54 30/31/54 9/40/54
f 29/25/55 21/24/55 30/31/55
f 21/24/56 4/20/56 30/31/56
f 27/22/57 28/60/57 8/55/57
f 27/22/58 19/21/58 28/60/58
f 19/21/59 3/61/59 28/60/59
f 25/19/60 26/29/60 7/34/60
f 25/19/61 15/18/61 26/29/61
f 15/18/62 2/4/62 26/29/62
f 23/16/63 24/33/63 11/46/63
f 23/16/64 16/6/64 24/33/64
f 16/6/65 6/26/65 24/33/65
f 17/15/66 22/27/66 6/26/66
f 17/15/67 20/14/67 22/27/67
f 20/14/68 5/23/68 22/27/68
f 20/12/69 21/24/69 5/23/69
f 20/12/70 18/11/70 21/24/70
f 18/11/71 4/20/71 21/24/71
f 18/9/72 19/21/72 4/20/72
f 18/9/73 13/8/73 19/21/73
f 13/8/74 3/61/74 19/21/74
f 16/6/75 17/62/75 6/26/75
f 16/6/76 14/5/76 17/62/76
f 14/5/77 1/63/77 17/62/77
f 13/3/78 15/18/78 3/17/78
f 13/3/79 14/2/79 15/18/79
f 14/2/80 2/4/80 15/18/80
o Text
v -4.231283 0.000004 6.535492
v -4.114968 0.059247 6.327359
v -4.132112 0.056699 6.328101
v -4.149269 0.054190 6.328650
v -4.166429 0.051718 6.329012
v -4.183594 0.049285 6.329186
v -4.200771 0.046891 6.329168
v -4.217947 0.044535 6.328966
v -4.235131 0.042217 6.328573
v -4.252318 0.039938 6.327994
v -4.269510 0.037697 6.327225
v -4.286705 0.035495 6.326271
v -4.303905 0.033331 6.325127
v -4.321109 0.031205 6.323793
v -4.338342 0.029125 6.322224
v -4.355633 0.027097 6.320362
v -4.372991 0.025121 6.318203
v -4.390402 0.023197 6.315755
v -4.407874 0.021325 6.313015
v -4.425404 0.019505 6.309984
v -4.442996 0.017737 6.306658
v -4.460641 0.016021 6.303044
v -4.478343 0.014358 6.299137
v -4.496106 0.012746 6.294939
v -4.513919 0.011187 6.290453
v -4.531787 0.009680 6.285678
v -4.549715 0.008227 6.280602
v -4.567705 0.006828 6.275218
v -4.585753 0.005484 6.269530
v -4.603861 0.004195 6.263534
v -4.622028 0.002960 6.257232
v -4.640251 0.001781 6.250626
v -4.658535 0.000656 6.243712
v -4.676870 -0.000413 6.236497
v -4.695265 -0.001428 6.228975
v -4.713707 -0.002388 6.221155
v -4.732206 -0.003293 6.213031
v -4.750753 -0.004143 6.204607
v -4.769400 -0.004932 6.195816
v -4.787386 -0.005651 6.185569
v -4.804680 -0.006303 6.173825
v -4.822084 -0.006886 6.161619
v -4.839595 -0.007400 6.148956
v -4.857212 -0.007846 6.135833
v -4.874934 -0.008223 6.122252
v -4.892756 -0.008531 6.108217
v -4.910681 -0.008771 6.093727
v -4.928702 -0.008943 6.078784
v -4.946821 -0.009046 6.063390
v -4.965034 -0.009080 6.047547
v -4.994933 -0.008981 6.020710
v -5.023757 -0.008685 5.993762
v -5.051494 -0.008191 5.966714
v -5.078137 -0.007500 5.939572
v -5.103679 -0.006612 5.912344
v -5.128110 -0.005525 5.885035
v -5.151429 -0.004242 5.857652
v -5.173625 -0.002761 5.830199
v -5.194690 -0.001082 5.802688
v -5.214621 0.000794 5.775121
v -5.233409 0.002867 5.747505
v -5.251051 0.005138 5.719846
v -5.267550 0.007591 5.692219
v -5.282907 0.010212 5.664709
v -5.297119 0.013000 5.637317
v -5.310182 0.015955 5.610046
v -5.322093 0.019078 5.582901
v -5.332857 0.022368 5.555879
v -5.342463 0.025825 5.528987
v -5.350914 0.029450 5.502228
v -5.358210 0.033242 5.475597
v -5.364349 0.037201 5.449100
v -5.369328 0.041327 5.422739
v -5.373148 0.045621 5.396514
v -5.375476 0.050077 5.370086
v -5.375232 0.054688 5.342370
v -5.373939 0.059457 5.314896
v -5.371598 0.064381 5.287661
v -5.368211 0.069462 5.260660
v -5.363781 0.074700 5.233898
v -5.358308 0.080093 5.207369
v -5.351793 0.085643 5.181074
v -5.344241 0.091349 5.155007
v -5.335653 0.097212 5.129168
v -5.326032 0.103231 5.103552
v -5.315383 0.109406 5.078159
v -5.303730 0.115720 5.053063
v -5.291104 0.122155 5.028344
v -5.277511 0.128710 5.003991
v -5.262949 0.135386 4.980007
v -5.247429 0.142182 4.956380
v -5.230958 0.149099 4.933105
v -5.213535 0.156137 4.910181
v -5.195175 0.163296 4.887592
v -5.175878 0.170575 4.865337
v -5.155651 0.177975 4.843410
v -5.134506 0.185495 4.821798
v -5.112440 0.193137 4.800504
v -5.085364 0.202249 4.775979
v -5.058029 0.211156 4.753006
v -5.030447 0.219858 4.731571
v -5.002631 0.228354 4.711659
v -4.974593 0.236644 4.693260
v -4.946348 0.244728 4.676359
v -4.917903 0.252606 4.660947
v -4.889275 0.260279 4.647010
v -4.860465 0.267746 4.634549
v -4.831490 0.275008 4.623544
v -4.802356 0.282063 4.613995
v -4.773070 0.288913 4.605892
v -4.743721 0.295564 4.599099
v -4.714385 0.302024 4.593489
v -4.685068 0.308291 4.589056
v -4.655770 0.314366 4.585803
v -4.626506 0.320249 4.583718
v -4.597270 0.325940 4.582811
v -4.566918 0.331439 4.581926
v -4.535395 0.336747 4.581007
v -4.503809 0.341862 4.581161
v -4.472167 0.346785 4.582388
v -4.440468 0.351516 4.584692
v -4.408716 0.356055 4.588071
v -4.376960 0.360403 4.592492
v -4.345257 0.364558 4.597904
v -4.313603 0.368521 4.604321
v -4.282001 0.372292 4.611741
v -4.250446 0.375872 4.620175
v -4.218941 0.379259 4.629624
v -4.187476 0.382455 4.640102
v -4.156055 0.385458 4.651609
v -4.124676 0.388269 4.664155
v -4.093329 0.390888 4.677752
v -4.062017 0.393316 4.692401
v -4.030734 0.395551 4.708116
v -3.999555 0.397601 4.724796
v -3.968564 0.399473 4.742334
v -3.937744 0.401167 4.760748
v -3.907099 0.402682 4.780040
v -3.876618 0.404019 4.800222
v -3.846293 0.405178 4.821304
v -3.816113 0.406159 4.843301
v -3.786077 0.406961 4.866211
v -3.754847 0.407585 4.888319
v -3.721271 0.408031 4.908122
v -3.687757 0.408298 4.928812
v -3.654302 0.408387 4.950398
v -3.643091 0.408373 4.957859
v -3.631935 0.408332 4.965425
v -3.620835 0.408264 4.973094
v -3.609790 0.408168 4.980868
v -3.598803 0.408044 4.988746
v -3.587871 0.407893 4.996730
v -3.576989 0.407715 5.004821
v -3.566164 0.407509 5.013015
v -3.555393 0.407276 5.021317
v -3.544672 0.407016 5.029725
v -3.534002 0.406728 5.038242
v -3.523387 0.406412 5.046864
v -3.512917 0.406075 5.055505
v -3.502696 0.405721 5.064067
v -3.492718 0.405351 5.072556
v -3.482985 0.404964 5.080967
v -3.473495 0.404561 5.089303
v -3.464252 0.404142 5.097560
v -3.455252 0.403705 5.105741
v -3.446495 0.403253 5.113844
v -3.437982 0.402784 5.121870
v -3.429711 0.402298 5.129817
v -3.421683 0.401796 5.137687
v -3.413895 0.401278 5.145479
v -3.065759 0.558074 4.621751
v -2.669373 0.558075 4.867977
v -3.747167 0.000004 6.829703
v -4.654721 0.197481 5.217038
v -4.669163 0.192019 5.233511
v -4.682956 0.186691 5.249835
v -4.696095 0.181498 5.266019
v -4.708579 0.176439 5.282060
v -4.720400 0.171514 5.297966
v -4.731563 0.166724 5.313733
v -4.742063 0.162068 5.329365
v -4.751897 0.157547 5.344866
v -4.761062 0.153160 5.360237
v -4.769562 0.148907 5.375476
v -4.777392 0.144789 5.390586
v -4.784553 0.140805 5.405568
v -4.791068 0.136948 5.420444
v -4.796967 0.133208 5.435233
v -4.802245 0.129586 5.449938
v -4.806910 0.126082 5.464553
v -4.810955 0.122696 5.479085
v -4.814384 0.119428 5.493531
v -4.817189 0.116278 5.507894
v -4.819372 0.113246 5.522176
v -4.820938 0.110332 5.536371
v -4.821880 0.107536 5.550486
v -4.822203 0.104857 5.564516
v -4.821903 0.102297 5.578467
v -4.820997 0.099852 5.592335
v -4.819500 0.097519 5.606124
v -4.817409 0.095299 5.619837
v -4.814727 0.093191 5.633468
v -4.811453 0.091196 5.647021
v -4.807592 0.089313 5.660492
v -4.803134 0.087543 5.673887
v -4.798089 0.085885 5.687201
v -4.792456 0.084339 5.700433
v -4.786234 0.082906 5.713583
v -4.779429 0.081585 5.726647
v -4.772037 0.080377 5.739629
v -4.764106 0.079273 5.752530
v -4.755675 0.078265 5.765359
v -4.746741 0.077353 5.778120
v -4.737315 0.076537 5.790804
v -4.727394 0.075817 5.803412
v -4.716981 0.075193 5.815944
v -4.706075 0.074665 5.828397
v -4.694677 0.074233 5.840774
v -4.682788 0.073897 5.853073
v -4.670415 0.073657 5.865288
v -4.657560 0.073514 5.877418
v -4.644223 0.073466 5.889463
v -4.623922 0.073603 5.906678
v -4.603110 0.074014 5.922883
v -4.581711 0.074700 5.937956
v -4.557804 0.075660 5.949391
v -4.533436 0.076894 5.959814
v -4.508609 0.078402 5.969225
v -4.483336 0.080185 5.977614
v -4.457627 0.082242 5.984972
v -4.431485 0.084574 5.991299
v -4.404919 0.087179 5.996588
v -4.377943 0.090059 6.000829
v -4.350558 0.093213 6.004020
v -4.322670 0.096606 6.006400
v -4.294177 0.100202 6.008207
v -4.265082 0.104000 6.009439
v -4.235402 0.108002 6.010087
v -4.205137 0.112207 6.010151
v -4.174300 0.116614 6.009623
v -4.142901 0.121225 6.008496
v -4.110942 0.126038 6.006771
v -4.078442 0.131055 6.004434
v -4.045404 0.136274 6.001486
v -4.011836 0.141697 5.997922
v -3.977753 0.147322 5.993733
v -3.588402 0.322682 5.408003
v -3.595970 0.323395 5.399421
v -3.603925 0.324086 5.390688
v -3.612273 0.324755 5.381800
v -3.621012 0.325403 5.372759
v -3.630142 0.326028 5.363568
v -3.639668 0.326632 5.354221
v -3.649584 0.327213 5.344723
v -3.659893 0.327772 5.335074
v -3.670599 0.328310 5.325273
v -3.681694 0.328826 5.315322
v -3.693184 0.329319 5.305222
v -3.705071 0.329791 5.294971
v -3.717204 0.330233 5.284709
v -3.729437 0.330636 5.274576
v -3.741770 0.331001 5.264570
v -3.754205 0.331327 5.254693
v -3.766742 0.331615 5.244941
v -3.779381 0.331864 5.235315
v -3.792125 0.332076 5.225816
v -3.804973 0.332249 5.216442
v -3.817926 0.332383 5.207191
v -3.830990 0.332479 5.198063
v -3.844157 0.332537 5.189059
v -3.857439 0.332556 5.180175
v -3.875743 0.332490 5.168388
v -3.894063 0.332292 5.157243
v -3.912409 0.331963 5.146728
v -3.930778 0.331503 5.136841
v -3.949174 0.330910 5.127584
v -3.966312 0.330186 5.117256
v -3.982952 0.329330 5.106855
v -3.999664 0.328343 5.097115
v -4.016453 0.327224 5.088033
v -4.033319 0.325973 5.079606
v -4.050266 0.324591 5.071832
v -4.067293 0.323077 5.064709
v -4.084360 0.321442 5.058214
v -4.101425 0.319698 5.052326
v -4.118488 0.317843 5.047043
v -4.135548 0.315880 5.042364
v -4.152604 0.313806 5.038291
v -4.169662 0.311623 5.034815
v -4.186721 0.309330 5.031940
v -4.203780 0.306928 5.029662
v -4.220840 0.304415 5.027982
v -4.237901 0.301793 5.026897
v -4.254962 0.299061 5.026409
v -4.272028 0.296220 5.026510
v -4.289068 0.293270 5.027224
v -4.306053 0.290213 5.028566
v -4.322987 0.287050 5.030530
v -4.339861 0.283779 5.033125
v -4.356682 0.280401 5.036345
v -4.373447 0.276916 5.040189
v -4.390152 0.273325 5.044663
v -4.406796 0.269626 5.049766
v -4.423382 0.265821 5.055495
v -4.439903 0.261908 5.061854
v -4.456361 0.257889 5.068844
v -4.472752 0.253762 5.076465
v -4.489014 0.249540 5.084713
v -4.505090 0.245233 5.093581
v -4.520971 0.240840 5.103075
v -4.536659 0.236362 5.113194
v -4.552145 0.231800 5.123945
v -4.567430 0.227152 5.135327
v -4.582513 0.222420 5.147341
v -4.597387 0.217602 5.159993
v -4.612044 0.212699 5.173288
v -4.626492 0.207712 5.187222
v -4.640718 0.202639 5.201805
v -6.441221 0.000004 4.370834
v -5.573872 0.261464 3.781432
v -5.540038 0.271999 3.756032
v -5.511450 0.281617 3.729431
v -5.488072 0.290320 3.701680
v -5.469882 0.298107 3.672821
v -5.456867 0.304977 3.642878
v -5.449022 0.310932 3.611875
v -5.446346 0.315970 3.579823
v -5.448856 0.320092 3.546717
v -5.456567 0.323299 3.512552
v -5.469510 0.325589 3.477304
v -5.487724 0.326963 3.440939
v -5.511243 0.327421 3.403430
v -5.524770 0.327284 3.384736
v -5.539154 0.326873 3.366762
v -5.554405 0.326187 3.349492
v -5.570523 0.325227 3.332925
v -5.587517 0.323993 3.317044
v -5.605389 0.322484 3.301845
v -5.624150 0.320702 3.287311
v -5.641017 0.318644 3.271834
v -5.658654 0.316313 3.256936
v -5.677214 0.313707 3.242691
v -5.696702 0.310827 3.229088
v -5.717120 0.307673 3.216125
v -5.738425 0.304283 3.203542
v -5.760567 0.300696 3.191088
v -5.783551 0.296911 3.178755
v -5.807384 0.292928 3.166533
v -5.832067 0.288749 3.154414
v -5.857608 0.284371 3.142391
v -5.884005 0.279796 3.130458
v -5.911272 0.275024 3.118596
v -5.939405 0.270054 3.106809
v -5.968413 0.264887 3.095077
v -5.998299 0.259522 3.083395
v -6.029065 0.253959 3.071759
v -6.936375 0.000003 3.534642
v -7.219025 0.000004 2.943023
v -5.728703 0.401278 2.335415
v -5.534291 0.401278 2.740351
v -5.741200 0.342034 2.857776
v -5.726909 0.344582 2.863457
v -5.712740 0.347092 2.869247
v -5.698695 0.349563 2.875146
v -5.684773 0.351996 2.881151
v -5.670977 0.354391 2.887263
v -5.657302 0.356747 2.893484
v -5.643750 0.359064 2.899818
v -5.630323 0.361343 2.906259
v -5.617016 0.363584 2.912814
v -5.603837 0.365787 2.919478
v -5.590777 0.367951 2.926255
v -5.577841 0.370076 2.933145
v -5.565033 0.372157 2.940198
v -5.552355 0.374185 2.947475
v -5.539809 0.376161 2.954974
v -5.527394 0.378085 2.962693
v -5.515111 0.379957 2.970634
v -5.502957 0.381777 2.978801
v -5.490938 0.383544 2.987188
v -5.479046 0.385260 2.995806
v -5.467288 0.386924 3.004646
v -5.455660 0.388535 3.013713
v -5.444161 0.390094 3.023009
v -5.432795 0.391601 3.032535
v -5.421565 0.393054 3.042302
v -5.410478 0.394448 3.052325
v -5.399535 0.395785 3.062600
v -5.388734 0.397065 3.073137
v -5.378075 0.398287 3.083932
v -5.367558 0.399451 3.094987
v -5.357183 0.400558 3.106302
v -5.346949 0.401607 3.117882
v -5.335405 0.402598 3.128892
v -5.323261 0.403532 3.139743
v -5.311234 0.404409 3.150845
v -5.299321 0.405227 3.162204
v -5.287493 0.405984 3.173888
v -5.275725 0.406675 3.185965
v -5.264012 0.407301 3.198443
v -5.252359 0.407860 3.211318
v -5.240762 0.408354 3.224597
v -5.229221 0.408782 3.238279
v -5.217739 0.409144 3.252365
v -5.206311 0.409440 3.266860
v -5.194938 0.409671 3.281768
v -5.183622 0.409835 3.297085
v -5.172359 0.409934 3.312819
v -5.161149 0.409967 3.328971
v -5.145987 0.409897 3.351680
v -5.131654 0.409687 3.374226
v -5.118137 0.409337 3.396622
v -5.105437 0.408848 3.418866
v -5.093548 0.408218 3.440962
v -5.082459 0.407449 3.462922
v -5.072171 0.406540 3.484740
v -5.062679 0.405490 3.506424
v -5.053975 0.404302 3.527979
v -5.046060 0.402973 3.549401
v -5.038924 0.401504 3.570699
v -5.032564 0.399895 3.591877
v -5.026931 0.398159 3.612916
v -5.021971 0.396308 3.633800
v -5.017684 0.394341 3.654533
v -5.014062 0.392260 3.675117
v -5.011109 0.390063 3.695550
v -5.008820 0.387750 3.715833
v -5.007191 0.385323 3.735969
v -5.006225 0.382781 3.755949
v -5.005915 0.380123 3.775788
v -5.006263 0.377350 3.795472
v -5.007269 0.374462 3.815005
v -5.008925 0.371459 3.834394
v -5.011224 0.368346 3.853610
v -5.013805 0.365129 3.872367
v -5.015772 0.361807 3.889980
v -5.018438 0.358381 3.907456
v -5.021804 0.354852 3.924793
v -5.025872 0.351217 3.941986
v -5.030643 0.347479 3.959034
v -5.036117 0.343636 3.975936
v -5.042291 0.339689 3.992691
v -5.049172 0.335639 4.009293
v -5.056759 0.331483 4.025742
v -5.065052 0.327224 4.042035
v -5.074023 0.322870 4.058144
v -5.083645 0.318430 4.074044
v -5.093921 0.313906 4.089729
v -5.104854 0.309297 4.105193
v -5.116444 0.304603 4.120438
v -5.128692 0.299824 4.135461
v -5.141605 0.294959 4.150252
v -5.155184 0.290010 4.164813
v -5.169430 0.284976 4.179137
v -5.184352 0.279857 4.193218
v -5.199946 0.274652 4.207057
v -5.216220 0.269363 4.220647
v -6.055651 0.000004 4.900717
v -6.627835 0.203800 2.154617
v -6.657944 0.195957 2.163785
v -6.688004 0.188227 2.171729
v -6.718021 0.180609 2.178430
v -6.747999 0.173103 2.183877
v -6.777940 0.165710 2.188060
v -6.807853 0.158430 2.190959
v -6.837737 0.151262 2.192571
v -6.867600 0.144206 2.192871
v -6.897445 0.137263 2.191861
v -6.927275 0.130432 2.189521
v -6.957093 0.123713 2.185844
v -6.986905 0.117108 2.180820
v -7.016605 0.110636 2.174474
v -7.046090 0.104321 2.166843
v -7.075360 0.098162 2.157919
v -7.104418 0.092160 2.147696
v -7.133265 0.086313 2.136172
v -7.161902 0.080624 2.123340
v -7.190333 0.075090 2.109190
v -7.218557 0.069713 2.093726
v -7.246572 0.064492 2.076943
v -7.274384 0.059428 2.058833
v -7.301991 0.054519 2.039394
v -7.329165 0.049768 2.018567
v -7.352578 0.045182 1.995450
v -7.375562 0.040772 1.970976
v -7.398113 0.036537 1.945151
v -7.420232 0.032477 1.917974
v -7.441919 0.028594 1.889445
v -7.463170 0.024886 1.859572
v -7.483986 0.021353 1.828351
v -7.504366 0.017996 1.795786
v -7.524303 0.014814 1.761890
v -7.543800 0.011808 1.726656
v -7.562855 0.008978 1.690099
v -7.581461 0.006323 1.652228
v -7.599536 0.003862 1.613072
v -7.616987 0.001616 1.572690
v -7.633811 -0.000416 1.531088
v -7.650005 -0.002235 1.488277
v -7.665567 -0.003839 1.444276
v -7.680494 -0.005230 1.399091
v -7.694781 -0.006406 1.352734
v -7.708426 -0.007369 1.305225
v -7.721427 -0.008118 1.256574
v -7.733781 -0.008653 1.206794
v -7.745482 -0.008974 1.155909
v -7.756530 -0.009081 1.103928
v -7.765105 -0.008990 1.054293
v -7.767367 -0.008719 1.004726
v -7.768843 -0.008266 0.955982
v -7.769534 -0.007633 0.908076
v -7.769437 -0.006818 0.861015
v -7.768554 -0.005822 0.814815
v -7.766881 -0.004646 0.769492
v -7.764421 -0.003288 0.725049
v -7.761170 -0.001749 0.681504
v -7.757129 -0.000030 0.638855
v -7.752297 0.001871 0.597119
v -7.746676 0.003953 0.556310
v -7.740265 0.006214 0.516488
v -7.733069 0.008654 0.477707
v -7.725087 0.011272 0.439985
v -7.716319 0.014068 0.403326
v -7.706764 0.017043 0.367734
v -7.696425 0.020195 0.333213
v -7.685300 0.023526 0.299767
v -7.673391 0.027036 0.267405
v -7.660698 0.030723 0.236128
v -7.647221 0.034589 0.205933
v -7.632960 0.038633 0.176835
v -7.617918 0.042856 0.148825
v -7.602083 0.047258 0.121945
v -7.585452 0.051841 0.096230
v -7.568023 0.056605 0.071680
v -7.549796 0.061550 0.048293
v -7.530772 0.066677 0.026069
v -7.510952 0.071984 0.005005
v -7.488245 0.077472 -0.014902
v -7.464188 0.083141 -0.033652
v -7.439481 0.088991 -0.051254
v -7.414123 0.095023 -0.067709
v -7.388113 0.101235 -0.083026
v -7.361453 0.107628 -0.097194
v -7.334152 0.114201 -0.110173
v -7.306220 0.120953 -0.121890
v -7.277656 0.127882 -0.132354
v -7.248463 0.134990 -0.141581
v -7.218638 0.142276 -0.149571
v -7.188181 0.149740 -0.156343
v -7.157092 0.157383 -0.161905
v -7.125369 0.165204 -0.166272
v -7.093014 0.173203 -0.169457
v -7.060025 0.181381 -0.171475
v -7.026402 0.189736 -0.172334
v -6.992143 0.198271 -0.172070
v -6.960490 0.206175 -0.170722
v -6.929404 0.213959 -0.168248
v -6.898886 0.221622 -0.164658
v -6.868933 0.229165 -0.159970
v -6.839547 0.236587 -0.154195
v -6.810728 0.243888 -0.147349
v -6.782476 0.251068 -0.139440
v -6.754790 0.258128 -0.130490
v -6.727673 0.265067 -0.120500
v -6.701123 0.271886 -0.109493
v -6.675143 0.278584 -0.097471
v -6.649733 0.285161 -0.084449
v -6.624966 0.291598 -0.070510
v -6.600914 0.297876 -0.055732
v -6.577579 0.303995 -0.040120
v -6.554963 0.309955 -0.023685
v -6.533068 0.315756 -0.006429
v -6.510019 0.321398 0.011642
v -6.486514 0.326881 0.030522
v -6.463583 0.332204 0.050213
v -6.441231 0.337369 0.070705
v -6.419458 0.342374 0.092001
v -6.398270 0.347221 0.114092
v -6.377667 0.351908 0.136984
v -6.357682 0.356429 0.160647
v -6.338346 0.360778 0.185065
v -6.319665 0.364954 0.210236
v -6.301639 0.368957 0.236160
v -6.284273 0.372787 0.262843
v -6.267569 0.376445 0.290286
v -6.251533 0.379929 0.318494
v -6.236165 0.383241 0.347468
v -6.221470 0.386380 0.377215
v -6.207451 0.389346 0.407741
v -6.194115 0.392140 0.439049
v -6.181461 0.394761 0.471152
v -6.169577 0.397189 0.503985
v -6.158545 0.399407 0.537506
v -6.148369 0.401413 0.571725
v -6.139051 0.403208 0.606652
v -6.130595 0.404792 0.642301
v -6.123003 0.406165 0.678686
v -6.116277 0.407327 0.715818
v -6.110419 0.408277 0.753712
v -6.105432 0.409016 0.792387
v -6.101316 0.409544 0.831851
v -6.092328 0.409861 0.871195
v -6.083068 0.409966 0.911175
v -6.074894 0.409875 0.950231
v -6.067672 0.409599 0.988697
v -6.061396 0.409139 1.026595
v -6.056059 0.408496 1.063927
v -6.051655 0.407670 1.100715
v -6.048179 0.406659 1.136963
v -6.045624 0.405464 1.172687
v -6.043985 0.404086 1.207896
v -6.043255 0.402524 1.242598
v -6.043428 0.400778 1.276806
v -6.044501 0.398849 1.310527
v -6.046466 0.396736 1.343762
v -6.049314 0.394441 1.376501
v -6.053032 0.391969 1.408713
v -6.057618 0.389318 1.440400
v -6.063065 0.386489 1.471571
v -6.069368 0.383481 1.502231
v -6.076524 0.380295 1.532384
v -6.084527 0.376932 1.562031
v -6.093374 0.373389 1.591181
v -6.103060 0.369669 1.619833
v -6.113582 0.365770 1.647988
v -6.124937 0.361693 1.675648
v -6.135627 0.357437 1.702400
v -6.145151 0.353007 1.728063
v -6.155632 0.348403 1.753191
v -6.167068 0.343626 1.777784
v -6.179458 0.338677 1.801834
v -6.192797 0.333555 1.825346
v -6.207086 0.328260 1.848316
v -6.222326 0.322793 1.870732
v -6.238511 0.317152 1.892604
v -6.255643 0.311339 1.913916
v -6.273724 0.305353 1.934664
v -6.292752 0.299194 1.954844
v -6.312728 0.292862 1.974451
v -6.333657 0.286361 1.993430
v -6.355548 0.279692 2.011721
v -6.378401 0.272855 2.029319
v -6.402218 0.265852 2.046209
v -6.427003 0.258681 2.062385
v -6.452756 0.251343 2.077837
v -6.479483 0.243837 2.092551
v -6.507185 0.236164 2.106513
v -6.535868 0.228324 2.119713
v -6.565534 0.220317 2.132143
v -6.596188 0.212142 2.143779
v -6.799944 0.201430 1.569222
v -6.760323 0.211615 1.559121
v -6.722770 0.221370 1.547485
v -6.687282 0.230694 1.534346
v -6.653849 0.239587 1.519736
v -6.622469 0.248050 1.503671
v -6.593137 0.256082 1.486183
v -6.565851 0.263684 1.467288
v -6.540610 0.270855 1.446999
v -6.517411 0.277595 1.425336
v -6.496257 0.283905 1.402306
v -6.477147 0.289784 1.377916
v -6.460087 0.295232 1.352172
v -6.445078 0.300247 1.325130
v -6.432128 0.304826 1.296834
v -6.421243 0.308969 1.267280
v -6.412429 0.312676 1.236455
v -6.405693 0.315947 1.204360
v -6.401043 0.318781 1.170972
v -6.398489 0.321180 1.136284
v -6.398038 0.323142 1.100277
v -6.399704 0.324668 1.062923
v -6.403496 0.325759 1.024202
v -6.409424 0.326413 0.984092
v -6.417502 0.326631 0.942552
v -6.422771 0.326562 0.919564
v -6.428477 0.326357 0.897233
v -6.433417 0.326014 0.875353
v -6.436517 0.325534 0.853760
v -6.440145 0.324917 0.832817
v -6.444301 0.324162 0.812516
v -6.448984 0.323271 0.792860
v -6.454194 0.322242 0.773838
v -6.459930 0.321077 0.755454
v -6.466192 0.319774 0.737696
v -6.472979 0.318334 0.720564
v -6.480289 0.316757 0.704058
v -6.488054 0.315061 0.688113
v -6.496205 0.313263 0.672681
v -6.504742 0.311363 0.657757
v -6.513664 0.309363 0.643339
v -6.522968 0.307260 0.629432
v -6.532656 0.305057 0.616026
v -6.542728 0.302751 0.603125
v -6.553181 0.300344 0.590728
v -6.564014 0.297836 0.578833
v -6.575231 0.295227 0.567440
v -6.586825 0.292515 0.556556
v -6.598800 0.289703 0.546176
v -6.611111 0.286799 0.536285
v -6.623712 0.283817 0.526876
v -6.636605 0.280754 0.517954
v -6.649787 0.277613 0.509516
v -6.663262 0.274391 0.501562
v -6.677025 0.271090 0.494095
v -6.691076 0.267710 0.487120
v -6.705417 0.264250 0.480634
v -6.720046 0.260710 0.474643
v -6.734962 0.257091 0.469147
v -6.750165 0.253393 0.464147
v -6.765656 0.249615 0.459646
v -6.781363 0.245775 0.455611
v -6.797218 0.241891 0.452007
v -6.813222 0.237964 0.448833
v -6.829372 0.233992 0.446096
v -6.845669 0.229977 0.443801
v -6.862113 0.225917 0.441948
v -6.878704 0.221814 0.440530
v -6.895440 0.217667 0.439567
v -6.912322 0.213476 0.439053
v -6.929350 0.209242 0.438990
v -6.946523 0.204963 0.439386
v -6.963842 0.200640 0.440240
v -7.004804 0.190389 0.443875
v -7.043894 0.180569 0.449582
v -7.081111 0.171179 0.457398
v -7.116454 0.162220 0.467346
v -7.149921 0.153691 0.479456
v -7.181510 0.145593 0.493748
v -7.211223 0.137926 0.510247
v -7.239058 0.130689 0.528974
v -7.265013 0.123883 0.549940
v -7.289091 0.117508 0.573159
v -7.311290 0.111563 0.598631
v -7.331609 0.106049 0.626373
v -7.350049 0.100970 0.656080
v -7.366608 0.096334 0.687439
v -7.381285 0.092139 0.720449
v -7.394083 0.088385 0.755101
v -7.405004 0.085074 0.791369
v -7.414049 0.082203 0.829249
v -7.421219 0.079775 0.868720
v -7.426519 0.077787 0.909762
v -7.429951 0.076242 0.952351
v -7.431520 0.075138 0.996460
v -7.427910 0.074476 1.041600
v -7.419260 0.074255 1.087759
v -7.413727 0.074322 1.113191
v -7.407780 0.074524 1.137983
v -7.401421 0.074860 1.162121
v -7.394653 0.075330 1.185602
v -7.387471 0.075935 1.208429
v -7.379879 0.076674 1.230587
v -7.371878 0.077548 1.252075
v -7.363467 0.078555 1.272895
v -7.354648 0.079698 1.293031
v -7.345420 0.080975 1.312489
v -7.335785 0.082386 1.331260
v -7.325741 0.083931 1.349349
v -7.315354 0.085596 1.366742
v -7.304688 0.087365 1.383428
v -7.293740 0.089238 1.399409
v -7.282513 0.091216 1.414681
v -7.271005 0.093298 1.429249
v -7.259217 0.095484 1.443102
v -7.247149 0.097774 1.456250
v -7.234802 0.100168 1.468687
v -7.222175 0.102667 1.480413
v -7.209267 0.105270 1.491434
v -7.196079 0.107977 1.501741
v -7.182611 0.110788 1.511344
v -7.168889 0.113694 1.520293
v -7.154940 0.116685 1.528655
v -7.140765 0.119761 1.536430
v -7.126362 0.122922 1.543618
v -7.111732 0.126168 1.550219
v -7.096874 0.129499 1.556244
v -7.081788 0.132915 1.561677
v -7.066473 0.136416 1.566533
v -7.050930 0.140003 1.570809
v -7.035156 0.143674 1.574506
v -7.019154 0.147430 1.577628
v -7.002921 0.151271 1.580174
v -6.986525 0.155180 1.582167
v -6.970039 0.159137 1.583623
v -6.953459 0.163144 1.584543
v -6.936786 0.167201 1.584927
v -6.920019 0.171307 1.584785
v -6.903155 0.175462 1.584117
v -6.886197 0.179667 1.582925
v -6.869143 0.183921 1.581212
v -6.851991 0.188224 1.578982
v -6.834741 0.192577 1.576238
v -6.817393 0.196979 1.572982
v -7.718496 0.000003 -1.108412
v -6.633199 0.273312 -0.954314
v -6.623363 0.275787 -0.952950
v -6.613720 0.278210 -0.951677
v -6.604272 0.280581 -0.950496
v -6.595015 0.282901 -0.949408
v -6.585954 0.285167 -0.948409
v -6.577085 0.287382 -0.947504
v -6.568411 0.289545 -0.946686
v -6.559929 0.291655 -0.945959
v -6.551641 0.293714 -0.945325
v -6.543549 0.295720 -0.944777
v -6.535648 0.297674 -0.944322
v -6.527944 0.299576 -0.943954
v -6.520425 0.301426 -0.943706
v -6.513086 0.303224 -0.943611
v -6.505930 0.304970 -0.943663
v -6.498953 0.306664 -0.943868
v -6.492157 0.308305 -0.944225
v -6.485542 0.309895 -0.944728
v -6.479108 0.311432 -0.945386
v -6.472855 0.312917 -0.946190
v -6.466782 0.314350 -0.947143
v -6.460891 0.315731 -0.948245
v -6.455180 0.317060 -0.949495
v -6.449650 0.318337 -0.950901
v -6.444297 0.319561 -0.952473
v -6.439115 0.320734 -0.954240
v -6.434103 0.321854 -0.956199
v -6.429265 0.322923 -0.958352
v -6.424597 0.323939 -0.960703
v -6.420101 0.324903 -0.963244
v -6.415775 0.325815 -0.965984
v -6.411622 0.326675 -0.968914
v -6.407640 0.327482 -0.972040
v -6.403830 0.328238 -0.975359
v -6.400191 0.328942 -0.978875
v -6.396726 0.329593 -0.982581
v -6.393421 0.330192 -0.986529
v -6.390269 0.330739 -0.990766
v -6.387269 0.331235 -0.995287
v -6.384423 0.331677 -1.000094
v -6.381728 0.332068 -1.005189
v -6.379186 0.332407 -1.010568
v -6.376797 0.332694 -1.016238
v -6.374560 0.332928 -1.022195
v -6.372478 0.333111 -1.028440
v -6.370547 0.333241 -1.034975
v -6.368771 0.333319 -1.041800
v -6.367146 0.333345 -1.048913
v -6.365210 0.333230 -1.060222
v -6.364194 0.332884 -1.071659
v -6.364100 0.332308 -1.083224
v -6.364925 0.331502 -1.094926
v -6.366672 0.330465 -1.106761
v -6.369336 0.329198 -1.118740
v -6.372916 0.327700 -1.130869
v -6.377414 0.325973 -1.143152
v -6.382827 0.324014 -1.155590
v -6.389155 0.321825 -1.168190
v -6.396396 0.319406 -1.180957
v -6.404551 0.316757 -1.193896
v -6.413772 0.313830 -1.207181
v -6.424214 0.310580 -1.220996
v -6.435877 0.307006 -1.235342
v -6.448756 0.303109 -1.250238
v -6.462852 0.298888 -1.265684
v -6.478162 0.294343 -1.281693
v -6.494686 0.289475 -1.298276
v -6.512420 0.284283 -1.315440
v -6.531363 0.278767 -1.333189
v -6.551515 0.272928 -1.351544
v -6.572869 0.266765 -1.370513
v -6.595427 0.260278 -1.390104
v -7.617207 0.000003 -1.603904
v -7.493947 0.000003 -2.151811
v -6.440092 0.273312 -1.850134
v -6.430538 0.275787 -1.847428
v -6.421160 0.278210 -1.844847
v -6.411964 0.280581 -1.842380
v -6.402948 0.282900 -1.840029
v -6.394111 0.285167 -1.837795
v -6.385452 0.287382 -1.835680
v -6.376974 0.289545 -1.833681
v -6.368676 0.291655 -1.831797
v -6.360558 0.293714 -1.830029
v -6.352619 0.295720 -1.828379
v -6.344862 0.297674 -1.826841
v -6.337283 0.299576 -1.825420
v -6.329875 0.301426 -1.824145
v -6.322625 0.303224 -1.823042
v -6.315535 0.304970 -1.822115
v -6.308603 0.306663 -1.821362
v -6.301830 0.308305 -1.820781
v -6.295216 0.309894 -1.820379
v -6.288762 0.311432 -1.820144
v -6.282467 0.312917 -1.820084
v -6.276332 0.314350 -1.820197
v -6.270356 0.315731 -1.820482
v -6.264539 0.317060 -1.820944
v -6.258880 0.318337 -1.821579
v -6.253374 0.319561 -1.822410
v -6.248003 0.320734 -1.823475
v -6.242774 0.321854 -1.824768
v -6.237683 0.322923 -1.826292
v -6.232731 0.323939 -1.828048
v -6.227919 0.324903 -1.830032
v -6.223243 0.325815 -1.832251
v -6.218709 0.326675 -1.834697
v -6.214312 0.327482 -1.837378
v -6.210056 0.328238 -1.840284
v -6.205937 0.328941 -1.843426
v -6.201960 0.329593 -1.846797
v -6.198111 0.330192 -1.850428
v -6.194379 0.330739 -1.854353
v -6.190766 0.331234 -1.858562
v -6.187272 0.331677 -1.863065
v -6.183896 0.332068 -1.867862
v -6.180639 0.332407 -1.872945
v -6.177503 0.332694 -1.878317
v -6.174483 0.332928 -1.883984
v -6.171583 0.333110 -1.889944
v -6.168800 0.333241 -1.896198
v -6.166137 0.333319 -1.902745
v -6.163594 0.333345 -1.909583
v -6.160774 0.333230 -1.918893
v -6.158777 0.332884 -1.928658
v -6.157601 0.332308 -1.938878
v -6.157247 0.331502 -1.949556
v -6.157710 0.330465 -1.960707
v -6.158992 0.329198 -1.972321
v -6.161089 0.327700 -1.984414
v -6.164001 0.325972 -1.996990
v -6.167726 0.324014 -2.010046
v -6.172263 0.321825 -2.023596
v -6.177609 0.319406 -2.037643
v -6.183763 0.316757 -2.052192
v -6.190898 0.313830 -2.067321
v -6.199179 0.310580 -2.083114
v -6.208606 0.307006 -2.099582
v -6.219177 0.303109 -2.116726
v -6.230888 0.298888 -2.134557
v -6.243736 0.294343 -2.153090
v -6.257719 0.289475 -2.172325
v -6.272832 0.284283 -2.192278
v -6.289072 0.278767 -2.212959
v -6.306435 0.272928 -2.234376
v -6.324919 0.266765 -2.256539
v -6.344519 0.260278 -2.279457
v -7.327073 0.000003 -2.632067
v -7.123869 0.000003 -3.161089
v -5.652943 0.401277 -2.507924
v -5.791507 0.401277 -2.148892
v -6.014203 0.342824 -2.222008
v -6.005817 0.345750 -2.210285
v -5.997692 0.348605 -2.198693
v -5.989827 0.351389 -2.187224
v -5.982224 0.354102 -2.175879
v -5.974884 0.356743 -2.164660
v -5.967804 0.359313 -2.153564
v -5.960987 0.361812 -2.142590
v -5.954434 0.364239 -2.131737
v -5.948143 0.366595 -2.121006
v -5.942116 0.368880 -2.110393
v -5.936354 0.371093 -2.099896
v -5.930854 0.373235 -2.089522
v -5.925620 0.375310 -2.079211
v -5.920649 0.377322 -2.068923
v -5.915942 0.379271 -2.058651
v -5.911500 0.381157 -2.048395
v -5.907324 0.382979 -2.038157
v -5.903411 0.384738 -2.027937
v -5.899765 0.386435 -2.017734
v -5.896384 0.388068 -2.007546
v -5.893270 0.389638 -1.997371
v -5.890420 0.391146 -1.987213
v -5.887839 0.392590 -1.977068
v -5.885527 0.393971 -1.966933
v -5.883483 0.395288 -1.956803
v -5.881711 0.396543 -1.946674
v -5.880215 0.397735 -1.936538
v -5.878992 0.398864 -1.926398
v -5.878042 0.399929 -1.916256
v -5.877367 0.400932 -1.906103
v -5.876968 0.401871 -1.895946
v -5.876845 0.402747 -1.885781
v -5.876999 0.403561 -1.875604
v -5.877428 0.404311 -1.865421
v -5.878135 0.404998 -1.855226
v -5.879121 0.405622 -1.845013
v -5.880376 0.406189 -1.834728
v -5.881899 0.406708 -1.824301
v -5.883685 0.407177 -1.813737
v -5.885740 0.407596 -1.803028
v -5.888063 0.407967 -1.792172
v -5.890654 0.408288 -1.781177
v -5.893513 0.408559 -1.770035
v -5.896640 0.408781 -1.758748
v -5.900039 0.408954 -1.747313
v -5.903708 0.409077 -1.735731
v -5.907648 0.409152 -1.724000
v -5.911860 0.409176 -1.712118
v -5.922412 0.409054 -1.684589
v -5.933535 0.408688 -1.658449
v -5.944195 0.408078 -1.633399
v -5.952263 0.407223 -1.608825
v -5.961092 0.406125 -1.585653
v -5.970678 0.404783 -1.563880
v -5.981023 0.403196 -1.543493
v -5.992123 0.401365 -1.524485
v -6.003976 0.399290 -1.506846
v -6.016582 0.396971 -1.490576
v -6.029937 0.394408 -1.475664
v -6.044038 0.391601 -1.462117
v -6.058783 0.388577 -1.449868
v -6.074069 0.385364 -1.438866
v -6.089890 0.381962 -1.429116
v -6.106246 0.378370 -1.420614
v -6.123134 0.374589 -1.413373
v -6.140553 0.370619 -1.407382
v -6.158497 0.366459 -1.402659
v -6.176966 0.362111 -1.399203
v -6.195957 0.357573 -1.397023
v -6.215467 0.352846 -1.396128
v -6.235494 0.347929 -1.396524
v -6.256034 0.342824 -1.398219
v -6.246314 0.345750 -1.387022
v -6.236865 0.348605 -1.375929
v -6.227689 0.351389 -1.364944
v -6.218784 0.354102 -1.354070
v -6.210154 0.356743 -1.343296
v -6.201796 0.359313 -1.332627
v -6.193711 0.361812 -1.322061
v -6.185900 0.364239 -1.311600
v -6.178365 0.366595 -1.301232
v -6.171103 0.368880 -1.290966
v -6.164115 0.371093 -1.280799
v -6.157404 0.373235 -1.270725
v -6.150958 0.375310 -1.260710
v -6.144771 0.377322 -1.250706
v -6.138842 0.379271 -1.240718
v -6.133173 0.381157 -1.230740
v -6.127761 0.382979 -1.220774
v -6.122610 0.384739 -1.210817
v -6.117719 0.386435 -1.200872
v -6.113087 0.388068 -1.190935
v -6.108715 0.389638 -1.181009
v -6.104605 0.391146 -1.171087
v -6.100754 0.392590 -1.161175
v -6.097166 0.393971 -1.151262
v -6.093844 0.395288 -1.141331
v -6.090795 0.396543 -1.131346
v -6.088021 0.397735 -1.121303
v -6.085522 0.398864 -1.111205
v -6.083296 0.399929 -1.101050
v -6.081347 0.400932 -1.090838
v -6.079672 0.401871 -1.080563
v -6.078274 0.402747 -1.070234
v -6.077151 0.403561 -1.059842
v -6.076306 0.404311 -1.049386
v -6.075737 0.404998 -1.038867
v -6.075449 0.405622 -1.028279
v -6.075414 0.406190 -1.017593
v -6.075621 0.406708 -1.006762
v -6.076066 0.407177 -0.995777
v -6.076752 0.407597 -0.984651
v -6.077678 0.407967 -0.973368
v -6.078846 0.408288 -0.961940
v -6.080254 0.408559 -0.950360
v -6.081905 0.408781 -0.938625
v -6.083799 0.408954 -0.926735
v -6.085935 0.409078 -0.914693
v -6.088315 0.409151 -0.902496
v -6.090938 0.409176 -0.890143
v -6.100095 0.408964 -0.852765
v -6.106952 0.408326 -0.816677
v -6.112984 0.407263 -0.782090
v -6.120674 0.405775 -0.749386
v -6.130016 0.403862 -0.718538
v -6.141007 0.401524 -0.689526
v -6.153642 0.398761 -0.662335
v -6.167913 0.395572 -0.636947
v -6.183818 0.391959 -0.613350
v -6.201351 0.387920 -0.591538
v -6.220508 0.383456 -0.571502
v -6.241282 0.378567 -0.553248
v -6.263642 0.373262 -0.536682
v -6.287555 0.367547 -0.521737
v -6.313018 0.361424 -0.508416
v -6.340027 0.354892 -0.496720
v -6.368579 0.347952 -0.486662
v -6.398671 0.340602 -0.478255
v -6.430299 0.332845 -0.471513
v -6.463462 0.324678 -0.466447
v -6.498156 0.316103 -0.463083
v -6.534378 0.307119 -0.461441
v -6.572127 0.297726 -0.461540
v -6.611400 0.287925 -0.463412
v -7.763448 0.000003 -0.543011
v -6.417085 0.043843 -4.092555
v -6.433037 0.035243 -4.130520
v -6.448182 0.026821 -4.168414
v -6.462523 0.018578 -4.206227
v -6.476061 0.010513 -4.243962
v -6.488800 0.002626 -4.281607
v -6.500738 -0.005082 -4.319165
v -6.511879 -0.012612 -4.356625
v -6.522226 -0.019964 -4.393985
v -6.531779 -0.027138 -4.431242
v -6.540539 -0.034133 -4.468393
v -6.548512 -0.040950 -4.505427
v -6.555696 -0.047589 -4.542344
v -6.562019 -0.054048 -4.579241
v -6.567397 -0.060326 -4.616233
v -6.571832 -0.066424 -4.653309
v -6.575327 -0.072340 -4.690470
v -6.577886 -0.078075 -4.727705
v -6.579505 -0.083629 -4.765017
v -6.580189 -0.089002 -4.802399
v -6.579936 -0.094194 -4.839851
v -6.578752 -0.099205 -4.877364
v -6.576637 -0.104035 -4.914934
v -6.573594 -0.108684 -4.952558
v -6.569623 -0.113152 -4.990232
v -6.564689 -0.117439 -5.028009
v -6.558503 -0.121545 -5.065783
v -6.548283 -0.125469 -5.101364
v -6.536998 -0.129213 -5.137058
v -6.524653 -0.132776 -5.172859
v -6.511250 -0.136158 -5.208765
v -6.496791 -0.139359 -5.244766
v -6.481278 -0.142379 -5.280858
v -6.464719 -0.145217 -5.317032
v -6.447115 -0.147875 -5.353284
v -6.428469 -0.150352 -5.389608
v -6.408788 -0.152647 -5.425993
v -6.388005 -0.154760 -5.462504
v -6.366049 -0.156690 -5.499215
v -6.342929 -0.158436 -5.536106
v -6.318651 -0.159998 -5.573177
v -6.293220 -0.161376 -5.610415
v -6.266640 -0.162570 -5.647813
v -6.238916 -0.163581 -5.685363
v -6.210057 -0.164408 -5.723055
v -6.180070 -0.165051 -5.760879
v -6.148961 -0.165511 -5.798826
v -6.116735 -0.165787 -5.836889
v -6.083403 -0.165878 -5.875052
v -6.075254 -0.165872 -5.884202
v -6.066945 -0.165851 -5.893445
v -6.058475 -0.165817 -5.902785
v -6.049841 -0.165769 -5.912223
v -6.041049 -0.165707 -5.921758
v -6.032094 -0.165631 -5.931389
v -6.022980 -0.165542 -5.941113
v -6.013704 -0.165439 -5.950936
v -6.004269 -0.165323 -5.960853
v -5.994673 -0.165193 -5.970866
v -5.984918 -0.165049 -5.980973
v -5.974053 -0.164891 -5.990222
v -5.962824 -0.164720 -5.999285
v -5.951513 -0.164534 -6.008343
v -5.940116 -0.164335 -6.017402
v -5.928640 -0.164123 -6.026454
v -5.917079 -0.163897 -6.035504
v -5.905436 -0.163657 -6.044553
v -5.893710 -0.163403 -6.053598
v -5.881899 -0.163136 -6.062644
v -5.870008 -0.162854 -6.071681
v -5.858032 -0.162560 -6.080719
v -5.845977 -0.162251 -6.089751
v -5.833841 -0.161929 -6.098780
v -5.607165 -0.080173 -5.861841
v -5.611782 -0.080306 -5.858475
v -5.616511 -0.080442 -5.855024
v -5.621349 -0.080580 -5.851491
v -5.626301 -0.080722 -5.847872
v -5.631358 -0.080866 -5.844174
v -5.636527 -0.081012 -5.840394
v -5.641806 -0.081162 -5.836527
v -5.647198 -0.081314 -5.832577
v -5.652695 -0.081469 -5.828548
v -5.658304 -0.081627 -5.824435
v -5.664025 -0.081787 -5.820236
v -5.669855 -0.081951 -5.815957
v -5.675753 -0.082112 -5.811608
v -5.681681 -0.082268 -5.807204
v -5.687641 -0.082420 -5.802741
v -5.693628 -0.082565 -5.798225
v -5.699644 -0.082705 -5.793653
v -5.705692 -0.082839 -5.789024
v -5.711768 -0.082968 -5.784340
v -5.717866 -0.083091 -5.779606
v -5.723999 -0.083209 -5.774813
v -5.730160 -0.083322 -5.769964
v -5.736349 -0.083429 -5.765060
v -5.742567 -0.083530 -5.760101
v -5.748802 -0.083628 -5.755105
v -5.754744 -0.083722 -5.749783
v -5.760302 -0.083814 -5.744057
v -5.765867 -0.083903 -5.738305
v -5.771441 -0.083990 -5.732526
v -5.777018 -0.084073 -5.726727
v -5.782598 -0.084154 -5.720908
v -5.788183 -0.084232 -5.715066
v -5.793776 -0.084308 -5.709198
v -5.799374 -0.084381 -5.703308
v -5.804976 -0.084450 -5.697395
v -5.810583 -0.084517 -5.691460
v -5.816153 -0.084581 -5.685542
v -5.821647 -0.084638 -5.679675
v -5.827057 -0.084690 -5.673871
v -5.832386 -0.084737 -5.668123
v -5.837634 -0.084778 -5.662435
v -5.842803 -0.084814 -5.656801
v -5.847891 -0.084844 -5.651228
v -5.852900 -0.084869 -5.645709
v -5.857829 -0.084888 -5.640247
v -5.862677 -0.084902 -5.634842
v -5.867443 -0.084910 -5.629497
v -5.872128 -0.084913 -5.624210
v -5.884929 -0.084869 -5.609452
v -5.897321 -0.084737 -5.594621
v -5.909298 -0.084518 -5.579727
v -5.920861 -0.084210 -5.564768
v -5.932006 -0.083815 -5.549747
v -5.942732 -0.083333 -5.534666
v -5.953039 -0.082762 -5.519526
v -5.962922 -0.082104 -5.504330
v -5.972383 -0.081358 -5.489078
v -5.981422 -0.080524 -5.473771
v -5.990036 -0.079603 -5.458411
v -5.998223 -0.078593 -5.443000
v -6.006015 -0.077506 -5.427560
v -6.013453 -0.076350 -5.412105
v -6.020531 -0.075125 -5.396641
v -6.027247 -0.073832 -5.381168
v -6.033602 -0.072470 -5.365686
v -6.039597 -0.071040 -5.350200
v -6.045230 -0.069541 -5.334703
v -6.050499 -0.067973 -5.319201
v -6.055408 -0.066337 -5.303694
v -6.059948 -0.064633 -5.288185
v -6.064127 -0.062860 -5.272671
v -6.067939 -0.061018 -5.257156
v -6.071398 -0.059112 -5.241652
v -6.074516 -0.057145 -5.226166
v -6.077293 -0.055118 -5.210701
v -6.079730 -0.053031 -5.195257
v -6.081823 -0.050884 -5.179837
v -6.083574 -0.048676 -5.164438
v -6.084984 -0.046407 -5.149063
v -6.086050 -0.044079 -5.133710
v -6.086774 -0.041690 -5.118381
v -6.087156 -0.039241 -5.103076
v -6.087193 -0.036731 -5.087794
v -6.086886 -0.034161 -5.072540
v -6.086264 -0.031540 -5.057337
v -6.085340 -0.028878 -5.042228
v -6.084122 -0.026175 -5.027205
v -6.082607 -0.023431 -5.012269
v -6.080797 -0.020646 -4.997423
v -6.078694 -0.017820 -4.982661
v -6.076291 -0.014952 -4.967988
v -6.073598 -0.012043 -4.953401
v -6.070605 -0.009094 -4.938905
v -6.067323 -0.006103 -4.924489
v -6.063743 -0.003070 -4.910163
v -6.059871 0.000003 -4.895924
v -4.220532 0.401277 -4.511258
v -4.622469 0.401277 -4.093073
v -5.644062 0.173783 -4.307873
v -5.967795 0.100321 -4.353354
v -5.824965 0.170623 -4.060737
v -5.323147 0.401277 -3.155658
v -5.576045 0.401277 -2.657830
v -4.546423 0.000003 -6.322604
v -4.410302 0.052532 -6.160407
v -4.403863 0.050309 -6.175500
v -4.397236 0.048116 -6.190576
v -4.390422 0.045953 -6.205634
v -4.383424 0.043821 -6.220672
v -4.376239 0.041718 -6.235691
v -4.368869 0.039646 -6.250692
v -4.361311 0.037604 -6.265674
v -4.353570 0.035592 -6.280636
v -4.345640 0.033611 -6.295579
v -4.337526 0.031659 -6.310503
v -4.329226 0.029738 -6.325407
v -4.320745 0.027847 -6.340288
v -4.312002 0.025992 -6.355173
v -4.302926 0.024177 -6.370086
v -4.293525 0.022404 -6.385019
v -4.283791 0.020672 -6.399979
v -4.273724 0.018981 -6.414965
v -4.263330 0.017331 -6.429972
v -4.252602 0.015723 -6.445007
v -4.241545 0.014155 -6.460065
v -4.230163 0.012629 -6.475142
v -4.218449 0.011144 -6.490246
v -4.206408 0.009699 -6.505372
v -4.194036 0.008296 -6.520520
v -4.181321 0.006940 -6.535674
v -4.168241 0.005636 -6.550822
v -4.154791 0.004384 -6.565968
v -4.140976 0.003184 -6.581107
v -4.126803 0.002036 -6.596235
v -4.112262 0.000940 -6.611359
v -4.097360 -0.000103 -6.626474
v -4.082099 -0.001095 -6.641578
v -4.066477 -0.002034 -6.656673
v -4.050497 -0.002921 -6.671756
v -4.034161 -0.003756 -6.686827
v -4.017467 -0.004540 -6.701887
v -4.000375 -0.005265 -6.716936
v -3.982846 -0.005927 -6.731973
v -3.964881 -0.006527 -6.746999
v -3.946160 -0.007063 -6.761466
v -3.925775 -0.007536 -6.773823
v -3.904936 -0.007946 -6.786126
v -3.883639 -0.008293 -6.798376
v -3.861896 -0.008577 -6.810569
v -3.839704 -0.008798 -6.822703
v -3.817062 -0.008955 -6.834780
v -3.793975 -0.009050 -6.846799
v -3.770445 -0.009081 -6.858757
v -3.739243 -0.009019 -6.874140
v -3.708441 -0.008829 -6.888756
v -3.678043 -0.008514 -6.902605
v -3.648054 -0.008072 -6.915679
v -3.618482 -0.007504 -6.927977
v -3.589331 -0.006811 -6.939496
v -3.560603 -0.005990 -6.950237
v -3.532306 -0.005044 -6.960195
v -3.504442 -0.003972 -6.969368
v -3.477017 -0.002773 -6.977754
v -3.450037 -0.001448 -6.985352
v -3.423497 0.000003 -6.992162
v -3.397433 0.001566 -6.998229
v -3.371866 0.003228 -7.003603
v -3.346802 0.004989 -7.008284
v -3.322238 0.006848 -7.012271
v -3.298182 0.008807 -7.015563
v -3.274634 0.010864 -7.018157
v -3.251588 0.013019 -7.020059
v -3.229055 0.015274 -7.021261
v -3.207029 0.017627 -7.021770
v -3.185513 0.020079 -7.021582
v -3.164505 0.022630 -7.020697
v -3.144007 0.025280 -7.019117
v -3.124034 0.028025 -7.016847
v -3.104593 0.030864 -7.013893
v -3.085687 0.033796 -7.010255
v -3.067314 0.036821 -7.005935
v -3.049477 0.039939 -7.000930
v -3.032167 0.043151 -6.995245
v -3.015387 0.046456 -6.988879
v -2.999135 0.049855 -6.981833
v -2.983410 0.053346 -6.974105
v -2.968207 0.056931 -6.965701
v -2.953529 0.060609 -6.956617
v -2.939365 0.064380 -6.946859
v -2.925566 0.068231 -6.936002
v -2.912139 0.072147 -6.924052
v -2.899336 0.076130 -6.911607
v -2.887153 0.080178 -6.898667
v -2.875584 0.084292 -6.885235
v -2.864632 0.088472 -6.871311
v -2.854285 0.092718 -6.856900
v -2.844540 0.097030 -6.842000
v -2.835397 0.101407 -6.826615
v -2.826849 0.105850 -6.810745
v -2.818892 0.110359 -6.794394
v -2.811518 0.114934 -6.777563
v -2.804785 0.119643 -6.759945
v -2.799152 0.124292 -6.742203
v -2.794606 0.128881 -6.724345
v -2.791147 0.133409 -6.706372
v -2.788766 0.137877 -6.688287
v -2.787457 0.142285 -6.670090
v -2.787206 0.146632 -6.651792
v -2.788017 0.150919 -6.633388
v -2.789877 0.155146 -6.614884
v -2.792440 0.159312 -6.595466
v -2.795778 0.163418 -6.575331
v -2.800096 0.167463 -6.554966
v -2.805434 0.171432 -6.534423
v -2.811836 0.175308 -6.513757
v -2.819299 0.179090 -6.492969
v -2.827816 0.182779 -6.472063
v -2.837391 0.186374 -6.451037
v -2.848014 0.189877 -6.429898
v -2.859679 0.193286 -6.408648
v -2.872393 0.196602 -6.387289
v -2.886148 0.199825 -6.365824
v -2.900946 0.202954 -6.344254
v -2.916780 0.205991 -6.322581
v -2.933657 0.208933 -6.300809
v -2.951562 0.211778 -6.278968
v -2.970498 0.214518 -6.257084
v -2.990461 0.217154 -6.235163
v -3.011452 0.219685 -6.213206
v -3.033476 0.222113 -6.191211
v -3.056533 0.224435 -6.169183
v -3.080621 0.226654 -6.147124
v -3.105754 0.228769 -6.125031
v -3.131924 0.230779 -6.102908
v -3.159138 0.232686 -6.080758
v -3.187401 0.234488 -6.058579
v -3.216720 0.236185 -6.036373
v -3.247149 0.237762 -6.014186
v -3.278745 0.239202 -5.992071
v -3.311520 0.240505 -5.970021
v -3.345484 0.241671 -5.948037
v -3.380637 0.242700 -5.926120
v -3.416998 0.243591 -5.904267
v -3.453465 0.244345 -5.880565
v -3.488966 0.244962 -5.853145
v -3.525620 0.245442 -5.825647
v -3.563439 0.245785 -5.798071
v -3.602434 0.245991 -5.770410
v -3.642618 0.246059 -5.742662
v -3.901468 0.246059 -5.567522
v -3.845958 0.270151 -5.488428
v -3.839944 0.272698 -5.480166
v -3.833733 0.275204 -5.472235
v -3.827325 0.277668 -5.464635
v -3.820721 0.280092 -5.457364
v -3.813926 0.282473 -5.450421
v -3.806933 0.284814 -5.443809
v -3.799751 0.287114 -5.437523
v -3.792379 0.289373 -5.431563
v -3.784816 0.291590 -5.425931
v -3.777066 0.293767 -5.420622
v -3.769127 0.295902 -5.415640
v -3.761000 0.297996 -5.410983
v -3.752669 0.300043 -5.406689
v -3.744111 0.302039 -5.402799
v -3.735330 0.303982 -5.399312
v -3.726327 0.305873 -5.396226
v -3.717100 0.307712 -5.393545
v -3.707651 0.309499 -5.391265
v -3.697983 0.311234 -5.389386
v -3.688097 0.312916 -5.387908
v -3.677987 0.314547 -5.386835
v -3.667661 0.316125 -5.386160
v -3.657116 0.317652 -5.385888
v -3.646356 0.319126 -5.386016
v -3.635365 0.320547 -5.386561
v -3.624136 0.321913 -5.387537
v -3.612674 0.323224 -5.388939
v -3.600975 0.324480 -5.390772
v -3.589041 0.325681 -5.393034
v -3.576870 0.326828 -5.395726
v -3.564467 0.327919 -5.398848
v -3.551825 0.328956 -5.402402
v -3.538949 0.329938 -5.406389
v -3.525838 0.330865 -5.410808
v -3.512492 0.331737 -5.415660
v -3.498919 0.332554 -5.420942
v -3.485071 0.333311 -5.426711
v -3.470916 0.334003 -5.433020
v -3.456461 0.334628 -5.439861
v -3.441701 0.335188 -5.447243
v -3.426636 0.335681 -5.455163
v -3.411269 0.336109 -5.463624
v -3.395597 0.336471 -5.472626
v -3.379614 0.336767 -5.482175
v -3.363324 0.336998 -5.492271
v -3.346727 0.337162 -5.502913
v -3.329817 0.337261 -5.514106
v -3.312596 0.337294 -5.525853
v -3.285311 0.337238 -5.545027
v -3.258335 0.337069 -5.564578
v -3.229566 0.336788 -5.580868
v -3.200614 0.336394 -5.596714
v -3.171957 0.335888 -5.612957
v -3.143591 0.335270 -5.629602
v -3.115508 0.334539 -5.646648
v -3.087701 0.333695 -5.664103
v -3.060163 0.332739 -5.681968
v -3.032888 0.331671 -5.700246
v -3.005868 0.330490 -5.718941
v -2.979104 0.329197 -5.738050
v -2.952606 0.327803 -5.757521
v -2.926385 0.326317 -5.777298
v -2.900445 0.324742 -5.797378
v -2.874777 0.323075 -5.817761
v -2.849372 0.321319 -5.838454
v -2.824231 0.319471 -5.859454
v -2.799348 0.317534 -5.880764
v -2.774718 0.315506 -5.902384
v -2.750334 0.313387 -5.924316
v -2.726194 0.311177 -5.946561
v -2.702294 0.308878 -5.969118
v -2.678626 0.306487 -5.991992
v -2.552468 0.383504 -5.710033
v -2.572991 0.385385 -5.690984
v -2.594159 0.387212 -5.671878
v -2.615968 0.388983 -5.652723
v -2.638427 0.390701 -5.633515
v -2.661532 0.392363 -5.614260
v -2.685289 0.393970 -5.594958
v -2.709700 0.395522 -5.575612
v -2.734769 0.397020 -5.556222
v -2.760492 0.398462 -5.536793
v -2.786878 0.399850 -5.517327
v -2.813928 0.401183 -5.497822
v -2.841643 0.402461 -5.478286
v -2.869878 0.403660 -5.458904
v -2.898484 0.404754 -5.439862
v -2.927469 0.405745 -5.421154
v -2.956840 0.406630 -5.402784
v -2.986601 0.407412 -5.384748
v -3.016762 0.408089 -5.367040
v -3.047328 0.408663 -5.349662
v -3.078306 0.409132 -5.332610
v -3.109412 0.409496 -5.315372
v -3.138321 0.409757 -5.293880
v -3.167644 0.409913 -5.272675
v -3.197390 0.409966 -5.251752
v -3.230011 0.409907 -5.229452
v -3.262148 0.409730 -5.208141
v -3.293798 0.409435 -5.187818
v -3.324972 0.409022 -5.168466
v -3.355674 0.408491 -5.150079
v -3.385903 0.407843 -5.132654
v -3.415665 0.407076 -5.116179
v -3.444967 0.406192 -5.100646
v -3.473806 0.405189 -5.086051
v -3.502186 0.404069 -5.072385
v -3.530112 0.402830 -5.059640
v -3.557584 0.401474 -5.047814
v -3.584646 0.400000 -5.036870
v -3.611340 0.398408 -5.026776
v -3.637672 0.396698 -5.017524
v -3.663642 0.394870 -5.009110
v -3.689247 0.392924 -5.001534
v -3.714492 0.390859 -4.994787
v -3.739372 0.388678 -4.988869
v -3.763894 0.386378 -4.983771
v -3.788051 0.383960 -4.979496
v -3.811844 0.381425 -4.976040
v -3.835272 0.378771 -4.973398
v -3.856652 0.376000 -4.969369
v -3.877579 0.373110 -4.966009
v -3.898241 0.370103 -4.963550
v -3.918636 0.366977 -4.961988
v -3.938762 0.363734 -4.961324
v -3.958619 0.360373 -4.961556
v -3.978203 0.356894 -4.962683
v -3.997515 0.353297 -4.964705
v -4.016546 0.349581 -4.967626
v -4.035296 0.345748 -4.971444
v -4.053761 0.341798 -4.976161
v -4.071937 0.337729 -4.981779
v -4.089823 0.333542 -4.988298
v -4.107442 0.329237 -4.995696
v -4.124817 0.324815 -5.003949
v -4.141949 0.320274 -5.013059
v -4.158831 0.315615 -5.023027
v -4.175454 0.310839 -5.033862
v -4.191824 0.305944 -5.045557
v -4.207927 0.300932 -5.058126
v -4.223761 0.295802 -5.071567
v -4.239323 0.290554 -5.085885
v -4.254605 0.285187 -5.101084
v -4.269600 0.279703 -5.117171
v -4.284299 0.274101 -5.134153
v -4.989100 0.000003 -5.977854
v -4.059809 0.177337 -5.793133
v -3.758106 0.177337 -5.997291
v -3.737556 0.177304 -6.011438
v -3.717680 0.177206 -6.025457
v -3.698480 0.177041 -6.039343
v -3.679950 0.176811 -6.053101
v -3.662091 0.176515 -6.066729
v -3.644894 0.176152 -6.080231
v -3.628366 0.175725 -6.093603
v -3.612498 0.175231 -6.106850
v -3.597292 0.174671 -6.119967
v -3.582670 0.174046 -6.132837
v -3.567461 0.173355 -6.143437
v -3.552956 0.172598 -6.153989
v -3.539088 0.171783 -6.164491
v -3.525796 0.170919 -6.174933
v -3.513078 0.170006 -6.185316
v -3.500932 0.169043 -6.195641
v -3.489360 0.168031 -6.205907
v -3.478362 0.166970 -6.216113
v -3.467935 0.165859 -6.226261
v -3.458076 0.164699 -6.236350
v -3.448790 0.163489 -6.246380
v -3.440079 0.162230 -6.256347
v -3.431937 0.160922 -6.266255
v -3.424366 0.159564 -6.276103
v -3.417330 0.158164 -6.285877
v -3.410796 0.156728 -6.295564
v -3.404760 0.155257 -6.305164
v -3.399225 0.153750 -6.314674
v -3.394188 0.152207 -6.324099
v -3.389656 0.150628 -6.333433
v -3.385623 0.149014 -6.342678
v -3.382096 0.147364 -6.351833
v -3.379072 0.145679 -6.360897
v -3.376551 0.143958 -6.369870
v -3.374532 0.142201 -6.378753
v -3.373029 0.140409 -6.387537
v -3.371981 0.138589 -6.396221
v -3.371350 0.136750 -6.404780
v -3.371133 0.134892 -6.413220
v -3.371333 0.133014 -6.421537
v -3.371954 0.131118 -6.429730
v -3.372992 0.129202 -6.437800
v -3.374451 0.127267 -6.445748
v -3.376333 0.125313 -6.453570
v -3.378640 0.123340 -6.461264
v -3.381369 0.121347 -6.468833
v -3.384521 0.119335 -6.476277
v -3.388099 0.117304 -6.483594
v -3.396168 0.113304 -6.497495
v -3.405198 0.109465 -6.510188
v -3.415195 0.105789 -6.521671
v -3.426173 0.102274 -6.531937
v -3.438130 0.098921 -6.540987
v -3.451076 0.095730 -6.548818
v -3.465021 0.092700 -6.555420
v -3.479959 0.089833 -6.560801
v -3.495898 0.087127 -6.564955
v -3.512840 0.084583 -6.567882
v -3.530789 0.082201 -6.569581
v -3.549742 0.079981 -6.570051
v -3.569514 0.077931 -6.569349
v -3.589911 0.076059 -6.567536
v -3.610924 0.074365 -6.564619
v -3.632557 0.072850 -6.560592
v -3.654809 0.071512 -6.555459
v -3.677671 0.070354 -6.549223
v -3.701141 0.069373 -6.541887
v -3.725215 0.068571 -6.533453
v -3.749890 0.067947 -6.523923
v -3.775156 0.067501 -6.513304
v -3.800937 0.067234 -6.501468
v -3.825399 0.067145 -6.485295
v -3.843515 0.067246 -6.472509
v -3.861338 0.067551 -6.458944
v -3.878852 0.068058 -6.444608
v -3.896053 0.068769 -6.429505
v -3.912935 0.069682 -6.413637
v -3.929494 0.070798 -6.397008
v -3.945720 0.072117 -6.379622
v -3.961612 0.073640 -6.361484
v -3.977155 0.075365 -6.342599
v -3.992350 0.077293 -6.322970
v -4.007185 0.079424 -6.302605
v -4.021665 0.081758 -6.281497
v -4.035900 0.084281 -6.259642
v -4.050024 0.086980 -6.237014
v -4.064031 0.089855 -6.213619
v -4.077911 0.092905 -6.189463
v -4.091661 0.096130 -6.164549
v -4.105272 0.099531 -6.138884
v -4.118732 0.103108 -6.112476
v -4.132042 0.106860 -6.085327
v -4.145186 0.110787 -6.057446
v -4.158165 0.114891 -6.028836
v -4.170963 0.119169 -5.999508
v -4.183569 0.123623 -5.969471
v -1.623825 0.245269 -6.609802
v -1.620916 0.248975 -6.595243
v -1.617783 0.252587 -6.581108
v -1.614442 0.256106 -6.567396
v -1.610884 0.259532 -6.554107
v -1.607117 0.262864 -6.541242
v -1.603141 0.266103 -6.528798
v -1.598956 0.269249 -6.516777
v -1.594567 0.272302 -6.505176
v -1.589970 0.275261 -6.493998
v -1.585171 0.278127 -6.483241
v -1.580172 0.280900 -6.472903
v -1.574970 0.283580 -6.462987
v -1.569571 0.286175 -6.453457
v -1.563969 0.288692 -6.444280
v -1.558171 0.291133 -6.435456
v -1.552174 0.293498 -6.426985
v -1.545979 0.295785 -6.418867
v -1.539591 0.297996 -6.411100
v -1.533007 0.300130 -6.403688
v -1.526225 0.302187 -6.396627
v -1.519249 0.304167 -6.389921
v -1.512081 0.306070 -6.383565
v -1.504717 0.307897 -6.377563
v -1.497159 0.309647 -6.371914
v -1.489430 0.311320 -6.366614
v -1.481553 0.312916 -6.361659
v -1.473528 0.314436 -6.357047
v -1.465354 0.315879 -6.352779
v -1.457033 0.317244 -6.348857
v -1.448562 0.318534 -6.345279
v -1.439940 0.319745 -6.342049
v -1.431171 0.320881 -6.339163
v -1.422248 0.321940 -6.336622
v -1.413176 0.322922 -6.334429
v -1.403952 0.323827 -6.332582
v -1.394576 0.324655 -6.331082
v -1.385046 0.325412 -6.329907
v -1.375371 0.326103 -6.329034
v -1.365544 0.326729 -6.328463
v -1.355569 0.327288 -6.328193
v -1.345443 0.327782 -6.328228
v -1.335163 0.328210 -6.328567
v -1.324730 0.328572 -6.329208
v -1.314143 0.328868 -6.330155
v -1.303402 0.329098 -6.331406
v -1.292504 0.329263 -6.332963
v -1.281450 0.329362 -6.334824
v -1.270233 0.329394 -6.336993
v -1.250600 0.329273 -6.341536
v -1.231046 0.328906 -6.347075
v -1.211561 0.328296 -6.353612
v -1.192136 0.327442 -6.361149
v -1.172760 0.326343 -6.369691
v -1.153425 0.325001 -6.379236
v -1.134122 0.323414 -6.389786
v -1.114841 0.321583 -6.401345
v -1.095569 0.319508 -6.413914
v -1.076301 0.317190 -6.427493
v -1.057026 0.314626 -6.442085
v -1.037733 0.311819 -6.457691
v -1.018306 0.308732 -6.474481
v -0.998638 0.305330 -6.492623
v -0.978712 0.301612 -6.512121
v -0.958512 0.297579 -6.532978
v -0.938022 0.293230 -6.555194
v -0.917222 0.288566 -6.578773
v -0.895868 0.283587 -6.602189
v -0.873812 0.278292 -6.624649
v -0.851398 0.272682 -6.648421
v -0.828595 0.266756 -6.673506
v -0.805395 0.260515 -6.699907
v -0.781778 0.253958 -6.727626
v -0.897686 0.000002 -7.739573
v -0.226683 0.000002 -7.784740
v -0.180341 0.401276 -6.175983
v -0.652526 0.401276 -6.144110
v -0.696860 0.342823 -6.376101
v -0.705094 0.345369 -6.365405
v -0.713517 0.347870 -6.354878
v -0.722132 0.350327 -6.344521
v -0.730937 0.352741 -6.334332
v -0.739931 0.355110 -6.324316
v -0.749115 0.357436 -6.314468
v -0.758488 0.359718 -6.304792
v -0.768051 0.361956 -6.295288
v -0.777807 0.364150 -6.285953
v -0.787749 0.366301 -6.276791
v -0.797883 0.368407 -6.267801
v -0.808210 0.370470 -6.258982
v -0.818732 0.372487 -6.250341
v -0.829463 0.374458 -6.241884
v -0.840403 0.376382 -6.233609
v -0.851550 0.378259 -6.225519
v -0.862664 0.380090 -6.216121
v -0.873895 0.381874 -6.206333
v -0.885333 0.383612 -6.196695
v -0.896971 0.385303 -6.187209
v -0.908813 0.386947 -6.177873
v -0.920862 0.388545 -6.168688
v -0.933116 0.390095 -6.159656
v -0.945578 0.391600 -6.150773
v -0.958269 0.393052 -6.142061
v -0.971219 0.394447 -6.133536
v -0.984427 0.395784 -6.125196
v -0.997896 0.397063 -6.117044
v -1.011629 0.398286 -6.109081
v -1.025622 0.399450 -6.101305
v -1.039877 0.400556 -6.093718
v -1.054400 0.401605 -6.086319
v -1.069190 0.402597 -6.079108
v -1.084246 0.403531 -6.072088
v -1.099571 0.404407 -6.065258
v -1.115168 0.405226 -6.058618
v -1.131048 0.405983 -6.052182
v -1.147219 0.406674 -6.045967
v -1.163691 0.407300 -6.039972
v -1.180458 0.407859 -6.034200
v -1.197526 0.408353 -6.028647
v -1.214898 0.408781 -6.023316
v -1.232576 0.409142 -6.018206
v -1.250560 0.409439 -6.013319
v -1.268853 0.409669 -6.008653
v -1.287462 0.409834 -6.004209
v -1.306381 0.409932 -5.999989
v -1.325618 0.409965 -5.995990
v -1.352108 0.409893 -5.990995
v -1.378227 0.409675 -5.986701
v -1.403990 0.409311 -5.983100
v -1.429401 0.408802 -5.980193
v -1.454463 0.408148 -5.977975
v -1.479187 0.407349 -5.976441
v -1.503572 0.406404 -5.975592
v -1.527634 0.405313 -5.975419
v -1.551368 0.404078 -5.975924
v -1.574784 0.402697 -5.977100
v -1.597883 0.401171 -5.978948
v -1.620673 0.399499 -5.981462
v -1.643131 0.397685 -5.984636
v -1.664667 0.395730 -5.986423
v -1.685531 0.393636 -5.987709
v -1.706075 0.391402 -5.989729
v -1.726298 0.389028 -5.992481
v -1.746205 0.386515 -5.995964
v -1.765792 0.383861 -6.000175
v -1.785067 0.381068 -6.005111
v -1.804028 0.378135 -6.010770
v -1.822677 0.375061 -6.017153
v -1.841012 0.371848 -6.024258
v -1.859037 0.368495 -6.032081
v -1.876722 0.365000 -6.040642
v -1.894046 0.361359 -6.049963
v -1.911005 0.357572 -6.060041
v -1.927599 0.353641 -6.070877
v -1.943827 0.349563 -6.082468
v -1.959684 0.345341 -6.094815
v -1.975171 0.340973 -6.107919
v -1.990285 0.336460 -6.121776
v -2.005024 0.331801 -6.136389
v -2.019381 0.326997 -6.151758
v -2.033356 0.322048 -6.167884
v -2.046944 0.316954 -6.184764
v -2.060114 0.311719 -6.202392
v -2.072827 0.306350 -6.220751
v -2.085084 0.300847 -6.239843
v -2.096875 0.295209 -6.259670
v -2.108195 0.289437 -6.280235
v -2.119041 0.283531 -6.301536
v -2.129401 0.277490 -6.323580
v -2.139270 0.271315 -6.346365
v -2.148643 0.265005 -6.369896
v -2.157509 0.258561 -6.394175
v -2.165862 0.251982 -6.419204
v -2.173696 0.245269 -6.444985
v 3.481499 0.245269 -5.856785
v 3.473378 0.248974 -5.844372
v 3.465704 0.252586 -5.832104
v 3.458477 0.256105 -5.819982
v 3.451695 0.259531 -5.808005
v 3.445355 0.262863 -5.796179
v 3.439459 0.266103 -5.784499
v 3.434004 0.269248 -5.772968
v 3.428985 0.272301 -5.761590
v 3.424405 0.275260 -5.750363
v 3.420262 0.278127 -5.739287
v 3.416555 0.280900 -5.728363
v 3.413281 0.283579 -5.717594
v 3.410420 0.286174 -5.706952
v 3.407942 0.288692 -5.696420
v 3.405853 0.291133 -5.685993
v 3.404147 0.293497 -5.675674
v 3.402828 0.295784 -5.665462
v 3.401888 0.297995 -5.655362
v 3.401336 0.300129 -5.645367
v 3.401165 0.302186 -5.635484
v 3.401378 0.304166 -5.625708
v 3.401975 0.306070 -5.616042
v 3.402951 0.307896 -5.606488
v 3.404315 0.309646 -5.597041
v 3.406039 0.311319 -5.587719
v 3.408108 0.312916 -5.578536
v 3.410521 0.314435 -5.569488
v 3.413277 0.315878 -5.560579
v 3.416380 0.317244 -5.551805
v 3.419830 0.318533 -5.543169
v 3.423623 0.319745 -5.534671
v 3.427765 0.320881 -5.526308
v 3.432252 0.321939 -5.518084
v 3.437091 0.322921 -5.509992
v 3.442276 0.323826 -5.502040
v 3.447806 0.324654 -5.494225
v 3.453675 0.325412 -5.486527
v 3.459858 0.326103 -5.478937
v 3.466357 0.326728 -5.471454
v 3.473169 0.327288 -5.464080
v 3.480303 0.327781 -5.456807
v 3.487753 0.328209 -5.449643
v 3.495522 0.328571 -5.442584
v 3.503614 0.328867 -5.435628
v 3.512028 0.329098 -5.428777
v 3.520764 0.329262 -5.422030
v 3.529825 0.329361 -5.415386
v 3.539212 0.329394 -5.408843
v 3.556164 0.329272 -5.397921
v 3.573758 0.328906 -5.387762
v 3.592000 0.328296 -5.378364
v 3.610897 0.327441 -5.369718
v 3.630465 0.326343 -5.361818
v 3.650702 0.325000 -5.354662
v 3.671622 0.323414 -5.348243
v 3.693226 0.321583 -5.342558
v 3.715533 0.319508 -5.337598
v 3.738544 0.317189 -5.333358
v 3.762267 0.314626 -5.329835
v 3.786715 0.311818 -5.327018
v 3.812081 0.308732 -5.324949
v 3.838562 0.305329 -5.323671
v 3.866174 0.301612 -5.323170
v 3.894925 0.297578 -5.323441
v 3.924834 0.293230 -5.324471
v 3.955910 0.288566 -5.326252
v 3.988170 0.283586 -5.328773
v 4.021623 0.278291 -5.332026
v 4.056286 0.272681 -5.335999
v 4.092176 0.266755 -5.340679
v 4.129041 0.260514 -5.345720
v 4.165034 0.253958 -5.348674
v 4.791383 0.000002 -6.151890
v 5.296195 0.000002 -5.707536
v 4.201293 0.401276 -4.527945
v 3.847656 0.401276 -4.841111
v 3.978817 0.342823 -5.037895
v 3.965551 0.345368 -5.036134
v 3.952274 0.347869 -5.034625
v 3.938981 0.350327 -5.033374
v 3.925673 0.352740 -5.032380
v 3.912351 0.355110 -5.031643
v 3.899016 0.357436 -5.031162
v 3.885670 0.359718 -5.030937
v 3.871565 0.361956 -5.030000
v 3.857164 0.364150 -5.028944
v 3.842729 0.366300 -5.028123
v 3.828264 0.368407 -5.027534
v 3.813766 0.370470 -5.027179
v 3.799233 0.372487 -5.027067
v 3.784665 0.374457 -5.027206
v 3.770060 0.376381 -5.027596
v 3.755417 0.378259 -5.028239
v 3.740734 0.380090 -5.029137
v 3.726017 0.381874 -5.030286
v 3.711260 0.383611 -5.031691
v 3.696466 0.385302 -5.033350
v 3.681637 0.386946 -5.035263
v 3.666764 0.388544 -5.037434
v 3.651859 0.390095 -5.039860
v 3.636911 0.391600 -5.042544
v 3.621921 0.393052 -5.045516
v 3.606878 0.394447 -5.048809
v 3.591787 0.395783 -5.052419
v 3.576643 0.397063 -5.056352
v 3.561448 0.398285 -5.060607
v 3.546200 0.399449 -5.065186
v 3.530897 0.400556 -5.070089
v 3.515542 0.401605 -5.075318
v 3.500130 0.402596 -5.080874
v 3.484665 0.403530 -5.086758
v 3.469141 0.404407 -5.092973
v 3.453561 0.405225 -5.099517
v 3.437928 0.405982 -5.106410
v 3.422242 0.406673 -5.113672
v 3.406501 0.407299 -5.121307
v 3.390703 0.407858 -5.129313
v 3.374851 0.408352 -5.137693
v 3.358940 0.408780 -5.146451
v 3.342973 0.409142 -5.155581
v 3.326943 0.409438 -5.165092
v 3.310848 0.409669 -5.174987
v 3.294693 0.409833 -5.185263
v 3.278469 0.409932 -5.195925
v 3.262181 0.409965 -5.206970
v 3.240110 0.409892 -5.222542
v 3.218784 0.409674 -5.238345
v 3.198197 0.409311 -5.254380
v 3.178337 0.408802 -5.270651
v 3.159202 0.408148 -5.287160
v 3.140784 0.407348 -5.303908
v 3.123079 0.406403 -5.320896
v 3.105198 0.405313 -5.336601
v 3.087042 0.404077 -5.350836
v 3.069615 0.402697 -5.365393
v 3.052922 0.401170 -5.380268
v 3.036954 0.399499 -5.395463
v 3.021721 0.397684 -5.410959
v 3.007232 0.395730 -5.426738
v 2.993486 0.393636 -5.442801
v 2.980477 0.391402 -5.459146
v 2.968203 0.389028 -5.475776
v 2.956664 0.386514 -5.492687
v 2.945851 0.383861 -5.509880
v 2.935766 0.381067 -5.527355
v 2.926408 0.378134 -5.545111
v 2.917770 0.375061 -5.563150
v 2.909856 0.371848 -5.581469
v 2.902660 0.368495 -5.600068
v 2.896219 0.364999 -5.618938
v 2.890558 0.361358 -5.638082
v 2.885682 0.357571 -5.657494
v 2.881594 0.353640 -5.677171
v 2.878286 0.349563 -5.697114
v 2.875767 0.345340 -5.717321
v 2.874031 0.340973 -5.737792
v 2.873085 0.336459 -5.758524
v 2.872929 0.331801 -5.779513
v 2.873569 0.326997 -5.800758
v 2.875004 0.322048 -5.822258
v 2.877238 0.316953 -5.844011
v 2.880285 0.311719 -5.865983
v 2.884164 0.306350 -5.888141
v 2.888875 0.300846 -5.910483
v 2.894424 0.295209 -5.933007
v 2.900819 0.289436 -5.955708
v 2.908064 0.283530 -5.978585
v 2.916163 0.277489 -6.001632
v 2.925128 0.271314 -6.024848
v 2.934962 0.265004 -6.048230
v 2.945672 0.258560 -6.071771
v 2.957264 0.251982 -6.095472
v 2.969746 0.245269 -6.119329
v 5.129273 0.231445 -4.548225
v 5.134352 0.229758 -4.552696
v 5.139708 0.227989 -4.557349
v 5.145342 0.226138 -4.562186
v 5.151260 0.224204 -4.567202
v 5.157456 0.222188 -4.572399
v 5.163932 0.220090 -4.577778
v 5.170690 0.217910 -4.583336
v 5.177725 0.215647 -4.589079
v 5.185041 0.213302 -4.595002
v 5.192640 0.210875 -4.601104
v 5.200518 0.208365 -4.607388
v 5.208677 0.205773 -4.613851
v 5.216956 0.203154 -4.620346
v 5.225182 0.200562 -4.626732
v 5.233361 0.197997 -4.633007
v 5.241496 0.195460 -4.639165
v 5.249580 0.192951 -4.645215
v 5.257620 0.190469 -4.651148
v 5.265611 0.188014 -4.656971
v 5.273554 0.185586 -4.662681
v 5.281452 0.183187 -4.668276
v 5.289300 0.180814 -4.673762
v 5.297103 0.178469 -4.679130
v 5.304859 0.176152 -4.684387
v 6.238680 0.176151 -3.350372
v 6.253947 0.171785 -3.358981
v 6.268592 0.167506 -3.368049
v 6.282612 0.163315 -3.377583
v 6.296006 0.159212 -3.387583
v 6.308768 0.155197 -3.398061
v 6.320900 0.151269 -3.409013
v 6.332398 0.147429 -3.420448
v 6.343260 0.143677 -3.432367
v 6.353485 0.140013 -3.444775
v 6.363073 0.136436 -3.457670
v 6.372021 0.132948 -3.471060
v 6.380325 0.129547 -3.484950
v 6.388011 0.126235 -3.499280
v 6.395101 0.123013 -3.513992
v 6.401589 0.119883 -3.529096
v 6.407474 0.116842 -3.544593
v 6.412765 0.113893 -3.560471
v 6.417450 0.111033 -3.576747
v 6.421536 0.108264 -3.593411
v 6.425021 0.105586 -3.610471
v 6.427902 0.102998 -3.627926
v 6.430179 0.100501 -3.645776
v 6.431857 0.098094 -3.664017
v 6.432932 0.095778 -3.682655
v 6.433419 0.093552 -3.701659
v 6.433340 0.091417 -3.720985
v 6.432685 0.089372 -3.740652
v 6.431266 0.087418 -3.760526
v 6.427322 0.085554 -3.779594
v 6.422750 0.083781 -3.798951
v 6.417545 0.082099 -3.818602
v 6.411713 0.080507 -3.838539
v 6.405252 0.079005 -3.858765
v 6.398163 0.077594 -3.879277
v 6.390448 0.076273 -3.900075
v 6.382107 0.075043 -3.921157
v 6.373164 0.073907 -3.942456
v 6.363639 0.072871 -3.963918
v 6.353537 0.071933 -3.985533
v 6.342858 0.071093 -4.007299
v 6.331601 0.070353 -4.029219
v 6.319773 0.069711 -4.051285
v 6.307372 0.069168 -4.073494
v 6.294406 0.068724 -4.095841
v 6.280869 0.068378 -4.118330
v 6.266769 0.068131 -4.140952
v 6.252106 0.067983 -4.163706
v 6.236879 0.067934 -4.186593
v 6.218746 0.067965 -4.213209
v 6.200194 0.068060 -4.240001
v 6.181231 0.068218 -4.266961
v 6.161856 0.068438 -4.294088
v 6.142069 0.068722 -4.321383
v 6.121877 0.069069 -4.348837
v 6.101280 0.069479 -4.376451
v 6.080279 0.069952 -4.404223
v 6.058878 0.070489 -4.432146
v 6.037080 0.071088 -4.460221
v 6.014886 0.071750 -4.488444
v 5.992301 0.072476 -4.516811
v 5.969341 0.073273 -4.545237
v 5.946023 0.074149 -4.573642
v 5.919763 0.075105 -4.600036
v 5.891824 0.076140 -4.625369
v 5.863509 0.077255 -4.650656
v 5.834826 0.078449 -4.675884
v 5.805778 0.079723 -4.701056
v 5.776366 0.081077 -4.726163
v 5.746598 0.082510 -4.751204
v 5.716473 0.084023 -4.776175
v 5.685998 0.085615 -4.801075
v 5.655178 0.087287 -4.825894
v 5.888861 0.010665 -5.025476
v 5.902635 0.009947 -5.014192
v 5.916555 0.009239 -5.002675
v 5.930619 0.008542 -4.990928
v 5.944835 0.007857 -4.978942
v 5.959193 0.007182 -4.966726
v 5.973702 0.006518 -4.954273
v 5.988354 0.005865 -4.941591
v 6.003157 0.005224 -4.928672
v 6.018107 0.004593 -4.915518
v 6.033199 0.003973 -4.902135
v 6.048439 0.003364 -4.888516
v 6.063825 0.002766 -4.874665
v 6.079295 0.002179 -4.860651
v 6.094790 0.001603 -4.846543
v 6.110304 0.001038 -4.832342
v 6.125844 0.000484 -4.818049
v 6.141404 -0.000059 -4.803662
v 6.156987 -0.000591 -4.789183
v 6.172590 -0.001112 -4.774613
v 6.186893 -0.001622 -4.758926
v 6.200394 -0.002122 -4.742514
v 6.213908 -0.002610 -4.726004
v 6.227435 -0.003087 -4.709397
v 6.240977 -0.003553 -4.692690
v 6.254507 -0.004004 -4.675894
v 6.268001 -0.004436 -4.659014
v 6.281460 -0.004849 -4.642051
v 6.294886 -0.005243 -4.624998
v 6.308271 -0.005617 -4.607868
v 6.321623 -0.005972 -4.590651
v 6.334937 -0.006308 -4.573352
v 6.348215 -0.006625 -4.555969
v 6.361453 -0.006923 -4.538508
v 6.374653 -0.007201 -4.520966
v 6.387814 -0.007460 -4.503344
v 6.400939 -0.007700 -4.485635
v 6.413982 -0.007921 -4.467913
v 6.426901 -0.008122 -4.450236
v 6.439694 -0.008305 -4.432605
v 6.452366 -0.008468 -4.415018
v 6.464915 -0.008612 -4.397476
v 6.477332 -0.008737 -4.379990
v 6.489626 -0.008842 -4.362546
v 6.501796 -0.008929 -4.345150
v 6.513837 -0.008996 -4.327805
v 6.525753 -0.009044 -4.310509
v 6.537543 -0.009073 -4.293261
v 6.549203 -0.009082 -4.276065
v 6.577889 -0.008992 -4.232945
v 6.605459 -0.008720 -4.190180
v 6.631896 -0.008268 -4.147792
v 6.657200 -0.007634 -4.105784
v 6.681363 -0.006820 -4.064171
v 6.704379 -0.005824 -4.022962
v 6.726242 -0.004647 -3.982169
v 6.746794 -0.003290 -3.941717
v 6.761400 -0.001751 -3.898894
v 6.774937 -0.000031 -3.856573
v 6.787402 0.001869 -3.814765
v 6.798786 0.003951 -3.773484
v 6.809074 0.006210 -3.732799
v 6.818241 0.008641 -3.692798
v 6.826284 0.011245 -3.653486
v 6.833198 0.014022 -3.614876
v 6.838987 0.016972 -3.576960
v 6.843643 0.020095 -3.539757
v 6.847168 0.023390 -3.503263
v 6.849561 0.026858 -3.467482
v 6.850820 0.030499 -3.432417
v 6.850943 0.034313 -3.398075
v 6.849933 0.038300 -3.364455
v 6.847788 0.042459 -3.331555
v 6.844500 0.046788 -3.299419
v 6.840066 0.051285 -3.268082
v 6.834483 0.055949 -3.237547
v 6.827754 0.060781 -3.207808
v 6.819880 0.065779 -3.178866
v 6.810863 0.070945 -3.150719
v 6.800702 0.076279 -3.123364
v 6.789401 0.081779 -3.096795
v 6.776962 0.087447 -3.071012
v 6.763385 0.093282 -3.046008
v 6.748672 0.099285 -3.021783
v 6.732827 0.105454 -2.998328
v 6.715825 0.111790 -2.975701
v 6.697646 0.118290 -2.953956
v 6.678289 0.124955 -2.933092
v 6.657763 0.131785 -2.913092
v 6.636065 0.138779 -2.893953
v 6.613206 0.145937 -2.875660
v 6.589189 0.153260 -2.858203
v 6.564015 0.160748 -2.841573
v 6.537692 0.168400 -2.825757
v 6.510228 0.176217 -2.810737
v 6.481624 0.184198 -2.796504
v 6.451888 0.192344 -2.783046
v 6.421799 0.200445 -2.770676
v 6.391651 0.208422 -2.759510
v 6.361449 0.216276 -2.749532
v 6.331203 0.224007 -2.740724
v 6.300915 0.231614 -2.733076
v 6.270590 0.239097 -2.726579
v 6.240238 0.246458 -2.721218
v 6.209863 0.253694 -2.716978
v 6.179469 0.260807 -2.713854
v 6.149063 0.267797 -2.711829
v 6.118650 0.274664 -2.710900
v 6.088238 0.281407 -2.711050
v 6.057937 0.288009 -2.712223
v 6.027863 0.294451 -2.714347
v 5.998019 0.300735 -2.717422
v 5.968408 0.306860 -2.721447
v 5.939034 0.312825 -2.726411
v 5.909902 0.318631 -2.732315
v 5.881015 0.324279 -2.739151
v 5.852374 0.329767 -2.746922
v 5.823985 0.335096 -2.755625
v 5.795852 0.340266 -2.765254
v 5.767976 0.345277 -2.775811
v 5.740360 0.350129 -2.787299
v 5.713058 0.354811 -2.799711
v 5.686119 0.359312 -2.813055
v 5.659551 0.363631 -2.827324
v 5.633350 0.367770 -2.842529
v 5.607520 0.371728 -2.858671
v 5.582061 0.375505 -2.875756
v 5.556977 0.379101 -2.893786
v 5.532268 0.382515 -2.912766
v 5.507931 0.385749 -2.932706
v 5.483972 0.388802 -2.953608
v 5.460390 0.391673 -2.975478
v 5.437183 0.394364 -2.998329
v 5.414455 0.396856 -3.022119
v 5.392307 0.399131 -3.046814
v 5.370732 0.401189 -3.072429
v 5.349730 0.403031 -3.098970
v 5.327701 0.404656 -3.125538
v 5.302928 0.406065 -3.151159
v 5.278629 0.407256 -3.177701
v 5.254801 0.408231 -3.205172
v 5.231439 0.408990 -3.233592
v 5.208537 0.409531 -3.262969
v 5.186091 0.409856 -3.293322
v 5.164095 0.409965 -3.324663
v 5.143064 0.409873 -3.356127
v 5.123110 0.409597 -3.387425
v 5.104224 0.409138 -3.418569
v 5.086396 0.408494 -3.449563
v 5.069616 0.407668 -3.480420
v 5.053874 0.406657 -3.511142
v 5.039162 0.405463 -3.541741
v 5.025468 0.404084 -3.572221
v 5.012787 0.402522 -3.602589
v 5.001107 0.400776 -3.632851
v 4.990423 0.398847 -3.663012
v 4.980727 0.396734 -3.693074
v 4.971965 0.394456 -3.722973
v 4.964085 0.392033 -3.752643
v 4.957083 0.389464 -3.782081
v 4.950955 0.386750 -3.811288
v 4.943286 0.383891 -3.838428
v 4.935679 0.380886 -3.864727
v 4.929035 0.377736 -3.890874
v 4.923348 0.374441 -3.916873
v 4.918617 0.371000 -3.942719
v 4.914841 0.367414 -3.968413
v 4.912015 0.363682 -3.993953
v 4.910139 0.359805 -4.019338
v 4.909176 0.355793 -4.044545
v 4.909101 0.351654 -4.069545
v 4.909913 0.347389 -4.094334
v 4.911609 0.342998 -4.118910
v 4.914192 0.338481 -4.143270
v 4.917662 0.333837 -4.167411
v 4.922019 0.329068 -4.191328
v 4.927263 0.324172 -4.215020
v 4.933400 0.319150 -4.238478
v 4.940428 0.314002 -4.261703
v 4.948350 0.308727 -4.284688
v 4.957172 0.303327 -4.307425
v 4.966855 0.297820 -4.329840
v 4.977367 0.292224 -4.351852
v 4.988715 0.286541 -4.373452
v 5.000904 0.280771 -4.394631
v 5.013934 0.274912 -4.415392
v 5.027817 0.268966 -4.435717
v 5.042551 0.262932 -4.455608
v 5.058149 0.256810 -4.475051
v 5.074616 0.250600 -4.494040
v 5.091953 0.244303 -4.512571
v 5.110173 0.237918 -4.530633
v 5.461924 0.245269 -4.065053
v 5.449298 0.249176 -4.055781
v 5.437249 0.252998 -4.046257
v 5.425778 0.256735 -4.036478
v 5.414885 0.260387 -4.026444
v 5.404565 0.263954 -4.016167
v 5.394815 0.267435 -4.005644
v 5.385638 0.270832 -3.994872
v 5.377028 0.274144 -3.983864
v 5.368986 0.277371 -3.972617
v 5.361509 0.280513 -3.961133
v 5.354596 0.283570 -3.949417
v 5.348246 0.286541 -3.937467
v 5.342411 0.289428 -3.925359
v 5.337041 0.292230 -3.913166
v 5.332136 0.294946 -3.900891
v 5.327695 0.297578 -3.888533
v 5.323719 0.300125 -3.876095
v 5.320205 0.302586 -3.863576
v 5.317157 0.304963 -3.850976
v 5.314575 0.307255 -3.838292
v 5.312456 0.309461 -3.825531
v 5.310802 0.311583 -3.812689
v 5.309613 0.313619 -3.799767
v 5.308889 0.315570 -3.786768
v 5.308607 0.317438 -3.773715
v 5.308737 0.319224 -3.760645
v 5.309281 0.320927 -3.747554
v 5.310244 0.322548 -3.734435
v 5.311620 0.324087 -3.721299
v 5.313415 0.325543 -3.708138
v 5.315627 0.326917 -3.694953
v 5.318258 0.328209 -3.681744
v 5.321311 0.329418 -3.668508
v 5.324783 0.330546 -3.655248
v 5.328679 0.331591 -3.641959
v 5.332998 0.332554 -3.628642
v 5.337702 0.333437 -3.615335
v 5.342752 0.334243 -3.602077
v 5.348152 0.334973 -3.588862
v 5.353900 0.335625 -3.575694
v 5.360001 0.336201 -3.562566
v 5.366450 0.336701 -3.549485
v 5.373257 0.337123 -3.536438
v 5.380415 0.337469 -3.523435
v 5.387928 0.337737 -3.510469
v 5.395803 0.337929 -3.497533
v 5.404034 0.338044 -3.484636
v 5.412624 0.338083 -3.471770
v 5.432139 0.337914 -3.444412
v 5.452257 0.337408 -3.418630
v 5.472987 0.336565 -3.394403
v 5.494336 0.335384 -3.371713
v 5.516308 0.333866 -3.350548
v 5.538912 0.332010 -3.330889
v 5.562151 0.329817 -3.312721
v 5.586031 0.327287 -3.296030
v 5.610552 0.324420 -3.280809
v 5.632737 0.321215 -3.265332
v 5.655394 0.317673 -3.251194
v 5.678835 0.313793 -3.238574
v 5.702856 0.309607 -3.227619
v 5.727247 0.305142 -3.218475
v 5.752002 0.300402 -3.211143
v 5.777118 0.295384 -3.205627
v 5.802590 0.290089 -3.201925
v 5.828414 0.284517 -3.200041
v 5.854581 0.278668 -3.199991
v 5.881087 0.272542 -3.201778
v 5.907926 0.266139 -3.205406
v 5.935087 0.259459 -3.210894
v 5.962567 0.252503 -3.218249
v 5.990353 0.245268 -3.227490
v 7.344332 0.015404 -2.394208
v 7.362012 0.013537 -2.366161
v 7.379457 0.011751 -2.337783
v 7.396668 0.010048 -2.309070
v 7.413643 0.008427 -2.280030
v 7.430380 0.006888 -2.250665
v 7.446877 0.005432 -2.220983
v 7.463132 0.004058 -2.190985
v 7.479146 0.002766 -2.160669
v 7.494918 0.001556 -2.130044
v 7.510444 0.000429 -2.099113
v 7.524927 -0.000616 -2.067660
v 7.535553 -0.001579 -2.034926
v 7.545924 -0.002462 -2.001853
v 7.556059 -0.003268 -1.968414
v 7.565955 -0.003998 -1.934615
v 7.575611 -0.004650 -1.900458
v 7.585026 -0.005226 -1.865946
v 7.594198 -0.005726 -1.831086
v 7.603126 -0.006148 -1.795882
v 7.611810 -0.006494 -1.760335
v 7.620249 -0.006762 -1.724449
v 7.628441 -0.006954 -1.688228
v 7.636385 -0.007070 -1.651683
v 7.644081 -0.007108 -1.614812
v 7.654537 -0.007017 -1.561848
v 7.664090 -0.006746 -1.509677
v 7.672739 -0.006293 -1.458296
v 7.680479 -0.005660 -1.407735
v 7.687311 -0.004845 -1.357988
v 7.693229 -0.003850 -1.309088
v 7.698237 -0.002673 -1.261033
v 7.702329 -0.001315 -1.213841
v 7.705505 0.000223 -1.167527
v 7.707766 0.001943 -1.122089
v 7.709109 0.003844 -1.077549
v 7.706665 0.005925 -1.033520
v 7.700510 0.008186 -0.990106
v 7.693573 0.010621 -0.947771
v 7.685853 0.013232 -0.906537
v 7.677352 0.016019 -0.866401
v 7.668068 0.018981 -0.827375
v 7.658001 0.022119 -0.789458
v 7.647152 0.025432 -0.752657
v 7.635521 0.028921 -0.716978
v 7.623110 0.032585 -0.682423
v 7.609916 0.036425 -0.649000
v 7.595941 0.040440 -0.616703
v 7.581186 0.044631 -0.585538
v 7.565659 0.048995 -0.555556
v 7.549366 0.053529 -0.526798
v 7.532311 0.058232 -0.499266
v 7.514494 0.063106 -0.472954
v 7.495912 0.068150 -0.447868
v 7.476569 0.073364 -0.423999
v 7.456463 0.078748 -0.401349
v 7.435596 0.084302 -0.379912
v 7.413968 0.090026 -0.359677
v 7.391578 0.095920 -0.340651
v 7.368428 0.101985 -0.322819
v 7.344518 0.108219 -0.306176
v 7.319853 0.114620 -0.290791
v 7.294440 0.121186 -0.276716
v 7.268280 0.127917 -0.263952
v 7.241372 0.134812 -0.252485
v 7.213717 0.141872 -0.242301
v 7.185315 0.149097 -0.233395
v 7.156166 0.156486 -0.225743
v 7.126272 0.164039 -0.219340
v 7.095630 0.171757 -0.214172
v 7.064241 0.179640 -0.210225
v 7.032109 0.187687 -0.207483
v 6.999229 0.195899 -0.205927
v 6.967240 0.203866 -0.205639
v 6.935664 0.211708 -0.206645
v 6.904504 0.219423 -0.208922
v 6.873758 0.227013 -0.212456
v 6.843430 0.234475 -0.217227
v 6.813517 0.241812 -0.223226
v 6.784022 0.249023 -0.230440
v 6.754947 0.256107 -0.238844
v 6.726294 0.263066 -0.248435
v 6.698061 0.269898 -0.259200
v 6.670253 0.276604 -0.271119
v 6.642870 0.283184 -0.284186
v 6.615991 0.289621 -0.298280
v 6.589687 0.295899 -0.313289
v 6.563965 0.302018 -0.329195
v 6.538824 0.307978 -0.346004
v 6.514267 0.313779 -0.363707
v 6.490296 0.319421 -0.382297
v 6.466915 0.324904 -0.401768
v 6.444126 0.330227 -0.422122
v 6.421931 0.335392 -0.443351
v 6.400334 0.340397 -0.465457
v 6.379338 0.345244 -0.488434
v 6.358946 0.349931 -0.512287
v 6.339196 0.354451 -0.536963
v 6.320130 0.358796 -0.562428
v 6.301748 0.362965 -0.588680
v 6.284055 0.366958 -0.615723
v 6.267053 0.370776 -0.643563
v 6.250747 0.374419 -0.672201
v 6.235140 0.377885 -0.701635
v 6.220234 0.381177 -0.731886
v 6.206034 0.384293 -0.762948
v 6.192544 0.387233 -0.794829
v 6.179764 0.389997 -0.827538
v 6.165387 0.392587 -0.860703
v 6.148199 0.394984 -0.894056
v 6.131764 0.397172 -0.928078
v 6.116082 0.399153 -0.962789
v 6.101156 0.400925 -0.998199
v 6.086989 0.402488 -1.034321
v 6.073579 0.403843 -1.071174
v 6.060930 0.404989 -1.108771
v 6.049044 0.405927 -1.147123
v 6.037919 0.406657 -1.186250
v 6.027560 0.407178 -1.226168
v 6.017963 0.407491 -1.266899
v 6.009132 0.407595 -1.308448
v 6.002449 0.407566 -1.342365
v 5.996222 0.407480 -1.375434
v 5.990447 0.407335 -1.407657
v 5.985118 0.407134 -1.439040
v 5.980232 0.406875 -1.469582
v 5.975784 0.406558 -1.499289
v 5.971769 0.406184 -1.528159
v 5.968183 0.405752 -1.556198
v 5.965023 0.405262 -1.583401
v 5.962283 0.404715 -1.609781
v 5.959962 0.404110 -1.635328
v 5.955516 0.403448 -1.659336
v 5.950082 0.402742 -1.682407
v 5.944920 0.402005 -1.705160
v 5.940025 0.401239 -1.727600
v 5.935400 0.400442 -1.749725
v 5.931039 0.399615 -1.771540
v 5.926944 0.398758 -1.793041
v 5.923111 0.397870 -1.814229
v 5.919539 0.396953 -1.835107
v 5.916230 0.396005 -1.855670
v 5.913178 0.395027 -1.875925
v 5.910385 0.394020 -1.895867
v 5.907850 0.392981 -1.915491
v 6.265052 0.299377 -2.031044
v 6.265259 0.301379 -2.006299
v 6.265869 0.303305 -1.981390
v 6.266882 0.305153 -1.956322
v 6.268299 0.306925 -1.931091
v 6.270123 0.308620 -1.905695
v 6.272355 0.310238 -1.880131
v 6.274995 0.311780 -1.854401
v 6.278047 0.313244 -1.828502
v 6.281512 0.314632 -1.802425
v 6.285395 0.315943 -1.776169
v 6.289693 0.317177 -1.749735
v 6.292479 0.318335 -1.722589
v 6.293415 0.319407 -1.694911
v 6.294683 0.320387 -1.667592
v 6.296280 0.321273 -1.640640
v 6.298208 0.322065 -1.614045
v 6.300469 0.322765 -1.587800
v 6.303064 0.323371 -1.561896
v 6.305992 0.323884 -1.536334
v 6.309254 0.324303 -1.511112
v 6.312852 0.324630 -1.486218
v 6.316786 0.324863 -1.461652
v 6.321055 0.325003 -1.437408
v 6.325662 0.325049 -1.413482
v 6.330872 0.324986 -1.388884
v 6.336510 0.324797 -1.364824
v 6.342576 0.324482 -1.341289
v 6.349070 0.324040 -1.318280
v 6.355993 0.323472 -1.295791
v 6.363345 0.322778 -1.273811
v 6.371126 0.321958 -1.252336
v 6.379334 0.321012 -1.231369
v 6.387972 0.319939 -1.210896
v 6.397038 0.318741 -1.190920
v 6.406531 0.317416 -1.171430
v 6.416451 0.315965 -1.152429
v 6.426736 0.314402 -1.133942
v 6.437318 0.312740 -1.116013
v 6.448200 0.310979 -1.098629
v 6.459380 0.309119 -1.081791
v 6.470854 0.307161 -1.065505
v 6.482625 0.305104 -1.049764
v 6.494692 0.302948 -1.034559
v 6.507051 0.300694 -1.019907
v 6.519704 0.298340 -1.005789
v 6.532652 0.295888 -0.992213
v 6.545891 0.293338 -0.979175
v 6.559419 0.290688 -0.966682
v 6.573233 0.287941 -0.954733
v 6.587322 0.285098 -0.943337
v 6.601685 0.282159 -0.932497
v 6.616321 0.279125 -0.922210
v 6.631231 0.275994 -0.912481
v 6.645113 0.272767 -0.903105
v 6.658928 0.269444 -0.894241
v 6.673099 0.266025 -0.885953
v 6.687629 0.262511 -0.878232
v 6.702514 0.258900 -0.871093
v 6.717754 0.255193 -0.864532
v 6.733349 0.251390 -0.858551
v 6.749230 0.247508 -0.853181
v 6.765330 0.243562 -0.848447
v 6.781648 0.239554 -0.844352
v 6.798182 0.235482 -0.840896
v 6.814933 0.231347 -0.838088
v 6.831899 0.227150 -0.835934
v 6.849081 0.222889 -0.834435
v 6.866476 0.218565 -0.833592
v 6.884084 0.214178 -0.833416
v 6.901907 0.209728 -0.833906
v 6.919940 0.205214 -0.835072
v 6.938187 0.200638 -0.836912
v 6.957140 0.195874 -0.839522
v 6.975720 0.191192 -0.842804
v 6.993929 0.186593 -0.846758
v 7.011764 0.182075 -0.851394
v 7.029227 0.177640 -0.856714
v 7.046316 0.173288 -0.862728
v 7.063030 0.169017 -0.869432
v 7.079370 0.164829 -0.876840
v 7.095335 0.160723 -0.884949
v 7.110924 0.156700 -0.893768
v 7.126138 0.152758 -0.903299
v 7.140974 0.148899 -0.913544
v 7.155413 0.145129 -0.924445
v 7.169426 0.141455 -0.935939
v 7.183015 0.137877 -0.948030
v 7.196182 0.134396 -0.960718
v 7.208924 0.131010 -0.974004
v 7.221242 0.127720 -0.987893
v 7.231547 0.124526 -1.002159
v 7.241113 0.121428 -1.016979
v 7.250166 0.118426 -1.032397
v 7.258710 0.115520 -1.048401
v 7.266741 0.112710 -1.065005
v 7.274261 0.109996 -1.082206
v 7.281260 0.107382 -1.099963
v 7.287732 0.104873 -1.118239
v 7.293673 0.102467 -1.137035
v 7.299084 0.100166 -1.156354
v 7.303967 0.097969 -1.176193
v 7.308322 0.095877 -1.196542
v 7.312148 0.093888 -1.217415
v 7.315446 0.092004 -1.238796
v 7.318218 0.090224 -1.260686
v 7.320461 0.088548 -1.283094
v 7.322177 0.086976 -1.306009
v 7.323368 0.085509 -1.329429
v 7.324017 0.084153 -1.353289
v 7.324114 0.082914 -1.377510
v 7.323656 0.081794 -1.402101
v 7.322645 0.080791 -1.427051
v 7.321084 0.079907 -1.452359
v 7.318970 0.079140 -1.478018
v 7.316308 0.078492 -1.504023
v 7.313094 0.077961 -1.530378
v 7.309334 0.077548 -1.557066
v 7.305027 0.077253 -1.584091
v 7.300174 0.077076 -1.611447
v 7.294775 0.077017 -1.639130
v 7.291966 0.077030 -1.652675
v 7.289037 0.077067 -1.666327
v 7.285987 0.077129 -1.680076
v 7.282816 0.077215 -1.693931
v 7.279526 0.077326 -1.707880
v 7.276116 0.077462 -1.721932
v 7.272587 0.077622 -1.736077
v 7.268938 0.077807 -1.750322
v 7.265169 0.078017 -1.764667
v 7.261282 0.078252 -1.779104
v 7.257274 0.078511 -1.793643
v 7.253151 0.078795 -1.808270
v 7.248923 0.079102 -1.822937
v 7.244614 0.079431 -1.837579
v 7.240222 0.079782 -1.852190
v 7.235749 0.080155 -1.866774
v 7.231191 0.080550 -1.881334
v 7.226554 0.080967 -1.895862
v 7.221833 0.081406 -1.910361
v 7.217031 0.081867 -1.924839
v 7.212145 0.082349 -1.939279
v 7.207180 0.082854 -1.953690
v 7.202133 0.083381 -1.968073
v 7.197005 0.083929 -1.982417
v 7.189994 0.084496 -1.996218
v 7.182731 0.085076 -2.009909
v 7.175434 0.085669 -2.023540
v 7.168098 0.086277 -2.037111
v 7.160727 0.086898 -2.050624
v 7.153318 0.087533 -2.064078
v 7.145872 0.088182 -2.077477
v 7.138390 0.088844 -2.090815
v 7.130871 0.089520 -2.104094
v 7.123314 0.090210 -2.117317
v 7.115724 0.090914 -2.130475
v 7.108096 0.091631 -2.143573
v 7.100458 0.092360 -2.156558
v 7.092834 0.093101 -2.169367
v 7.085227 0.093853 -2.182002
v 7.077635 0.094615 -2.194459
v 7.070059 0.095388 -2.206746
v 7.062499 0.096173 -2.218854
v 7.054951 0.096968 -2.230791
v 7.047423 0.097775 -2.242549
v 7.039909 0.098592 -2.254131
v 7.032409 0.099420 -2.265543
v 7.024926 0.100260 -2.276778
v 7.017458 0.101110 -2.287838
v 7.710168 0.000001 1.149151
v 6.672727 0.261461 0.996168
v 6.630509 0.271996 0.991954
v 6.591102 0.281615 0.992119
v 6.554513 0.290318 0.996616
v 6.520756 0.298104 1.005389
v 6.489838 0.304975 1.018416
v 6.461770 0.310929 1.035669
v 6.436560 0.315968 1.057150
v 6.414215 0.320090 1.082867
v 6.394747 0.323296 1.112837
v 6.378158 0.325586 1.147098
v 6.364458 0.326961 1.185696
v 6.353648 0.327419 1.228695
v 6.349534 0.327281 1.251326
v 6.346547 0.326870 1.274015
v 6.344687 0.326184 1.296769
v 6.343950 0.325225 1.319603
v 6.344334 0.323990 1.342525
v 6.345835 0.322482 1.365545
v 6.348454 0.320699 1.388670
v 6.352183 0.318642 1.411919
v 6.357021 0.316310 1.435300
v 6.362967 0.313705 1.458814
v 6.370016 0.310825 1.482484
v 6.378165 0.307671 1.506313
v 6.387227 0.304281 1.530454
v 6.397010 0.300693 1.555077
v 6.407514 0.296908 1.580187
v 6.418734 0.292926 1.605793
v 6.430670 0.288746 1.631902
v 6.443319 0.284368 1.658522
v 6.456676 0.279794 1.685670
v 6.470743 0.275021 1.713346
v 6.485513 0.270051 1.741569
v 6.500984 0.264884 1.770342
v 6.516818 0.259519 1.799589
v 6.530087 0.253957 1.828499
v 7.511201 0.000001 2.102149
v 7.295764 0.000001 2.722170
v 5.787754 0.401275 2.159895
v 5.936878 0.401275 1.735841
v 6.169506 0.342032 1.789806
v 6.163576 0.344580 1.776189
v 6.157813 0.347090 1.762584
v 6.152220 0.349561 1.748981
v 6.146794 0.351994 1.735384
v 6.141539 0.354388 1.721793
v 6.136454 0.356744 1.708207
v 6.131538 0.359062 1.694625
v 6.125411 0.361341 1.680663
v 6.118958 0.363582 1.666565
v 6.112664 0.365784 1.652471
v 6.106530 0.367948 1.638369
v 6.100554 0.370074 1.624273
v 6.094775 0.372154 1.610136
v 6.089227 0.374182 1.595921
v 6.083908 0.376158 1.581628
v 6.078821 0.378082 1.567256
v 6.073967 0.379954 1.552805
v 6.069345 0.381774 1.538275
v 6.064957 0.383542 1.523667
v 6.060802 0.385258 1.508977
v 6.056880 0.386921 1.494206
v 6.053194 0.388532 1.479350
v 6.049743 0.390092 1.464413
v 6.046527 0.391599 1.449395
v 6.043560 0.393051 1.434286
v 6.040855 0.394446 1.419081
v 6.038411 0.395783 1.403780
v 6.036230 0.397062 1.388381
v 6.034312 0.398284 1.372886
v 6.032659 0.399448 1.357291
v 6.031270 0.400555 1.341597
v 6.030147 0.401604 1.325799
v 6.029288 0.402596 1.309900
v 6.028697 0.403530 1.293896
v 6.028374 0.404406 1.277786
v 6.028319 0.405225 1.261568
v 6.028563 0.405982 1.245177
v 6.029140 0.406673 1.228537
v 6.030048 0.407298 1.211644
v 6.031293 0.407858 1.194503
v 6.032871 0.408351 1.177111
v 6.034786 0.408779 1.159461
v 6.037038 0.409141 1.141557
v 6.039629 0.409438 1.123391
v 6.042559 0.409668 1.104971
v 6.045831 0.409833 1.086286
v 6.049445 0.409931 1.067334
v 6.053402 0.409964 1.048117
v 6.059386 0.409894 1.021502
v 6.065831 0.409685 0.995556
v 6.072738 0.409335 0.970268
v 6.080104 0.408845 0.945635
v 6.087931 0.408216 0.921649
v 6.096215 0.407447 0.898303
v 6.104957 0.406537 0.875593
v 6.114154 0.405488 0.853512
v 6.122299 0.404299 0.831809
v 6.128707 0.402970 0.810366
v 6.135664 0.401502 0.789553
v 6.143172 0.399893 0.769366
v 6.151178 0.398157 0.749780
v 6.159636 0.396305 0.730770
v 6.168540 0.394339 0.712338
v 6.177894 0.392257 0.694474
v 6.187693 0.390060 0.677182
v 6.197937 0.387748 0.660459
v 6.208624 0.385321 0.644301
v 6.219754 0.382778 0.628706
v 6.231325 0.380121 0.613680
v 6.243336 0.377348 0.599211
v 6.255786 0.374459 0.585311
v 6.268674 0.371456 0.571967
v 6.281976 0.368343 0.559200
v 6.295669 0.365126 0.547000
v 6.309751 0.361805 0.535378
v 6.324222 0.358379 0.524333
v 6.339081 0.354849 0.513866
v 6.354326 0.351215 0.503978
v 6.369957 0.347476 0.494668
v 6.385972 0.343634 0.485941
v 6.402372 0.339687 0.477803
v 6.419155 0.335636 0.470253
v 6.436320 0.331481 0.463291
v 6.453866 0.327221 0.456925
v 6.471755 0.322867 0.451154
v 6.489947 0.318428 0.445975
v 6.508442 0.313904 0.441399
v 6.527239 0.309295 0.437426
v 6.546336 0.304600 0.434061
v 6.565736 0.299821 0.431304
v 6.585434 0.294957 0.429168
v 6.605433 0.290008 0.427650
v 6.625731 0.284974 0.426762
v 6.646328 0.279854 0.426506
v 6.667224 0.274650 0.426885
v 6.688418 0.269360 0.427906
v 7.766617 0.000001 0.495925
v 6.205256 0.231444 2.922586
v 6.211365 0.229758 2.925492
v 6.217750 0.227989 2.928584
v 6.224409 0.226137 2.931863
v 6.231347 0.224204 2.935323
v 6.238559 0.222188 2.938971
v 6.246047 0.220089 2.942805
v 6.253811 0.217909 2.946822
v 6.261848 0.215646 2.951030
v 6.270166 0.213301 2.955419
v 6.278756 0.210874 2.959998
v 6.287620 0.208364 2.964765
v 6.296762 0.205772 2.969713
v 6.305979 0.203153 2.974760
v 6.315073 0.200561 2.979806
v 6.324044 0.197997 2.984850
v 6.332891 0.195460 2.989895
v 6.341617 0.192950 2.994938
v 6.350218 0.190468 2.999981
v 6.358698 0.188013 3.005023
v 6.367052 0.185586 3.010071
v 6.375284 0.183186 3.015116
v 6.383392 0.180813 3.020164
v 6.391376 0.178468 3.025213
v 6.399237 0.176151 3.030261
v 5.542321 0.176151 4.415868
v 5.556242 0.171784 4.426528
v 5.570355 0.167505 4.436446
v 5.584663 0.163315 4.445613
v 5.599165 0.159212 4.454031
v 5.613871 0.155196 4.461690
v 5.628776 0.151268 4.468594
v 5.643890 0.147428 4.474731
v 5.659207 0.143676 4.480109
v 5.674737 0.140012 4.484717
v 5.690480 0.136436 4.488554
v 5.706432 0.132947 4.491623
v 5.722607 0.129546 4.493911
v 5.738952 0.126234 4.495467
v 5.755426 0.123013 4.496330
v 5.772030 0.119882 4.496500
v 5.788769 0.116841 4.495968
v 5.805636 0.113892 4.494743
v 5.822542 0.111032 4.492744
v 5.838333 0.108264 4.489082
v 5.854195 0.105585 4.484673
v 5.870126 0.102997 4.479516
v 5.886132 0.100500 4.473603
v 5.902206 0.098094 4.466946
v 5.918357 0.095777 4.459532
v 5.934557 0.093551 4.451401
v 5.950788 0.091416 4.442583
v 5.967053 0.089372 4.433069
v 5.983349 0.087417 4.422866
v 5.999675 0.085554 4.411977
v 6.016030 0.083781 4.400400
v 6.032418 0.082098 4.388132
v 6.048833 0.080506 4.375182
v 6.065275 0.079004 4.361547
v 6.081747 0.077593 4.347224
v 6.098243 0.076272 4.332224
v 6.114761 0.075042 4.316545
v 6.131258 0.073907 4.300229
v 6.147679 0.072870 4.283319
v 6.164022 0.071932 4.265825
v 6.180288 0.071092 4.247743
v 6.196472 0.070352 4.229080
v 6.212572 0.069710 4.209840
v 6.228590 0.069167 4.190018
v 6.244521 0.068723 4.169624
v 6.260365 0.068377 4.148658
v 6.276116 0.068130 4.127127
v 6.291776 0.067982 4.105030
v 6.307342 0.067933 4.082372
v 6.325286 0.067964 4.055626
v 6.343233 0.068059 4.028436
v 6.361179 0.068217 4.000804
v 6.379125 0.068438 3.972733
v 6.397069 0.068722 3.944221
v 6.415007 0.069069 3.915281
v 6.432941 0.069479 3.885907
v 6.450868 0.069952 3.856106
v 6.468783 0.070488 3.825883
v 6.486689 0.071087 3.795240
v 6.500856 0.071750 3.762002
v 6.514538 0.072475 3.728085
v 6.528104 0.073272 3.693776
v 6.541486 0.074148 3.659134
v 6.554680 0.075104 3.624165
v 6.567690 0.076139 3.588867
v 6.580507 0.077254 3.553254
v 6.593135 0.078449 3.517321
v 6.605568 0.079723 3.481080
v 6.617805 0.081076 3.444535
v 6.629846 0.082509 3.407686
v 6.641688 0.084022 3.370539
v 6.653328 0.085614 3.333105
v 6.664763 0.087286 3.295387
v 6.940179 0.010665 3.431721
v 6.934899 0.009946 3.448663
v 6.929458 0.009238 3.465831
v 6.923857 0.008542 3.483218
v 6.918090 0.007856 3.500839
v 6.912166 0.007181 3.518675
v 6.906077 0.006518 3.536741
v 6.899826 0.005865 3.555033
v 6.893414 0.005223 3.573547
v 6.886841 0.004592 3.592283
v 6.880104 0.003972 3.611249
v 6.873208 0.003363 3.630434
v 6.866148 0.002765 3.649844
v 6.858969 0.002178 3.669394
v 6.851712 0.001603 3.689004
v 6.844377 0.001038 3.708667
v 6.836964 0.000484 3.728389
v 6.829472 -0.000060 3.748167
v 6.821903 -0.000592 3.768000
v 6.814257 -0.001113 3.787889
v 6.806533 -0.001623 3.807832
v 6.798731 -0.002122 3.827832
v 6.790854 -0.002610 3.847883
v 6.782897 -0.003088 3.867994
v 6.774863 -0.003554 3.888157
v 6.766747 -0.004005 3.908350
v 6.758544 -0.004437 3.928541
v 6.749923 -0.004850 3.948545
v 6.739134 -0.005243 3.967335
v 6.728254 -0.005618 3.986125
v 6.717285 -0.005973 4.004912
v 6.706223 -0.006309 4.023697
v 6.695069 -0.006626 4.042480
v 6.683825 -0.006923 4.061261
v 6.672492 -0.007202 4.080036
v 6.661070 -0.007461 4.098808
v 6.649554 -0.007701 4.117578
v 6.637994 -0.007922 4.136278
v 6.626427 -0.008123 4.154849
v 6.614858 -0.008306 4.173286
v 6.603281 -0.008469 4.191597
v 6.591702 -0.008613 4.209774
v 6.580119 -0.008738 4.227817
v 6.568533 -0.008843 4.245728
v 6.556944 -0.008930 4.263506
v 6.545352 -0.008997 4.281148
v 6.533758 -0.009045 4.298657
v 6.522161 -0.009074 4.316033
v 6.510564 -0.009083 4.333270
v 6.481267 -0.008993 4.375991
v 6.451875 -0.008721 4.417553
v 6.422401 -0.008269 4.457936
v 6.392849 -0.007635 4.497139
v 6.363225 -0.006820 4.535148
v 6.333540 -0.005825 4.571953
v 6.303802 -0.004649 4.607542
v 6.274013 -0.003291 4.641912
v 6.244182 -0.001752 4.675052
v 6.214320 -0.000032 4.706952
v 6.184426 0.001868 4.737608
v 6.153186 0.003950 4.765985
v 6.119198 0.006209 4.790899
v 6.085413 0.008640 4.814531
v 6.051839 0.011245 4.836869
v 6.018477 0.014021 4.857913
v 5.985335 0.016971 4.877656
v 5.952406 0.020094 4.896103
v 5.919705 0.023389 4.913241
v 5.887231 0.026857 4.929071
v 5.854988 0.030499 4.943590
v 5.822972 0.034312 4.956800
v 5.791190 0.038299 4.968698
v 5.759645 0.042458 4.979277
v 5.728365 0.046788 4.988527
v 5.697387 0.051284 4.996420
v 5.666708 0.055948 5.002961
v 5.636332 0.060780 5.008147
v 5.606252 0.065778 5.011985
v 5.576469 0.070944 5.014473
v 5.546983 0.076278 5.015615
v 5.517789 0.081778 5.015414
v 5.488883 0.087446 5.013874
v 5.460265 0.093281 5.010997
v 5.431932 0.099284 5.006784
v 5.403876 0.105453 5.001246
v 5.376147 0.111789 4.994334
v 5.348785 0.118290 4.986008
v 5.321787 0.124954 4.976273
v 5.295147 0.131784 4.965134
v 5.268855 0.138778 4.952603
v 5.242903 0.145936 4.938686
v 5.217287 0.153260 4.923388
v 5.191994 0.160747 4.906722
v 5.167016 0.168399 4.888698
v 5.142342 0.176216 4.869326
v 5.117965 0.184198 4.848612
v 5.093874 0.192344 4.826570
v 5.070665 0.200444 4.803792
v 5.048559 0.208422 4.780504
v 5.027546 0.216275 4.756713
v 5.007614 0.224006 4.732434
v 4.988753 0.231613 4.707679
v 4.970953 0.239096 4.682456
v 4.954210 0.246457 4.656771
v 4.938512 0.253694 4.630640
v 4.923851 0.260807 4.604072
v 4.910221 0.267796 4.577071
v 4.897614 0.274663 4.549650
v 4.886022 0.281406 4.521819
v 4.875431 0.288008 4.493705
v 4.865827 0.294450 4.465432
v 4.857205 0.300734 4.437010
v 4.849560 0.306858 4.408446
v 4.842896 0.312824 4.379736
v 4.837205 0.318630 4.350895
v 4.832490 0.324278 4.321920
v 4.828745 0.329766 4.292822
v 4.825976 0.335095 4.263596
v 4.824177 0.340265 4.234251
v 4.823350 0.345276 4.204792
v 4.823500 0.350128 4.175216
v 4.824642 0.354810 4.145575
v 4.826797 0.359311 4.115916
v 4.829969 0.363631 4.086239
v 4.834160 0.367769 4.056546
v 4.839377 0.371727 4.026835
v 4.845622 0.375504 3.997107
v 4.852898 0.379100 3.967363
v 4.861216 0.382515 3.937597
v 4.870575 0.385748 3.907811
v 4.880987 0.388801 3.878002
v 4.892454 0.391673 3.848170
v 4.904986 0.394363 3.818306
v 4.917900 0.396855 3.788005
v 4.928430 0.399130 3.755247
v 4.939965 0.401189 3.722604
v 4.952515 0.403030 3.690069
v 4.966085 0.404655 3.657642
v 4.980693 0.406064 3.625303
v 4.996341 0.407256 3.593057
v 5.013047 0.408231 3.560880
v 5.030818 0.408989 3.528772
v 5.049669 0.409531 3.496715
v 5.069605 0.409856 3.464709
v 5.090643 0.409964 3.432733
v 5.112161 0.409872 3.401594
v 5.133937 0.409596 3.371495
v 5.155970 0.409137 3.342432
v 5.178268 0.408494 3.314386
v 5.200832 0.407667 3.287351
v 5.223666 0.406656 3.261309
v 5.246774 0.405462 3.236251
v 5.270156 0.404084 3.212168
v 5.293815 0.402522 3.189050
v 5.317755 0.400776 3.166882
v 5.341975 0.398846 3.145659
v 5.365288 0.396733 3.124686
v 5.385889 0.394455 3.102955
v 5.406718 0.392032 3.082181
v 5.427776 0.389463 3.062357
v 5.449061 0.386750 3.043479
v 5.470572 0.383890 3.025542
v 5.492309 0.380885 3.008539
v 5.514268 0.377735 2.992472
v 5.536450 0.374440 2.977333
v 5.558853 0.370999 2.963119
v 5.581471 0.367413 2.949834
v 5.604308 0.363682 2.937468
v 5.627359 0.359805 2.926026
v 5.650586 0.355792 2.915487
v 5.673955 0.351653 2.905833
v 5.697463 0.347388 2.897064
v 5.721105 0.342997 2.889182
v 5.744881 0.338480 2.882188
v 5.768785 0.333837 2.876086
v 5.792816 0.329067 2.870875
v 5.816973 0.324171 2.866559
v 5.841247 0.319149 2.863145
v 5.865639 0.314001 2.860628
v 5.890145 0.308727 2.859020
v 5.914762 0.303326 2.858321
v 5.939402 0.297819 2.858531
v 5.963976 0.292224 2.859657
v 5.988483 0.286541 2.861694
v 6.012917 0.280770 2.864658
v 6.037274 0.274911 2.868554
v 6.061549 0.268965 2.873389
v 6.085740 0.262931 2.879171
v 6.109840 0.256809 2.885909
v 6.133848 0.250600 2.893608
v 6.157755 0.244303 2.902282
v 6.181559 0.237917 2.911938
v 5.895140 0.245268 3.420347
v 5.881644 0.249175 3.412368
v 5.868196 0.252997 3.405060
v 5.854805 0.256734 3.398413
v 5.841467 0.260386 3.392428
v 5.828186 0.263953 3.387104
v 5.814962 0.267435 3.382437
v 5.801801 0.270831 3.378419
v 5.788699 0.274143 3.375056
v 5.775661 0.277370 3.372340
v 5.762337 0.280512 3.370063
v 5.748735 0.283569 3.368238
v 5.735130 0.286541 3.367014
v 5.721571 0.289427 3.366318
v 5.708113 0.292229 3.366078
v 5.694750 0.294945 3.366295
v 5.681490 0.297577 3.366963
v 5.668326 0.300124 3.368089
v 5.655267 0.302586 3.369664
v 5.642303 0.304962 3.371696
v 5.629444 0.307254 3.374181
v 5.616683 0.309460 3.377122
v 5.604026 0.311582 3.380512
v 5.591471 0.313618 3.384358
v 5.579017 0.315570 3.388659
v 5.566684 0.317438 3.393379
v 5.554488 0.319223 3.398484
v 5.542428 0.320926 3.403977
v 5.530507 0.322547 3.409854
v 5.518721 0.324086 3.416121
v 5.507072 0.325542 3.422777
v 5.495560 0.326916 3.429821
v 5.484185 0.328208 3.437257
v 5.472943 0.329418 3.445088
v 5.461840 0.330545 3.453309
v 5.450869 0.331590 3.461927
v 5.440033 0.332553 3.470941
v 5.429353 0.333436 3.480302
v 5.418850 0.334242 3.489960
v 5.408521 0.334972 3.499921
v 5.398365 0.335625 3.510183
v 5.388387 0.336201 3.520747
v 5.378580 0.336700 3.531615
v 5.368944 0.337122 3.542791
v 5.359480 0.337468 3.554275
v 5.350188 0.337736 3.566068
v 5.341063 0.337929 3.578178
v 5.332108 0.338044 3.590597
v 5.323321 0.338082 3.603333
v 5.305112 0.337914 3.631550
v 5.288609 0.337407 3.659721
v 5.273800 0.336564 3.687854
v 5.260670 0.335383 3.715969
v 5.249206 0.333865 3.744077
v 5.239397 0.332010 3.772184
v 5.231233 0.329817 3.800304
v 5.224701 0.327287 3.828445
v 5.219794 0.324419 3.856613
v 5.216502 0.321214 3.884820
v 5.214817 0.317672 3.913066
v 5.214733 0.313792 3.941358
v 5.216277 0.309606 3.969430
v 5.219479 0.305142 3.997011
v 5.224338 0.300401 4.024098
v 5.229521 0.295383 4.049665
v 5.235832 0.290088 4.074322
v 5.243986 0.284516 4.098607
v 5.253988 0.278667 4.122508
v 5.265840 0.272542 4.146021
v 5.279545 0.266138 4.169137
v 5.295116 0.259459 4.191841
v 5.312559 0.252502 4.214124
v 5.331883 0.245268 4.235972
v 4.750081 0.207747 5.078715
v 4.774552 0.198635 5.105834
v 4.797438 0.189732 5.133228
v 4.818731 0.181038 5.160908
v 4.838422 0.172552 5.188882
v 4.856490 0.164274 5.217166
v 4.872927 0.156205 5.245774
v 4.887721 0.148344 5.274712
v 4.900861 0.140692 5.303994
v 4.912340 0.133248 5.333624
v 4.922146 0.126013 5.363617
v 4.930271 0.118986 5.393979
v 4.936704 0.112168 5.424720
v 4.941585 0.105548 5.455768
v 4.945035 0.099118 5.487069
v 4.947062 0.092877 5.518618
v 4.947653 0.086825 5.550422
v 4.946808 0.080962 5.582483
v 4.944523 0.075289 5.614806
v 4.940802 0.069805 5.647387
v 4.935633 0.064510 5.680233
v 4.929018 0.059404 5.713345
v 4.920961 0.054488 5.746717
v 4.911455 0.049761 5.780357
v 4.900503 0.045223 5.814259
v 4.888175 0.040875 5.848353
v 4.874550 0.036720 5.882565
v 4.859621 0.032757 5.916897
v 4.843400 0.028986 5.951341
v 4.825889 0.025406 5.985890
v 4.807082 0.022019 6.020553
v 4.786995 0.018824 6.055311
v 4.765628 0.015821 6.090168
v 4.742986 0.013009 6.125117
v 4.716851 0.010390 6.157277
v 4.688431 0.007963 6.188191
v 4.658679 0.005727 6.219086
v 4.627750 0.003677 6.249885
v 4.595798 0.001805 6.280520
v 4.562834 0.000111 6.310980
v 4.528863 -0.001404 6.341260
v 4.493896 -0.002741 6.371353
v 4.457941 -0.003900 6.401253
v 4.421003 -0.004880 6.430952
v 4.383102 -0.005682 6.460440
v 4.344240 -0.006307 6.489713
v 4.304427 -0.006752 6.518764
v 4.263677 -0.007020 6.547583
v 4.221999 -0.007109 6.576166
v 4.207800 -0.007095 6.585689
v 4.193542 -0.007054 6.595121
v 4.179222 -0.006985 6.604461
v 4.164845 -0.006889 6.613707
v 4.150414 -0.006766 6.622856
v 4.135925 -0.006615 6.631910
v 4.121381 -0.006437 6.640871
v 4.106783 -0.006231 6.649735
v 4.092126 -0.005998 6.658506
v 4.077418 -0.005738 6.667179
v 4.062657 -0.005449 6.675756
v 4.047843 -0.005134 6.684236
v 4.033099 -0.004797 6.692562
v 4.018538 -0.004443 6.700686
v 4.004168 -0.004073 6.708602
v 3.989987 -0.003686 6.716311
v 3.975994 -0.003283 6.723814
v 3.962190 -0.002863 6.731109
v 3.948578 -0.002427 6.738196
v 3.934753 -0.001974 6.744394
v 3.920552 -0.001505 6.749421
v 3.906563 -0.001020 6.754269
v 3.892776 -0.000518 6.758941
v 3.879201 0.000000 6.763432
v 4.192458 -0.156797 7.308739
v 3.558638 -0.156797 7.627698
v 2.611637 0.401275 5.599597
v 3.014191 0.401275 5.398630
v 3.142122 0.342032 5.600161
v 3.147415 0.344580 5.586215
v 3.152822 0.347089 5.572392
v 3.158346 0.349560 5.558690
v 3.163984 0.351993 5.545111
v 3.169741 0.354388 5.531654
v 3.175613 0.356744 5.518319
v 3.181606 0.359061 5.505105
v 3.187711 0.361341 5.492015
v 3.193940 0.363581 5.479045
v 3.199826 0.365784 5.465394
v 3.205339 0.367948 5.451005
v 3.210965 0.370073 5.436727
v 3.216758 0.372154 5.422557
v 3.222769 0.374182 5.408493
v 3.229001 0.376158 5.394535
v 3.235452 0.378082 5.380683
v 3.242124 0.379954 5.366936
v 3.249016 0.381774 5.353297
v 3.256133 0.383542 5.339762
v 3.263471 0.385257 5.326333
v 3.271032 0.386921 5.313010
v 3.278822 0.388532 5.299791
v 3.286833 0.390091 5.286680
v 3.295074 0.391598 5.273671
v 3.303554 0.393051 5.260775
v 3.312286 0.394445 5.247991
v 3.321274 0.395783 5.235323
v 3.330514 0.397062 5.222769
v 3.340015 0.398284 5.210329
v 3.349771 0.399448 5.198001
v 3.359784 0.400555 5.185790
v 3.370061 0.401604 5.173689
v 3.380598 0.402595 5.161702
v 3.391397 0.403529 5.149827
v 3.402463 0.404406 5.138062
v 3.413792 0.405224 5.126410
v 3.425461 0.405981 5.114841
v 3.437539 0.406672 5.103327
v 3.450031 0.407298 5.091865
v 3.462935 0.407857 5.080460
v 3.476254 0.408351 5.069109
v 3.489990 0.408779 5.057811
v 3.504150 0.409141 5.046564
v 3.518731 0.409437 5.035370
v 3.533736 0.409668 5.024228
v 3.549166 0.409832 5.013137
v 3.565026 0.409931 5.002097
v 3.581318 0.409964 4.991106
v 3.607850 0.409865 4.973982
v 3.634384 0.409569 4.957855
v 3.660936 0.409075 4.942712
v 3.687506 0.408384 4.928551
v 3.714107 0.407495 4.915357
v 3.740739 0.406409 4.903127
v 3.767412 0.405126 4.891850
v 3.792007 0.403645 4.878727
v 3.816148 0.401966 4.865887
v 3.840406 0.400090 4.854053
v 3.864785 0.398016 4.843221
v 3.889289 0.395746 4.833382
v 3.913856 0.393292 4.824508
v 3.938425 0.390671 4.816572
v 3.962995 0.387883 4.809570
v 3.987569 0.384928 4.803497
v 4.012149 0.381805 4.798348
v 4.036733 0.378515 4.794122
v 4.061323 0.375058 4.790814
v 4.085923 0.371434 4.788419
v 4.110528 0.367642 4.786938
v 4.135142 0.363683 4.786365
v 4.159760 0.359556 4.786703
v 4.184383 0.355263 4.787947
v 4.208996 0.350808 4.790072
v 4.233574 0.346200 4.793063
v 4.258118 0.341439 4.796914
v 4.282622 0.336524 4.801630
v 4.307091 0.331456 4.807206
v 4.331516 0.326233 4.813646
v 4.355894 0.320857 4.820952
v 4.380225 0.315328 4.829123
v 4.404503 0.309645 4.838163
v 4.428729 0.303809 4.848069
v 4.452892 0.297818 4.858851
v 4.476995 0.291675 4.870504
v 4.500966 0.285390 4.883024
v 4.524737 0.278976 4.896407
v 4.548303 0.272433 4.910655
v 4.571656 0.265762 4.925773
v 4.594790 0.258961 4.941767
v 4.617704 0.252031 4.958640
v 4.640386 0.244973 4.976399
v 4.662830 0.237785 4.995050
v 4.685029 0.230469 5.014601
v 4.706975 0.223024 5.035057
v 4.728662 0.215450 5.056426
v 4.298558 0.203797 5.498562
v 4.284909 0.209258 5.481446
v 4.271303 0.214582 5.465032
v 4.257739 0.219768 5.449313
v 4.244223 0.224818 5.434291
v 4.230758 0.229730 5.419958
v 4.217346 0.234505 5.406314
v 4.203988 0.239143 5.393361
v 4.190686 0.243644 5.381096
v 4.177445 0.248008 5.369514
v 4.164265 0.252234 5.358617
v 4.151143 0.256323 5.348406
v 4.138089 0.260276 5.338874
v 4.125090 0.264102 5.329975
v 4.112141 0.267813 5.321652
v 4.099126 0.271408 5.313762
v 4.085752 0.274889 5.305912
v 4.072398 0.278254 5.298599
v 4.059066 0.281505 5.291825
v 4.045754 0.284640 5.285586
v 4.032466 0.287660 5.279885
v 4.019204 0.290564 5.274718
v 4.005961 0.293353 5.270092
v 3.992743 0.296027 5.265999
v 3.979550 0.298587 5.262445
v 3.966384 0.301032 5.259418
v 3.953249 0.303364 5.256913
v 3.940143 0.305585 5.254929
v 3.927064 0.307692 5.253468
v 3.914014 0.309688 5.252529
v 3.900995 0.311571 5.252111
v 3.888007 0.313341 5.252217
v 3.875041 0.314999 5.252850
v 3.862103 0.316545 5.254009
v 3.849194 0.317978 5.255692
v 3.836303 0.319298 5.257907
v 3.823442 0.320506 5.260649
v 3.810585 0.321610 5.263894
v 3.797727 0.322618 5.267607
v 3.784863 0.323530 5.271791
v 3.771990 0.324346 5.276451
v 3.759109 0.325066 5.281582
v 3.746218 0.325690 5.287191
v 3.733315 0.326218 5.293278
v 3.720401 0.326650 5.299841
v 3.707472 0.326986 5.306887
v 3.694528 0.327226 5.314415
v 3.681563 0.327370 5.322428
v 3.668579 0.327418 5.330926
v 3.649783 0.327281 5.344244
v 3.631753 0.326870 5.358394
v 3.614479 0.326184 5.373378
v 3.597952 0.325224 5.389205
v 3.582159 0.323990 5.405882
v 3.567094 0.322481 5.423413
v 3.552749 0.320698 5.441801
v 3.539111 0.318641 5.461055
v 3.526170 0.316310 5.481182
v 3.513922 0.313705 5.502181
v 3.502357 0.310825 5.524060
v 3.491461 0.307670 5.546826
v 3.480994 0.304281 5.570456
v 3.470708 0.300693 5.594933
v 3.460592 0.296908 5.620262
v 3.450643 0.292925 5.646448
v 3.440849 0.288745 5.673494
v 3.431203 0.284368 5.701407
v 3.421698 0.279793 5.730191
v 3.412323 0.275021 5.759852
v 3.403072 0.270051 5.790391
v 3.393425 0.264884 5.820946
v 3.382591 0.259519 5.850152
v 3.371837 0.253957 5.880227
v 3.722178 0.078596 6.490092
v 3.734985 0.077883 6.486892
v 3.748192 0.077192 6.483397
v 3.761797 0.076523 6.479605
v 3.775800 0.075876 6.475516
v 3.789714 0.075250 6.470300
v 3.803491 0.074647 6.463862
v 3.817633 0.074065 6.457073
v 3.832140 0.073506 6.449932
v 3.847011 0.072968 6.442439
v 3.862251 0.072453 6.434594
v 3.877852 0.071959 6.426399
v 3.893823 0.071487 6.417849
v 3.909960 0.071046 6.409043
v 3.926069 0.070643 6.400073
v 3.942151 0.070278 6.390937
v 3.958202 0.069951 6.381641
v 3.974222 0.069663 6.372180
v 3.990216 0.069414 6.362555
v 4.006171 0.069203 6.352772
v 4.022095 0.069030 6.342826
v 4.037985 0.068895 6.332719
v 4.053840 0.068799 6.322452
v 4.069658 0.068742 6.312027
v 4.085439 0.068723 6.301443
v 4.105918 0.068788 6.287271
v 4.125790 0.068986 6.272877
v 4.145056 0.069315 6.258258
v 4.163707 0.069776 6.243421
v 4.181747 0.070368 6.228363
v 4.199164 0.071092 6.213092
v 4.215959 0.071948 6.197608
v 4.232124 0.072935 6.181914
v 4.247661 0.074054 6.166010
v 4.262564 0.075305 6.149901
v 4.276826 0.076688 6.133590
v 4.290451 0.078202 6.117076
v 4.303410 0.079836 6.100432
v 4.315668 0.081581 6.083733
v 4.327228 0.083435 6.066979
v 4.338085 0.085399 6.050170
v 4.348238 0.087472 6.033309
v 4.357691 0.089655 6.016395
v 4.366436 0.091948 5.999430
v 4.374475 0.094351 5.982415
v 4.381811 0.096863 5.965346
v 4.388437 0.099485 5.948231
v 4.394356 0.102217 5.931066
v 4.399567 0.105058 5.913851
v 4.404048 0.108008 5.896606
v 4.407786 0.111065 5.879351
v 4.410779 0.114229 5.862084
v 4.413022 0.117500 5.844809
v 4.414523 0.120877 5.827519
v 4.415282 0.124362 5.810215
v 4.415299 0.127954 5.792899
v 4.414569 0.131652 5.775570
v 4.413102 0.135458 5.758225
v 4.410894 0.139370 5.740864
v 4.407948 0.143390 5.723486
v 4.404243 0.147516 5.706054
v 4.399219 0.151739 5.687911
v 4.393494 0.156046 5.669932
v 4.387074 0.160439 5.652116
v 4.379963 0.164916 5.634456
v 4.372163 0.169479 5.616951
v 4.363678 0.174126 5.599600
v 4.354508 0.178859 5.582402
v 4.344663 0.183677 5.565349
v 4.334141 0.188579 5.548442
v 4.322947 0.193567 5.531677
v 4.311084 0.198640 5.515051
v 2.418849 0.118092 6.899744
v 2.425705 0.112435 6.921380
v 2.431093 0.106918 6.942933
v 2.434993 0.101541 6.964408
v 2.437402 0.096304 6.985809
v 2.438304 0.091206 7.007139
v 2.437692 0.086249 7.028401
v 2.435557 0.081431 7.049600
v 2.431889 0.076753 7.070736
v 2.426686 0.072215 7.091815
v 2.419937 0.067817 7.112836
v 2.411637 0.063559 7.133804
v 2.401775 0.059441 7.154721
v 2.390593 0.055456 7.175533
v 2.378324 0.051597 7.196188
v 2.364964 0.047864 7.216687
v 2.350519 0.044257 7.237028
v 2.334980 0.040776 7.257213
v 2.318349 0.037422 7.277242
v 2.300629 0.034194 7.297114
v 2.281812 0.031092 7.316831
v 2.261905 0.028116 7.336389
v 2.240906 0.025266 7.355791
v 2.218816 0.022543 7.375036
v 2.195636 0.019945 7.394123
v 2.171516 0.017469 7.413022
v 2.146600 0.015107 7.431706
v 2.120892 0.012861 7.450175
v 2.094396 0.010730 7.468426
v 2.067118 0.008714 7.486457
v 2.038052 0.006813 7.500622
v 2.008068 0.005028 7.514042
v 1.977287 0.003357 7.527157
v 1.945712 0.001802 7.539967
v 1.913350 0.000362 7.552469
v 1.880207 -0.000962 7.564663
v 1.846284 -0.002172 7.576547
v 1.811845 -0.003276 7.588106
v 1.777147 -0.004284 7.599325
v 1.742199 -0.005196 7.610203
v 1.707007 -0.006012 7.620740
v 1.671571 -0.006732 7.630931
v 1.635900 -0.007356 7.640779
v 1.600001 -0.007884 7.650280
v 1.563877 -0.008316 7.659434
v 1.527530 -0.008652 7.668239
v 1.490971 -0.008892 7.676692
v 1.454203 -0.009036 7.684795
v 1.417229 -0.009084 7.692548
v 1.368183 -0.009055 7.702450
v 1.319911 -0.008969 7.711957
v 1.272412 -0.008825 7.721069
v 1.225696 -0.008623 7.729786
v 1.179762 -0.008364 7.738106
v 1.134617 -0.008047 7.746028
v 1.090263 -0.007673 7.753554
v 1.046421 -0.007241 7.758607
v 1.002888 -0.006751 7.759583
v 0.960165 -0.006204 7.760270
v 0.918263 -0.005599 7.760669
v 0.877181 -0.004937 7.760779
v 0.836706 -0.004220 7.760628
v 0.796609 -0.003450 7.760239
v 0.756896 -0.002629 7.759614
v 0.717570 -0.001755 7.758751
v 0.678634 -0.000830 7.757653
v 0.640090 0.000148 7.756317
v 0.601940 0.001178 7.754745
v 0.564185 0.002260 7.752937
v 0.526828 0.003394 7.750893
v 0.489878 0.004580 7.748612
v 0.453331 0.005819 7.746095
v 0.417191 0.007109 7.743342
v 0.398663 0.093999 7.395337
v 0.439279 0.091491 7.402663
v 0.479959 0.089101 7.409521
v 0.520687 0.086828 7.415913
v 0.561462 0.084674 7.421836
v 0.602275 0.082637 7.427293
v 0.643116 0.080719 7.432283
v 0.683979 0.078918 7.436803
v 0.724856 0.077236 7.440858
v 0.765739 0.075671 7.444444
v 0.806625 0.074224 7.447563
v 0.847501 0.072895 7.450213
v 0.888358 0.071684 7.452399
v 0.929020 0.070580 7.454173
v 0.969302 0.069572 7.455591
v 1.009197 0.068661 7.456656
v 1.048179 0.067845 7.453635
v 1.086539 0.067125 7.448648
v 1.124498 0.066501 7.443360
v 1.162057 0.065973 7.437771
v 1.199205 0.065541 7.431882
v 1.235937 0.065205 7.425694
v 1.272247 0.064965 7.419206
v 1.308129 0.064821 7.412420
v 1.343580 0.064773 7.405335
v 1.383414 0.064856 7.396821
v 1.421400 0.065107 7.388006
v 1.457537 0.065526 7.378893
v 1.491808 0.066111 7.369483
v 1.524209 0.066864 7.359776
v 1.554737 0.067784 7.349772
v 1.583378 0.068872 7.339474
v 1.610136 0.070127 7.328881
v 1.634998 0.071549 7.317992
v 1.657964 0.073138 7.306811
v 1.679037 0.074895 7.295333
v 1.698208 0.076819 7.283563
v 1.715527 0.078877 7.271622
v 1.731045 0.081037 7.259635
v 1.744761 0.083299 7.247602
v 1.756682 0.085662 7.235521
v 1.766815 0.088126 7.223390
v 1.775158 0.090692 7.211209
v 1.781720 0.093359 7.198975
v 1.786501 0.096128 7.186688
v 1.789512 0.098998 7.174345
v 1.790764 0.101970 7.161944
v 1.790256 0.105043 7.149486
v 1.787997 0.108218 7.136964
v 1.786365 0.109721 7.131149
v 1.784411 0.111202 7.125491
v 1.782133 0.112661 7.119986
v 1.779536 0.114098 7.114635
v 1.776614 0.115513 7.109439
v 1.773372 0.116907 7.104399
v 1.769810 0.118278 7.099511
v 1.765932 0.119628 7.094778
v 1.761732 0.120955 7.090198
v 1.757217 0.122261 7.085771
v 1.752385 0.123544 7.081499
v 1.747233 0.124806 7.077380
v 1.741632 0.126053 7.073413
v 1.735444 0.127291 7.069598
v 1.728677 0.128521 7.065933
v 1.721326 0.129743 7.062421
v 1.713391 0.130957 7.059059
v 1.704878 0.132162 7.055848
v 1.695783 0.133359 7.052789
v 1.686115 0.134548 7.049879
v 1.675865 0.135729 7.047121
v 1.665043 0.136901 7.044512
v 1.653645 0.138066 7.042054
v 1.641675 0.139222 7.039746
v 1.629040 0.140377 7.037580
v 1.615647 0.141537 7.035545
v 1.601510 0.142702 7.033642
v 1.586617 0.143873 7.031869
v 1.570981 0.145050 7.030228
v 1.554593 0.146232 7.028718
v 1.537461 0.147420 7.027340
v 1.519591 0.148613 7.026093
v 1.500973 0.149812 7.024980
v 1.481622 0.151016 7.023996
v 1.461530 0.152225 7.023147
v 1.440701 0.153440 7.022428
v 1.418990 0.154670 7.021835
v 1.396246 0.155925 7.021358
v 1.372470 0.157205 7.020998
v 1.347672 0.158509 7.020754
v 1.321853 0.159838 7.020629
v 1.295010 0.161191 7.020621
v 1.267155 0.162569 7.020733
v 1.238287 0.163972 7.020965
v 1.208410 0.165400 7.021317
v 1.177532 0.166852 7.021790
v 1.145656 0.168329 7.022384
v 1.112785 0.169831 7.023102
v 1.082221 0.171228 7.023781
v 1.052307 0.172656 7.024215
v 1.023045 0.174114 7.024404
v 0.994426 0.175601 7.024350
v 0.966454 0.177119 7.024050
v 0.938625 0.178668 7.020065
v 0.911377 0.180246 7.015401
v 0.884787 0.181855 7.010582
v 0.858856 0.183494 7.005608
v 0.833585 0.185163 7.000479
v 0.808970 0.186862 6.995193
v 0.785009 0.188591 6.989752
v 0.761718 0.190361 6.984109
v 0.739108 0.192184 6.978219
v 0.717177 0.194059 6.972082
v 0.695925 0.195985 6.965698
v 0.675353 0.197964 6.959066
v 0.655460 0.199995 6.952186
v 0.636244 0.202078 6.945057
v 0.617706 0.204214 6.937679
v 0.599841 0.206401 6.930052
v 0.582658 0.208640 6.922175
v 0.566143 0.210932 6.914048
v 0.550305 0.213276 6.905672
v 0.535119 0.215677 6.897024
v 0.520568 0.218141 6.888083
v 0.506652 0.220669 6.878850
v 0.493364 0.223259 6.869323
v 0.480709 0.225913 6.859505
v 0.468683 0.228629 6.849391
v 0.457283 0.231409 6.838985
v 0.446508 0.234252 6.828286
v 0.436359 0.237158 6.817292
v 0.426831 0.240127 6.806004
v 0.417919 0.243159 6.794423
v 0.409626 0.246255 6.782547
v 0.401947 0.249426 6.770322
v 0.394870 0.252689 6.757692
v 0.388399 0.256042 6.744658
v 0.382525 0.259485 6.731220
v 0.377255 0.263019 6.717377
v 0.372575 0.266644 6.703131
v 0.368487 0.270359 6.688480
v 0.364989 0.274165 6.673425
v 0.362076 0.278061 6.657965
v 0.359743 0.282047 6.642102
v 0.357986 0.286124 6.625834
v 0.356805 0.290292 6.609163
v 0.356382 0.294354 6.592863
v 0.356849 0.298378 6.576656
v 0.358201 0.302363 6.560541
v 0.360438 0.306309 6.544518
v 0.363540 0.310218 6.528590
v 0.367515 0.314088 6.512756
v 0.372347 0.317919 6.497016
v 0.378036 0.321713 6.481374
v 0.384575 0.325467 6.465826
v 0.391957 0.329184 6.450377
v 0.400181 0.332862 6.435027
v 0.409238 0.336501 6.419775
v 0.419119 0.340085 6.404697
v 0.429819 0.343594 6.389865
v 0.441334 0.347030 6.375281
v 0.453661 0.350391 6.360945
v 0.466795 0.353678 6.346859
v 0.480733 0.356891 6.333025
v 0.495474 0.360030 6.319445
v 0.511013 0.363095 6.306122
v 0.527348 0.366086 6.293054
v 0.544480 0.369003 6.280246
v 0.562404 0.371846 6.267700
v 0.581117 0.374615 6.255416
v 0.600627 0.377299 6.243443
v 0.620930 0.379886 6.231825
v 0.642036 0.382378 6.220565
v 0.663940 0.384774 6.209665
v 0.686638 0.387074 6.199130
v 0.710141 0.389277 6.188959
v 0.734445 0.391385 6.179156
v 0.759550 0.393397 6.169723
v 0.785460 0.395313 6.160665
v 0.812180 0.397133 6.151982
v 0.839709 0.398857 6.143680
v 0.867369 0.400484 6.131564
v 0.895736 0.401999 6.119093
v 0.924933 0.403381 6.107016
v 0.954972 0.404631 6.095331
v 0.985858 0.405751 6.084044
v 1.017597 0.406738 6.073155
v 1.050198 0.407593 6.062669
v 1.083672 0.408318 6.052588
v 1.118024 0.408910 6.042914
v 1.153264 0.409371 6.033650
v 1.189401 0.409700 6.024799
v 1.226448 0.409898 6.016363
v 1.264413 0.409963 6.008342
v 1.297358 0.409936 6.001784
v 1.329728 0.409854 5.995616
v 1.361523 0.409716 5.989834
v 1.392750 0.409525 5.984436
v 1.423410 0.409278 5.979416
v 1.453500 0.408976 5.974775
v 1.483032 0.408620 5.970505
v 1.512003 0.408208 5.966607
v 1.540416 0.407742 5.963074
v 1.568268 0.407221 5.959906
v 1.595570 0.406644 5.957097
v 1.622317 0.406014 5.954646
v 1.648287 0.405350 5.951464
v 1.672930 0.404676 5.945307
v 1.697141 0.403990 5.939386
v 1.720922 0.403293 5.933699
v 1.744268 0.402586 5.928245
v 1.767186 0.401867 5.923019
v 1.789670 0.401138 5.918023
v 1.811721 0.400397 5.913253
v 1.833334 0.399645 5.908712
v 1.854517 0.398883 5.904394
v 1.875264 0.398110 5.900298
v 1.895576 0.397325 5.896425
v 1.991846 0.318729 6.196597
v 1.959133 0.320527 6.200514
v 1.926914 0.322234 6.204677
v 1.895183 0.323851 6.209088
v 1.863930 0.325378 6.213749
v 1.833157 0.326813 6.218660
v 1.802849 0.328158 6.223824
v 1.773008 0.329413 6.229241
v 1.743621 0.330578 6.234912
v 1.714404 0.331652 6.239828
v 1.684659 0.332635 6.241502
v 1.655364 0.333527 6.243482
v 1.626517 0.334330 6.245771
v 1.597963 0.335055 6.248342
v 1.569549 0.335717 6.251167
v 1.541270 0.336317 6.254250
v 1.513120 0.336853 6.257590
v 1.485100 0.337326 6.261188
v 1.457204 0.337736 6.265045
v 1.429428 0.338083 6.269162
v 1.401770 0.338367 6.273540
v 1.374228 0.338588 6.278179
v 1.346795 0.338745 6.283080
v 1.319470 0.338840 6.288243
v 1.292250 0.338871 6.293669
v 1.265588 0.338798 6.299439
v 1.239932 0.338575 6.305634
v 1.215272 0.338205 6.312251
v 1.191605 0.337687 6.319291
v 1.168927 0.337020 6.326751
v 1.147225 0.336205 6.334630
v 1.126499 0.335243 6.342928
v 1.106742 0.334132 6.351643
v 1.087954 0.332873 6.360773
v 1.070122 0.331466 6.370318
v 1.053252 0.329911 6.380277
v 1.037341 0.328208 6.390645
v 1.022609 0.326373 6.401309
v 1.009301 0.324423 6.412146
v 0.997415 0.322357 6.423154
v 0.986950 0.320177 6.434331
v 0.977911 0.317881 6.445676
v 0.970301 0.315470 6.457186
v 0.964125 0.312944 6.468858
v 0.959385 0.310303 6.480694
v 0.956090 0.307547 6.492689
v 0.954246 0.304675 6.504841
v 0.953860 0.301688 6.517151
v 0.954935 0.298586 6.529617
v 0.955934 0.297086 6.535542
v 0.957195 0.295613 6.541298
v 0.958723 0.294167 6.546885
v 0.960512 0.292750 6.552305
v 0.962569 0.291359 6.557553
v 0.964890 0.289996 6.562634
v 0.967479 0.288660 6.567545
v 0.970333 0.287352 6.572287
v 0.973455 0.286071 6.576858
v 0.976848 0.284817 6.581261
v 0.980506 0.283592 6.585495
v 0.984436 0.282393 6.589559
v 0.988773 0.281211 6.593469
v 0.993660 0.280034 6.597239
v 0.999100 0.278863 6.600869
v 1.005086 0.277697 6.604362
v 1.011627 0.276537 6.607716
v 1.018723 0.275383 6.610929
v 1.026373 0.274233 6.614004
v 1.034577 0.273089 6.616940
v 1.043341 0.271951 6.619738
v 1.052661 0.270818 6.622396
v 1.062539 0.269691 6.624917
v 1.072979 0.268569 6.627299
v 1.084039 0.267446 6.629559
v 1.095781 0.266315 6.631711
v 1.108208 0.265176 6.633759
v 1.121318 0.264027 6.635698
v 1.135119 0.262871 6.637532
v 1.149606 0.261707 6.639261
v 1.164781 0.260535 6.640885
v 1.180649 0.259354 6.642404
v 1.197212 0.258165 6.643816
v 1.214471 0.256968 6.645126
v 1.232426 0.255762 6.646331
v 1.251081 0.254549 6.647433
v 1.270591 0.253321 6.648423
v 1.291115 0.252075 6.649290
v 1.312655 0.250809 6.650037
v 1.335219 0.249524 6.650663
v 1.358803 0.248220 6.651169
v 1.383416 0.246896 6.651556
v 1.409056 0.245554 6.651825
v 1.435731 0.244192 6.651976
v 1.463443 0.242811 6.652009
v 1.492195 0.241411 6.651927
v 1.521995 0.239991 6.651727
v 1.552841 0.238553 6.651414
v 1.587838 0.236898 6.651175
v 1.622026 0.235224 6.651196
v 1.655401 0.233530 6.651478
v 1.687953 0.231817 6.652020
v 1.719690 0.230085 6.652817
v 1.750603 0.228334 6.653871
v 1.780698 0.226563 6.655177
v 1.809961 0.224774 6.656735
v 1.838314 0.222965 6.658234
v 1.864878 0.221137 6.656519
v 1.890644 0.219289 6.655187
v 1.915614 0.217423 6.654237
v 1.939866 0.215526 6.653684
v 1.963478 0.213589 6.653546
v 1.986457 0.211610 6.653820
v 2.008794 0.209590 6.654508
v 2.030493 0.207528 6.655606
v 2.051545 0.205426 6.657117
v 2.071955 0.203283 6.659037
v 2.091721 0.201098 6.661368
v 2.110837 0.198872 6.664110
v 2.129306 0.196606 6.667259
v 2.147122 0.194297 6.670819
v 2.164283 0.191948 6.674787
v 2.180844 0.189551 6.679175
v 2.196861 0.187099 6.683990
v 2.212330 0.184592 6.689233
v 2.227250 0.182031 6.694905
v 2.241622 0.179414 6.701004
v 2.255436 0.176743 6.707532
v 2.268695 0.174016 6.714489
v 2.281402 0.171235 6.721875
v 2.293545 0.168399 6.729689
v 2.305128 0.165508 6.737935
v 2.316143 0.162562 6.746611
v 2.326592 0.159562 6.755719
v 2.336554 0.156498 6.765264
v 2.346112 0.153363 6.775252
v 2.355259 0.150157 6.785687
v 2.363998 0.146880 6.796567
v 2.372328 0.143531 6.807893
v 2.380238 0.140110 6.819667
v 2.387733 0.136619 6.831887
v 2.394808 0.133056 6.844557
v 2.401461 0.129422 6.857676
v 2.407688 0.125716 6.871246
v 2.413485 0.121940 6.885268
vn -0.1277 0.9703 0.2056
vn -0.1276 0.9702 0.2059
vn -0.1236 0.9741 0.1894
vn -0.1239 0.9745 0.1872
vn -0.1244 0.9741 0.1890
vn -0.1230 0.9747 0.1865
vn -0.1242 0.9741 0.1888
vn -0.1244 0.9741 0.1887
vn -0.1239 0.9743 0.1881
vn -0.1234 0.9745 0.1872
vn -0.1241 0.9742 0.1885
vn -0.1242 0.9742 0.1885
vn -0.2543 -0.8875 0.3844
vn -0.1525 0.9624 0.2246
vn -0.1499 0.9636 0.2214
vn -0.1475 0.9649 0.2172
vn -0.2175 -0.9230 0.3175
vn -0.1742 0.9526 0.2494
vn -0.1699 0.9550 0.2431
vn -0.4647 -0.5862 0.6637
vn -0.1862 0.9471 0.2615
vn -0.1816 0.9498 0.2547
vn -0.1776 0.9520 0.2493
vn -0.5379 0.3792 0.7529
vn -0.1861 0.9481 0.2577
vn -0.1819 0.9505 0.2518
vn -0.1786 0.9524 0.2473
vn -0.3862 0.7526 0.5334
vn -0.1830 0.9506 0.2509
vn -0.1795 0.9525 0.2462
vn -0.1765 0.9541 0.2419
vn -0.3049 0.8562 0.4170
vn -0.1790 0.9532 0.2435
vn -0.1761 0.9548 0.2395
vn -0.1435 0.9702 0.1951
vn -0.1270 0.9703 0.2060
vn -0.1805 0.9600 0.2138
vn -0.1784 0.9607 0.2127
vn -0.1764 0.9613 0.2116
vn -0.1744 0.9619 0.2104
vn -0.1725 0.9625 0.2092
vn -0.1707 0.9631 0.2080
vn -0.1690 0.9637 0.2069
vn -0.1674 0.9643 0.2054
vn 0.0009 0.9966 0.0821
vn -0.1659 0.9648 0.2040
vn 0.0102 0.9975 0.0696
vn -0.1645 0.9654 0.2023
vn -0.0053 0.9970 0.0766
vn 0.0213 0.9983 0.0551
vn -0.1633 0.9659 0.2010
vn 0.0063 0.9981 0.0617
vn -0.1621 0.9664 0.1993
vn -0.0015 0.9980 0.0627
vn 0.0198 0.9988 0.0442
vn -0.1611 0.9669 0.1976
vn -0.0046 0.9982 0.0598
vn 0.0126 0.9989 0.0443
vn -0.1602 0.9674 0.1959
vn -0.0043 0.9985 0.0538
vn 0.0106 0.9991 0.0403
vn -0.1595 0.9679 0.1942
vn -0.0023 0.9989 0.0458
vn 0.0121 0.9994 0.0322
vn -0.1589 0.9683 0.1925
vn -0.0024 0.9992 0.0395
vn 0.0126 0.9996 0.0244
vn -0.1584 0.9689 0.1903
vn -0.0145 0.9989 0.0447
vn -0.0024 0.9995 0.0325
vn 0.0125 0.9998 0.0173
vn -0.1581 0.9692 0.1886
vn -0.0140 0.9992 0.0375
vn -0.0021 0.9997 0.0252
vn -0.1579 0.9696 0.1870
vn -0.0137 0.9995 0.0301
vn -0.0022 0.9998 0.0174
vn -0.1579 0.9699 0.1854
vn -0.0134 0.9997 0.0221
vn -0.0016 1.0000 0.0088
vn -0.0101 0.9999 0.0101
vn -0.0342 0.9987 0.0386
vn -0.0517 0.9969 0.0589
vn -0.0650 0.9951 0.0744
vn -0.0755 0.9934 0.0864
vn -0.1695 0.9665 0.1928
vn -0.1274 0.9816 0.1426
vn -0.1713 0.9658 0.1946
vn -0.1688 0.9668 0.1916
vn -0.1670 0.9676 0.1896
vn -0.1658 0.9680 0.1882
vn -0.1647 0.9685 0.1870
vn -0.1809 0.9619 0.2050
vn -0.1632 0.9693 0.1840
vn -0.1626 0.9695 0.1834
vn -0.1271 0.9703 0.2060
vn -0.1623 0.9696 0.1830
vn -0.1792 0.9629 0.2019
vn -0.1613 0.9702 0.1807
vn -0.1612 0.9703 0.1804
vn -0.1610 0.9704 0.1802
vn -0.1778 0.9638 0.1989
vn -0.1606 0.9707 0.1785
vn -0.1605 0.9708 0.1784
vn -0.1766 0.9646 0.1959
vn -0.1604 0.9711 0.1769
vn -0.1605 0.9711 0.1769
vn -0.1755 0.9653 0.1935
vn -0.1605 0.9713 0.1757
vn -0.1607 0.9712 0.1758
vn -0.1608 0.9712 0.1759
vn -0.1748 0.9660 0.1908
vn -0.1610 0.9713 0.1749
vn -0.1612 0.9713 0.1751
vn -0.1739 0.9665 0.1886
vn -0.1615 0.9714 0.1742
vn -0.1617 0.9713 0.1744
vn -0.1731 0.9671 0.1865
vn -0.1621 0.9714 0.1737
vn -0.1622 0.9713 0.1739
vn -0.1724 0.9676 0.1845
vn -0.1627 0.9713 0.1734
vn -0.1629 0.9713 0.1736
vn -0.1718 0.9680 0.1828
vn -0.1634 0.9713 0.1731
vn -0.1636 0.9712 0.1734
vn -0.1713 0.9684 0.1813
vn -0.1640 0.9712 0.1730
vn -0.1643 0.9711 0.1733
vn -0.1708 0.9687 0.1799
vn -0.1647 0.9711 0.1730
vn -0.1650 0.9710 0.1733
vn -0.1704 0.9690 0.1787
vn -0.1654 0.9709 0.1732
vn -0.1699 0.9693 0.1778
vn -0.1659 0.9708 0.1731
vn -0.1661 0.9708 0.1733
vn -0.1695 0.9695 0.1769
vn -0.1665 0.9707 0.1734
vn -0.1667 0.9706 0.1736
vn -0.1691 0.9697 0.1761
vn -0.1671 0.9705 0.1737
vn -0.1673 0.9704 0.1739
vn -0.1687 0.9699 0.1753
vn -0.1676 0.9704 0.1741
vn -0.1678 0.9703 0.1743
vn -0.1682 0.9701 0.1747
vn -0.1680 0.9702 0.1745
vn -0.1681 0.9702 0.1746
vn -0.1674 0.9704 0.1739
vn -0.1683 0.9701 0.1749
vn -0.1670 0.9706 0.1736
vn -0.1684 0.9700 0.1752
vn -0.1686 0.9700 0.1754
vn -0.1664 0.9707 0.1732
vn -0.1686 0.9699 0.1756
vn -0.1659 0.9709 0.1728
vn -0.1686 0.9699 0.1759
vn -0.1688 0.9698 0.1761
vn -0.1652 0.9710 0.1725
vn -0.1688 0.9697 0.1765
vn -0.1646 0.9712 0.1721
vn -0.1687 0.9697 0.1768
vn -0.1344 0.9689 0.2078
vn -0.1690 0.9696 0.1771
vn -0.1638 0.9714 0.1718
vn -0.1688 0.9695 0.1775
vn -0.1691 0.9694 0.1777
vn -0.1345 0.9689 0.2079
vn -0.1630 0.9716 0.1715
vn -0.1689 0.9694 0.1781
vn -0.1346 0.9688 0.2079
vn -0.1692 0.9693 0.1784
vn -0.1621 0.9718 0.1711
vn -0.1690 0.9693 0.1788
vn -0.1347 0.9688 0.2079
vn -0.1692 0.9692 0.1791
vn -0.1611 0.9721 0.1708
vn -0.1348 0.9688 0.2080
vn -0.1690 0.9691 0.1796
vn -0.1349 0.9688 0.2080
vn -0.1693 0.9690 0.1798
vn -0.1600 0.9723 0.1703
vn -0.1689 0.9690 0.1803
vn -0.1350 0.9687 0.2081
vn -0.1692 0.9689 0.1807
vn -0.1589 0.9726 0.1699
vn -0.1352 0.9687 0.2082
vn -0.1688 0.9689 0.1811
vn -0.1691 0.9688 0.1814
vn -0.1353 0.9687 0.2082
vn -0.1577 0.9728 0.1694
vn -0.1686 0.9688 0.1818
vn -0.1354 0.9686 0.2083
vn -0.1689 0.9686 0.1822
vn -0.1693 0.9685 0.1826
vn -0.1563 0.9732 0.1689
vn -0.1352 0.9703 0.2004
vn 0.0180 0.9944 0.1041
vn -0.1687 0.9685 0.1829
vn -0.1351 0.9704 0.2004
vn -0.1691 0.9684 0.1834
vn -0.1550 0.9735 0.1682
vn -0.1683 0.9685 0.1836
vn -0.1688 0.9683 0.1842
vn -0.1693 0.9681 0.1847
vn -0.1350 0.9704 0.2003
vn -0.1699 0.9679 0.1854
vn -0.1533 0.9739 0.1675
vn -0.1687 0.9681 0.1853
vn -0.1695 0.9678 0.1861
vn -0.1350 0.9704 0.2002
vn -0.1702 0.9675 0.1870
vn -0.1711 0.9671 0.1880
vn -0.1349 0.9704 0.2002
vn -0.1517 0.9743 0.1668
vn -0.1694 0.9676 0.1874
vn -0.1348 0.9705 0.2001
vn -0.1703 0.9672 0.1883
vn -0.1713 0.9668 0.1895
vn -0.1347 0.9705 0.2000
vn -0.1727 0.9663 0.1909
vn -0.1744 0.9656 0.1931
vn -0.1345 0.9706 0.1998
vn -0.1772 0.9644 0.1962
vn -0.1499 0.9747 0.1659
vn -0.3256 0.8452 0.4237
vn -0.1734 0.9657 0.1933
vn -0.1764 0.9644 0.1969
vn -0.4920 0.6149 0.6163
vn -0.1812 0.9624 0.2026
vn -0.1908 0.9582 0.2130
vn -0.5844 -0.4231 0.6924
vn -0.2211 0.9429 0.2491
vn -0.4703 -0.6934 0.5459
vn -0.1342 0.9768 0.1670
vn -0.1328 0.9773 0.1653
vn -0.1313 0.9778 0.1635
vn -0.1376 0.9755 0.1715
vn -0.1253 0.9705 0.2062
vn -0.1372 0.9757 0.1711
vn -0.1296 0.9783 0.1617
vn -0.1369 0.9757 0.1709
vn -0.1366 0.9758 0.1705
vn -0.1415 0.9740 0.1767
vn -0.1362 0.9760 0.1699
vn -0.1359 0.9761 0.1695
vn -0.1447 0.9729 0.1804
vn -0.1356 0.9763 0.1688
vn -0.1351 0.9764 0.1683
vn -0.1443 0.9731 0.1796
vn -0.1348 0.9766 0.1675
vn -0.1344 0.9767 0.1670
vn -0.1440 0.9733 0.1788
vn -0.1340 0.9770 0.1662
vn -0.1336 0.9771 0.1656
vn -0.1436 0.9735 0.1780
vn -0.1330 0.9774 0.1646
vn -0.1431 0.9737 0.1771
vn -0.1323 0.9777 0.1634
vn -0.1315 0.9779 0.1624
vn -0.1427 0.9740 0.1762
vn -0.1308 0.9782 0.1611
vn -0.1299 0.9785 0.1601
vn -0.1424 0.9742 0.1753
vn -0.1290 0.9789 0.1586
vn -0.1282 0.9792 0.1575
vn -0.1421 0.9743 0.1745
vn -0.1272 0.9796 0.1557
vn -0.1262 0.9799 0.1546
vn -0.1419 0.9745 0.1736
vn -0.1250 0.9803 0.1526
vn -0.1414 0.9748 0.1726
vn -0.1238 0.9808 0.1506
vn -0.1226 0.9812 0.1492
vn -0.1413 0.9750 0.1718
vn -0.1212 0.9817 0.1468
vn -0.1198 0.9821 0.1451
vn -0.1414 0.9751 0.1710
vn -0.1180 0.9828 0.1422
vn -0.1165 0.9832 0.1403
vn -0.1419 0.9751 0.1706
vn -0.1144 0.9839 0.1370
vn -0.1126 0.9844 0.1349
vn -0.1426 0.9750 0.1702
vn -0.1101 0.9853 0.1309
vn -0.1425 0.9752 0.1694
vn -0.1073 0.9861 0.1266
vn -0.1051 0.9867 0.1240
vn -0.1446 0.9747 0.1702
vn -0.1018 0.9877 0.1188
vn -0.0992 0.9883 0.1157
vn -0.1485 0.9737 0.1727
vn -0.0951 0.9894 0.1095
vn -0.0916 0.9902 0.1055
vn -0.1566 0.9713 0.1789
vn -0.1121 0.9855 0.1275
vn -0.1598 0.9703 0.1815
vn -0.1600 0.9702 0.1818
vn -0.1599 0.9702 0.1818
vn -0.1597 0.9703 0.1815
vn -0.1599 0.9703 0.1816
vn -0.1599 0.9703 0.1818
vn -0.1599 0.9703 0.1815
vn -0.1598 0.9703 0.1817
vn -0.1596 0.9704 0.1812
vn -0.1598 0.9703 0.1816
vn -0.1603 0.9701 0.1820
vn -0.1592 0.9705 0.1813
vn -0.1597 0.9703 0.1817
vn -0.1897 0.9732 0.1301
vn -0.1893 0.9734 0.1294
vn -0.1895 0.9733 0.1297
vn -0.1892 0.9734 0.1293
vn -0.1899 0.9732 0.1299
vn -0.1895 0.9733 0.1293
vn -0.1897 0.9733 0.1296
vn -0.1900 0.9731 0.1299
vn -0.1903 0.9731 0.1300
vn -0.1905 0.9730 0.1303
vn -0.1904 0.9731 0.1300
vn -0.1906 0.9730 0.1303
vn -0.1908 0.9729 0.1304
vn -0.1909 0.9729 0.1305
vn -0.1912 0.9728 0.1307
vn -0.1914 0.9728 0.1308
vn -0.1915 0.9727 0.1309
vn -0.1918 0.9726 0.1311
vn -0.1917 0.9727 0.1311
vn -0.1919 0.9726 0.1312
vn -0.1921 0.9726 0.1313
vn -0.1922 0.9725 0.1314
vn -0.1925 0.9724 0.1316
vn -0.2351 0.9587 0.1601
vn -0.3925 0.8801 0.2671
vn -0.1968 0.9714 0.1329
vn -0.2185 0.9702 0.1049
vn -0.2185 0.9702 0.1044
vn -0.3599 0.9011 0.2419
vn -0.1993 0.9708 0.1335
vn -0.3359 0.9151 0.2232
vn -0.3231 0.9217 0.2146
vn -0.2032 0.9699 0.1342
vn -0.3077 0.9297 0.2025
vn -0.2044 0.9696 0.1342
vn -0.2955 0.9357 0.1929
vn -0.2882 0.9389 0.1882
vn -0.2068 0.9691 0.1344
vn -0.2796 0.9429 0.1812
vn -0.2074 0.9690 0.1342
vn -0.2726 0.9460 0.1756
vn -0.2681 0.9478 0.1727
vn -0.2089 0.9687 0.1340
vn -0.2630 0.9500 0.1684
vn -0.2091 0.9687 0.1337
vn -0.2585 0.9519 0.1647
vn -0.2094 0.9687 0.1334
vn -0.2545 0.9535 0.1614
vn -0.2518 0.9545 0.1597
vn -0.2101 0.9686 0.1331
vn -0.2486 0.9558 0.1570
vn -0.2102 0.9686 0.1327
vn -0.2458 0.9569 0.1547
vn -0.2438 0.9576 0.1534
vn -0.2107 0.9686 0.1324
vn -0.2415 0.9585 0.1514
vn -0.2106 0.9686 0.1320
vn -0.2393 0.9593 0.1496
vn -0.2378 0.9599 0.1486
vn -0.2110 0.9686 0.1317
vn -0.2362 0.9605 0.1472
vn -0.2179 0.9665 0.1358
vn -0.2351 0.9609 0.1462
vn -0.2343 0.9612 0.1457
vn -0.2459 0.9571 0.1530
vn -0.2336 0.9614 0.1454
vn -0.2423 0.9584 0.1509
vn -0.2329 0.9616 0.1452
vn -0.2321 0.9619 0.1447
vn -0.2389 0.9595 0.1490
vn -0.2315 0.9621 0.1444
vn -0.2360 0.9605 0.1472
vn -0.2308 0.9623 0.1441
vn -0.2302 0.9625 0.1437
vn -0.2332 0.9615 0.1456
vn -0.2296 0.9627 0.1434
vn -0.2307 0.9623 0.1441
vn -0.2290 0.9629 0.1430
vn -0.2284 0.9631 0.1426
vn -0.2284 0.9630 0.1427
vn -0.2184 0.9701 0.1054
vn -0.2164 0.9703 0.1083
vn -0.2165 0.9703 0.1082
vn -0.2166 0.9703 0.1081
vn -0.2167 0.9703 0.1080
vn -0.2168 0.9702 0.1079
vn -0.2169 0.9702 0.1079
vn -0.2170 0.9702 0.1078
vn -0.2172 0.9702 0.1077
vn -0.2173 0.9701 0.1077
vn -0.2175 0.9701 0.1077
vn -0.2177 0.9701 0.1077
vn -0.2179 0.9700 0.1076
vn -0.2182 0.9699 0.1077
vn -0.2185 0.9699 0.1077
vn -0.2188 0.9698 0.1077
vn -0.2193 0.9697 0.1078
vn -0.2167 0.9703 0.1073
vn -0.1661 0.9816 0.0940
vn -0.1618 0.9825 0.0928
vn -0.1564 0.9835 0.0910
vn -0.1498 0.9847 0.0886
vn -0.1410 0.9863 0.0853
vn -0.1291 0.9883 0.0807
vn -0.1250 0.9890 0.0790
vn -0.2115 0.9661 0.1481
vn -0.1566 0.9820 0.1061
vn -0.2102 0.9665 0.1472
vn -0.2090 0.9669 0.1464
vn -0.1627 0.9801 0.1140
vn -0.2078 0.9673 0.1457
vn -0.1794 0.9756 0.1267
vn -0.1871 0.9734 0.1320
vn -0.1904 0.9725 0.1342
vn -0.2058 0.9677 0.1456
vn -0.1913 0.9721 0.1356
vn -0.2045 0.9680 0.1452
vn -0.1921 0.9718 0.1367
vn -0.2032 0.9683 0.1450
vn -0.1929 0.9715 0.1378
vn -0.2020 0.9686 0.1447
vn -0.1936 0.9712 0.1387
vn -0.2008 0.9689 0.1445
vn -0.2001 0.9691 0.1440
vn -0.1939 0.9710 0.1397
vn -0.1992 0.9694 0.1438
vn -0.1946 0.9708 0.1405
vn -0.1983 0.9696 0.1436
vn -0.1977 0.9698 0.1431
vn -0.1951 0.9706 0.1413
vn -0.1970 0.9700 0.1428
vn -0.1964 0.9701 0.1424
vn -0.1956 0.9704 0.1419
vn -0.1961 0.9702 0.1422
vn -0.1957 0.9703 0.1424
vn -0.2184 0.9703 0.1043
vn -0.2181 0.9747 0.0479
vn -0.2179 0.9748 0.0479
vn -0.4808 0.8708 0.1026
vn -0.2469 0.9676 0.0527
vn -0.1516 -0.9880 0.0290
vn -0.3657 0.9282 0.0684
vn -0.3687 -0.9273 0.0651
vn -0.3844 0.9207 0.0668
vn -0.8667 -0.4769 0.1460
vn -0.3705 0.9268 0.0614
vn -0.8523 0.5044 0.1385
vn -0.3515 0.9345 0.0564
vn -0.5985 0.7955 0.0949
vn -0.3346 0.9409 0.0525
vn -0.4762 0.8762 0.0739
vn -0.3206 0.9459 0.0493
vn -0.4109 0.9095 0.0629
vn -0.3094 0.9498 0.0469
vn -0.3713 0.9268 0.0561
vn -0.3002 0.9528 0.0449
vn -0.3452 0.9371 0.0516
vn -0.2927 0.9552 0.0435
vn -0.3266 0.9439 0.0484
vn -0.2865 0.9572 0.0421
vn -0.3133 0.9485 0.0461
vn -0.2814 0.9587 0.0411
vn -0.3034 0.9518 0.0443
vn -0.2770 0.9600 0.0402
vn -0.2953 0.9544 0.0429
vn -0.2734 0.9611 0.0395
vn -0.2696 0.9622 0.0389
vn -0.2882 0.9567 0.0414
vn -0.2670 0.9629 0.0384
vn -0.2829 0.9583 0.0405
vn -0.2647 0.9636 0.0379
vn -0.2784 0.9597 0.0397
vn -0.2627 0.9642 0.0374
vn -0.2745 0.9608 0.0390
vn -0.2609 0.9646 0.0371
vn -0.2712 0.9618 0.0384
vn -0.2593 0.9651 0.0367
vn -0.2683 0.9626 0.0379
vn -0.2579 0.9655 0.0364
vn -0.2658 0.9633 0.0375
vn -0.2820 0.9586 0.0398
vn -0.2640 0.9638 0.0374
vn -0.3185 0.9468 0.0453
vn -0.2628 0.9641 0.0377
vn -0.3101 0.9497 0.0447
vn -0.2617 0.9644 0.0381
vn -0.3028 0.9520 0.0441
vn -0.2606 0.9647 0.0383
vn -0.2964 0.9541 0.0437
vn -0.2595 0.9650 0.0385
vn -0.2908 0.9558 0.0433
vn -0.2585 0.9652 0.0387
vn -0.2858 0.9573 0.0429
vn -0.2575 0.9655 0.0389
vn -0.0132 0.9999 0.0013
vn -0.2597 0.9639 0.0586
vn -0.2405 0.9705 0.0176
vn -0.0212 0.9998 0.0018
vn -0.0702 0.9974 0.0190
vn -0.0220 0.9998 -0.0036
vn -0.1896 0.9809 0.0440
vn -0.0752 0.9972 0.0014
vn -0.2941 0.9556 0.0208
vn -0.2075 0.9771 0.0478
vn -0.2747 0.9613 0.0193
vn -0.2649 0.9641 0.0183
vn -0.2148 0.9754 0.0495
vn -0.2590 0.9657 0.0179
vn -0.2552 0.9667 0.0177
vn -0.2189 0.9744 0.0504
vn -0.2561 0.9648 0.0593
vn -0.2524 0.9675 0.0174
vn -0.2505 0.9680 0.0173
vn -0.2181 0.9746 0.0513
vn -0.2504 0.9680 0.0173
vn -0.2487 0.9684 0.0171
vn -0.2208 0.9739 0.0519
vn -0.2474 0.9688 0.0170
vn -0.2532 0.9656 0.0598
vn -0.2465 0.9690 0.0169
vn -0.2205 0.9739 0.0529
vn -0.2696 0.9628 0.0184
vn -0.2441 0.9696 0.0160
vn -0.2436 0.9697 0.0159
vn -0.2226 0.9735 0.0534
vn -0.2432 0.9698 0.0159
vn -0.2504 0.9662 0.0606
vn -0.2666 0.9637 0.0174
vn -0.2416 0.9703 0.0150
vn -0.2226 0.9734 0.0545
vn -0.2414 0.9703 0.0150
vn -0.2483 0.9668 0.0609
vn -0.2412 0.9703 0.0149
vn -0.2228 0.9733 0.0555
vn -0.2637 0.9645 0.0161
vn -0.2401 0.9706 0.0140
vn -0.2244 0.9729 0.0559
vn -0.2459 0.9673 0.0619
vn -0.2613 0.9651 0.0153
vn -0.2392 0.9709 0.0131
vn -0.2248 0.9728 0.0569
vn -0.2393 0.9708 0.0132
vn -0.2441 0.9677 0.0623
vn -0.2394 0.9708 0.0131
vn -0.2589 0.9658 0.0140
vn -0.2253 0.9726 0.0579
vn -0.2389 0.9710 0.0123
vn -0.2390 0.9709 0.0123
vn -0.2426 0.9681 0.0627
vn -0.2568 0.9664 0.0130
vn -0.2259 0.9724 0.0589
vn -0.2386 0.9711 0.0115
vn -0.2388 0.9710 0.0115
vn -0.2411 0.9684 0.0631
vn -0.2549 0.9669 0.0122
vn -0.2385 0.9711 0.0108
vn -0.2266 0.9721 0.0598
vn -0.2387 0.9710 0.0108
vn -0.2398 0.9687 0.0635
vn -0.2532 0.9674 0.0114
vn -0.2386 0.9711 0.0101
vn -0.2274 0.9719 0.0606
vn -0.2389 0.9710 0.0102
vn -0.2387 0.9690 0.0638
vn -0.2516 0.9678 0.0106
vn -0.2389 0.9710 0.0096
vn -0.2282 0.9717 0.0614
vn -0.2391 0.9709 0.0096
vn -0.2377 0.9692 0.0642
vn -0.2501 0.9682 0.0099
vn -0.2392 0.9709 0.0091
vn -0.2290 0.9714 0.0621
vn -0.2394 0.9709 0.0091
vn -0.2368 0.9694 0.0644
vn -0.2488 0.9685 0.0093
vn -0.2396 0.9708 0.0086
vn -0.2298 0.9712 0.0627
vn -0.2398 0.9708 0.0086
vn -0.2475 0.9688 0.0088
vn -0.2360 0.9696 0.0646
vn -0.2399 0.9708 0.0082
vn -0.2306 0.9710 0.0633
vn -0.2401 0.9707 0.0083
vn -0.2464 0.9691 0.0084
vn -0.2353 0.9698 0.0648
vn -0.2403 0.9707 0.0079
vn -0.2314 0.9708 0.0638
vn -0.2405 0.9706 0.0080
vn -0.2454 0.9694 0.0080
vn -0.2346 0.9699 0.0648
vn -0.2407 0.9706 0.0077
vn -0.2409 0.9705 0.0077
vn -0.2444 0.9696 0.0077
vn -0.2322 0.9705 0.0642
vn -0.2341 0.9701 0.0648
vn -0.2411 0.9705 0.0075
vn -0.2435 0.9699 0.0076
vn -0.2414 0.9704 0.0075
vn -0.2336 0.9702 0.0647
vn -0.2330 0.9703 0.0646
vn -0.2416 0.9704 0.0075
vn -0.2426 0.9701 0.0075
vn -0.2418 0.9703 0.0074
vn -0.2331 0.9703 0.0646
vn -0.2421 0.9702 0.0074
vn -0.2418 0.9703 0.0075
vn -0.2340 0.9701 0.0648
vn -0.2326 0.9705 0.0644
vn -0.2344 0.9700 0.0648
vn -0.2410 0.9705 0.0075
vn -0.2320 0.9706 0.0642
vn -0.2349 0.9699 0.0648
vn -0.2354 0.9697 0.0649
vn -0.2402 0.9707 0.0075
vn -0.2315 0.9708 0.0638
vn -0.2431 0.9700 0.0077
vn -0.2359 0.9696 0.0648
vn -0.2363 0.9695 0.0650
vn -0.2393 0.9709 0.0077
vn -0.2309 0.9709 0.0634
vn -0.2368 0.9694 0.0648
vn -0.2436 0.9698 0.0080
vn -0.2373 0.9693 0.0649
vn -0.2303 0.9711 0.0628
vn -0.2383 0.9711 0.0079
vn -0.2378 0.9692 0.0646
vn -0.2441 0.9697 0.0083
vn -0.2383 0.9690 0.0648
vn -0.2296 0.9713 0.0622
vn -0.2373 0.9714 0.0083
vn -0.2388 0.9689 0.0644
vn -0.2446 0.9696 0.0087
vn -0.2394 0.9688 0.0646
vn -0.2289 0.9715 0.0615
vn -0.2362 0.9717 0.0086
vn -0.2399 0.9687 0.0642
vn -0.2451 0.9695 0.0091
vn -0.2281 0.9717 0.0610
vn -0.2404 0.9686 0.0637
vn -0.2350 0.9719 0.0090
vn -0.2410 0.9684 0.0638
vn -0.2455 0.9693 0.0097
vn -0.2273 0.9720 0.0601
vn -0.2414 0.9684 0.0632
vn -0.2337 0.9723 0.0095
vn -0.2421 0.9682 0.0634
vn -0.2459 0.9692 0.0102
vn -0.2264 0.9722 0.0592
vn -0.2425 0.9681 0.0627
vn -0.2323 0.9726 0.0100
vn -0.2431 0.9679 0.0629
vn -0.2461 0.9692 0.0109
vn -0.2253 0.9725 0.0582
vn -0.2434 0.9679 0.0621
vn -0.2308 0.9730 0.0105
vn -0.2442 0.9677 0.0623
vn -0.2463 0.9691 0.0116
vn -0.2242 0.9729 0.0571
vn -0.2443 0.9678 0.0614
vn -0.2291 0.9733 0.0110
vn -0.2451 0.9676 0.0616
vn -0.2462 0.9691 0.0123
vn -0.2460 0.9673 0.0618
vn -0.2229 0.9733 0.0556
vn -0.2461 0.9673 0.0608
vn -0.2274 0.9737 0.0115
vn -0.2459 0.9692 0.0130
vn -0.2471 0.9671 0.0611
vn -0.2215 0.9736 0.0545
vn -0.2471 0.9671 0.0599
vn -0.2256 0.9741 0.0120
vn -0.2454 0.9693 0.0137
vn -0.2481 0.9668 0.0603
vn -0.2200 0.9740 0.0533
vn -0.2478 0.9670 0.0590
vn -0.2460 0.9692 0.0138
vn -0.2489 0.9667 0.0592
vn -0.2235 0.9746 0.0129
vn -0.2502 0.9664 0.0596
vn -0.2182 0.9745 0.0518
vn -0.2450 0.9694 0.0145
vn -0.2494 0.9667 0.0581
vn -0.2506 0.9663 0.0585
vn -0.2215 0.9751 0.0132
vn -0.2436 0.9698 0.0152
vn -0.2521 0.9659 0.0588
vn -0.2163 0.9750 0.0503
vn -0.2507 0.9664 0.0572
vn -0.2439 0.9697 0.0152
vn -0.2522 0.9660 0.0576
vn -0.2192 0.9756 0.0138
vn -0.2544 0.9654 0.0580
vn -0.2416 0.9702 0.0158
vn -0.2570 0.9646 0.0587
vn -0.2141 0.9756 0.0486
vn -0.2415 0.9703 0.0158
vn -0.2545 0.9654 0.0566
vn -0.2574 0.9646 0.0572
vn -0.2412 0.9703 0.0158
vn -0.2612 0.9635 0.0582
vn -0.2228 0.9748 0.0147
vn -0.2666 0.9620 0.0593
vn -0.2369 0.9714 0.0159
vn -0.2748 0.9596 0.0610
vn -0.2892 0.9551 0.0639
vn -0.9968 0.0077 0.0801
vn -0.2117 0.9762 0.0469
vn -0.2776 0.9588 0.0600
vn -0.2991 0.9521 0.0641
vn -0.0668 -0.9977 0.0077
vn -0.3678 0.9266 0.0776
vn -0.0575 -0.9983 0.0070
vn -0.2259 0.9736 0.0327
vn -0.1997 0.9794 0.0287
vn -0.2248 0.9739 0.0322
vn -0.1967 0.9801 0.0280
vn -0.2237 0.9742 0.0317
vn -0.1935 0.9807 0.0272
vn -0.2225 0.9744 0.0311
vn -0.1920 0.9810 0.0266
vn -0.2214 0.9747 0.0306
vn -0.2211 0.9748 0.0305
vn -0.2196 0.9751 0.0303
vn -0.2194 0.9752 0.0303
vn -0.2178 0.9755 0.0301
vn -0.2176 0.9756 0.0301
vn -0.2159 0.9760 0.0298
vn -0.2157 0.9760 0.0298
vn -0.2139 0.9764 0.0296
vn -0.2137 0.9764 0.0295
vn -0.2117 0.9769 0.0293
vn -0.2116 0.9769 0.0292
vn -0.2093 0.9774 0.0290
vn -0.2068 0.9780 0.0286
vn -0.2040 0.9786 0.0283
vn -0.2043 0.9785 0.0283
vn -0.2010 0.9792 0.0279
vn -0.2014 0.9791 0.0280
vn -0.1977 0.9799 0.0274
vn -0.1984 0.9797 0.0275
vn -0.1941 0.9806 0.0270
vn -0.1951 0.9804 0.0271
vn -0.1900 0.9814 0.0265
vn -0.1913 0.9812 0.0267
vn -0.1855 0.9823 0.0259
vn -0.1808 0.9832 0.0253
vn -0.1870 0.9820 0.0262
vn -0.1751 0.9842 0.0246
vn -0.1820 0.9830 0.0256
vn -0.1687 0.9854 0.0238
vn -0.1763 0.9840 0.0249
vn -0.1613 0.9866 0.0228
vn -0.1696 0.9852 0.0240
vn -0.1526 0.9880 0.0218
vn -0.1619 0.9865 0.0231
vn -0.1423 0.9896 0.0204
vn -0.1529 0.9880 0.0221
vn -0.1298 0.9914 0.0189
vn -0.1420 0.9896 0.0207
vn -0.1145 0.9933 0.0169
vn -0.1288 0.9915 0.0192
vn -0.0952 0.9953 0.0145
vn -0.1126 0.9935 0.0173
vn -0.0705 0.9974 0.0115
vn -0.0934 0.9955 0.0152
vn -0.0382 0.9992 0.0072
vn -0.0970 0.9951 0.0186
vn -0.2202 0.9721 -0.0806
vn -0.2292 0.9720 -0.0516
vn -0.2202 0.9722 -0.0799
vn -0.2291 0.9721 -0.0502
vn -0.2205 0.9721 -0.0799
vn -0.2290 0.9721 -0.0503
vn -0.2206 0.9721 -0.0802
vn -0.5032 -0.8570 -0.1109
vn -0.2207 0.9720 -0.0803
vn -0.3677 0.9272 -0.0719
vn -0.2206 0.9721 -0.0801
vn -0.3299 0.9418 -0.0641
vn -0.3537 0.9266 -0.1279
vn -0.2363 0.9680 -0.0842
vn -0.3066 0.9500 -0.0595
vn -0.8403 -0.5172 -0.1625
vn -0.2337 0.9687 -0.0835
vn -0.3587 0.9313 -0.0629
vn -0.7833 -0.5568 -0.2765
vn -0.2689 0.9589 -0.0902
vn -0.3350 0.9404 -0.0581
vn -0.2624 0.9609 -0.0881
vn -0.3177 0.9465 -0.0556
vn -0.5896 0.8012 -0.1021
vn -0.6970 0.6780 -0.2334
vn -0.2754 0.9572 -0.0891
vn -0.3251 0.9442 -0.0535
vn -0.2693 0.9591 -0.0871
vn -0.3130 0.9484 -0.0514
vn -0.2638 0.9608 -0.0851
vn -0.3028 0.9518 -0.0496
vn -0.4509 0.8809 -0.1442
vn -0.4054 0.9117 -0.0662
vn -0.2684 0.9596 -0.0846
vn -0.3023 0.9520 -0.0480
vn -0.2638 0.9610 -0.0830
vn -0.2941 0.9546 -0.0464
vn -0.3694 0.9220 -0.1157
vn -0.2649 0.9608 -0.0819
vn -0.2876 0.9567 -0.0453
vn -0.3414 0.9384 -0.0537
vn -0.2614 0.9618 -0.0808
vn -0.2859 0.9572 -0.0440
vn -0.3279 0.9393 -0.1010
vn -0.2615 0.9619 -0.0798
vn -0.2812 0.9587 -0.0432
vn -0.2587 0.9627 -0.0789
vn -0.2771 0.9599 -0.0426
vn -0.3099 0.9496 -0.0475
vn -0.3033 0.9484 -0.0923
vn -0.2260 0.9702 -0.0872
vn -0.2261 0.9702 -0.0870
vn -0.2583 0.9629 -0.0779
vn -0.2757 0.9603 -0.0416
vn -0.2560 0.9636 -0.0772
vn -0.2725 0.9613 -0.0411
vn -0.2872 0.9540 -0.0865
vn -0.2555 0.9638 -0.0765
vn -0.2698 0.9620 -0.0407
vn -0.2914 0.9556 -0.0438
vn -0.2537 0.9643 -0.0760
vn -0.2686 0.9624 -0.0400
vn -0.2759 0.9576 -0.0825
vn -0.2530 0.9645 -0.0752
vn -0.2665 0.9630 -0.0396
vn -0.2797 0.9592 -0.0416
vn -0.2515 0.9650 -0.0748
vn -0.2652 0.9634 -0.0391
vn -0.2675 0.9603 -0.0795
vn -0.2509 0.9652 -0.0742
vn -0.2636 0.9639 -0.0388
vn -0.2498 0.9655 -0.0739
vn -0.2621 0.9643 -0.0386
vn -0.2712 0.9617 -0.0399
vn -0.2616 0.9621 -0.0774
vn -0.2490 0.9657 -0.0734
vn -0.2613 0.9645 -0.0382
vn -0.2481 0.9660 -0.0731
vn -0.2601 0.9648 -0.0380
vn -0.2570 0.9634 -0.0757
vn -0.2475 0.9661 -0.0728
vn -0.2590 0.9651 -0.0379
vn -0.2650 0.9635 -0.0387
vn -0.2467 0.9664 -0.0725
vn -0.2583 0.9653 -0.0376
vn -0.2533 0.9645 -0.0744
vn -0.2461 0.9666 -0.0721
vn -0.2574 0.9656 -0.0375
vn -0.2604 0.9648 -0.0379
vn -0.2455 0.9667 -0.0720
vn -0.2566 0.9658 -0.0373
vn -0.2501 0.9654 -0.0733
vn -0.2450 0.9669 -0.0717
vn -0.2559 0.9660 -0.0371
vn -0.2443 0.9671 -0.0715
vn -0.2552 0.9662 -0.0370
vn -0.2568 0.9658 -0.0373
vn -0.2474 0.9662 -0.0724
vn -0.2439 0.9672 -0.0712
vn -0.2546 0.9663 -0.0368
vn -0.2433 0.9673 -0.0712
vn -0.2540 0.9665 -0.0368
vn -0.2450 0.9669 -0.0716
vn -0.2430 0.9674 -0.0710
vn -0.2534 0.9667 -0.0367
vn -0.2426 0.9675 -0.0708
vn -0.2530 0.9668 -0.0366
vn -0.2429 0.9674 -0.0710
vn -0.2422 0.9676 -0.0707
vn -0.2525 0.9669 -0.0366
vn -0.2516 0.9671 -0.0364
vn -0.2419 0.9677 -0.0707
vn -0.2521 0.9670 -0.0365
vn -0.2411 0.9679 -0.0704
vn -0.2416 0.9678 -0.0705
vn -0.2517 0.9671 -0.0364
vn -0.2394 0.9684 -0.0700
vn -0.2412 0.9679 -0.0705
vn -0.2514 0.9672 -0.0364
vn -0.2497 0.9677 -0.0362
vn -0.2410 0.9680 -0.0704
vn -0.2510 0.9673 -0.0364
vn -0.2379 0.9688 -0.0696
vn -0.2407 0.9681 -0.0704
vn -0.2507 0.9674 -0.0363
vn -0.2480 0.9681 -0.0360
vn -0.2404 0.9681 -0.0703
vn -0.2503 0.9675 -0.0364
vn -0.2365 0.9692 -0.0693
vn -0.2401 0.9682 -0.0704
vn -0.2501 0.9675 -0.0363
vn -0.2399 0.9682 -0.0703
vn -0.2498 0.9676 -0.0363
vn -0.2465 0.9685 -0.0358
vn -0.2353 0.9695 -0.0690
vn -0.2396 0.9683 -0.0703
vn -0.2495 0.9677 -0.0363
vn -0.2276 0.9700 -0.0852
vn -0.2287 0.9703 -0.0790
vn -0.2287 0.9703 -0.0791
vn -0.2287 0.9703 -0.0792
vn -0.2287 0.9703 -0.0793
vn -0.2288 0.9702 -0.0794
vn -0.2288 0.9702 -0.0795
vn -0.2288 0.9702 -0.0796
vn -0.2289 0.9702 -0.0796
vn -0.2290 0.9702 -0.0797
vn -0.2290 0.9701 -0.0798
vn -0.2291 0.9701 -0.0799
vn -0.2292 0.9701 -0.0800
vn -0.2294 0.9700 -0.0800
vn -0.2295 0.9700 -0.0801
vn -0.2297 0.9699 -0.0803
vn -0.2300 0.9699 -0.0804
vn -0.2303 0.9698 -0.0806
vn -0.2308 0.9696 -0.0809
vn -0.2315 0.9694 -0.0813
vn -0.2329 0.9690 -0.0820
vn -0.1641 0.9853 -0.0482
vn -0.0504 0.9984 -0.0274
vn -0.6284 -0.7716 -0.0993
vn -0.0700 0.9974 -0.0166
vn -0.2433 0.9696 -0.0258
vn -0.0280 0.9996 -0.0068
vn -0.1562 0.9871 -0.0365
vn -0.0232 0.9997 -0.0014
vn -0.0693 0.9975 -0.0162
vn -0.0695 0.9976 -0.0068
vn -0.0988 0.9948 -0.0232
vn -0.1010 0.9948 -0.0097
vn -0.2035 0.9779 -0.0476
vn -0.1197 0.9924 -0.0278
vn -0.1241 0.9922 -0.0126
vn -0.1366 0.9901 -0.0320
vn -0.1415 0.9898 -0.0140
vn -0.2163 0.9750 -0.0503
vn -0.2425 0.9698 -0.0241
vn -0.1498 0.9881 -0.0347
vn -0.1352 0.9908 -0.0068
vn -0.1606 0.9863 -0.0372
vn -0.1517 0.9884 -0.0097
vn -0.2225 0.9736 -0.0514
vn -0.1693 0.9848 -0.0389
vn -0.1647 0.9863 -0.0114
vn -0.1772 0.9833 -0.0407
vn -0.1752 0.9844 -0.0129
vn -0.2260 0.9727 -0.0519
vn -0.1835 0.9821 -0.0418
vn -0.1837 0.9829 -0.0144
vn -0.1892 0.9810 -0.0433
vn -0.1910 0.9815 -0.0153
vn -0.2282 0.9722 -0.0521
vn -0.1942 0.9800 -0.0442
vn -0.1970 0.9803 -0.0161
vn -0.1986 0.9791 -0.0451
vn -0.2021 0.9792 -0.0168
vn -0.2298 0.9718 -0.0522
vn -0.2019 0.9783 -0.0456
vn -0.2058 0.9784 -0.0172
vn -0.2052 0.9776 -0.0464
vn -0.2094 0.9777 -0.0178
vn -0.2309 0.9716 -0.0521
vn -0.2080 0.9770 -0.0468
vn -0.2123 0.9770 -0.0180
vn -0.2107 0.9764 -0.0473
vn -0.2150 0.9764 -0.0183
vn -0.2318 0.9714 -0.0521
vn -0.2130 0.9759 -0.0477
vn -0.2175 0.9759 -0.0185
vn -0.2152 0.9754 -0.0481
vn -0.2197 0.9754 -0.0187
vn -0.2418 0.9701 -0.0205
vn -0.2324 0.9712 -0.0520
vn -0.2172 0.9749 -0.0484
vn -0.2210 0.9751 -0.0173
vn -0.2191 0.9745 -0.0488
vn -0.2230 0.9747 -0.0176
vn -0.2208 0.9741 -0.0492
vn -0.2248 0.9742 -0.0179
vn -0.2331 0.9711 -0.0518
vn -0.2224 0.9737 -0.0494
vn -0.2265 0.9738 -0.0180
vn -0.2239 0.9733 -0.0496
vn -0.2281 0.9735 -0.0182
vn -0.2334 0.9710 -0.0517
vn -0.2252 0.9730 -0.0499
vn -0.2293 0.9732 -0.0184
vn -0.2262 0.9728 -0.0500
vn -0.2305 0.9729 -0.0184
vn -0.2337 0.9709 -0.0517
vn -0.2415 0.9702 -0.0193
vn -0.2271 0.9726 -0.0501
vn -0.2313 0.9727 -0.0177
vn -0.2281 0.9723 -0.0503
vn -0.2323 0.9725 -0.0179
vn -0.2339 0.9709 -0.0516
vn -0.2289 0.9721 -0.0503
vn -0.2332 0.9723 -0.0180
vn -0.2297 0.9720 -0.0506
vn -0.2341 0.9720 -0.0181
vn -0.2342 0.9708 -0.0515
vn -0.2304 0.9718 -0.0506
vn -0.2349 0.9719 -0.0181
vn -0.2311 0.9716 -0.0508
vn -0.2356 0.9717 -0.0182
vn -0.2414 0.9703 -0.0186
vn -0.2343 0.9708 -0.0515
vn -0.2318 0.9714 -0.0509
vn -0.2364 0.9715 -0.0179
vn -0.2325 0.9713 -0.0510
vn -0.2371 0.9713 -0.0179
vn -0.2331 0.9711 -0.0511
vn -0.2377 0.9712 -0.0180
vn -0.2344 0.9708 -0.0514
vn -0.2336 0.9710 -0.0512
vn -0.2383 0.9710 -0.0181
vn -0.2341 0.9709 -0.0513
vn -0.2388 0.9709 -0.0181
vn -0.2413 0.9703 -0.0183
vn -0.2391 0.9708 -0.0180
vn -0.2346 0.9707 -0.0514
vn -0.2394 0.9707 -0.0180
vn -0.2349 0.9707 -0.0515
vn -0.2397 0.9707 -0.0181
vn -0.2351 0.9706 -0.0516
vn -0.2400 0.9706 -0.0181
vn -0.2354 0.9705 -0.0516
vn -0.2403 0.9705 -0.0182
vn -0.2412 0.9703 -0.0182
vn -0.2356 0.9705 -0.0518
vn -0.2407 0.9705 -0.0164
vn -0.2358 0.9704 -0.0518
vn -0.2409 0.9704 -0.0171
vn -0.2344 0.9708 -0.0515
vn -0.2360 0.9704 -0.0519
vn -0.2410 0.9704 -0.0176
vn -0.2363 0.9703 -0.0519
vn -0.2412 0.9703 -0.0181
vn -0.2364 0.9703 -0.0521
vn -0.2366 0.9702 -0.0521
vn -0.2415 0.9702 -0.0190
vn -0.2366 0.9702 -0.0524
vn -0.2343 0.9708 -0.0516
vn -0.2416 0.9702 -0.0192
vn -0.2259 0.9703 -0.0868
vn -0.2360 0.9703 -0.0531
vn -0.1761 0.9697 -0.1693
vn -0.1830 0.9704 -0.1574
vn -0.2316 0.9657 -0.1177
vn -0.2014 0.9716 -0.1240
vn -0.1995 0.9691 -0.1453
vn -0.2005 0.9703 -0.1353
vn -0.2054 0.9680 -0.1441
vn -0.1931 0.9713 -0.1389
vn -0.1929 0.9714 -0.1388
vn -0.1927 0.9714 -0.1387
vn -0.1925 0.9715 -0.1386
vn -0.1923 0.9715 -0.1384
vn -0.1922 0.9716 -0.1383
vn -0.2094 0.9660 -0.1515
vn -0.2100 0.9658 -0.1520
vn -0.1911 0.9717 -0.1385
vn -0.2092 0.9659 -0.1528
vn -0.2098 0.9657 -0.1532
vn -0.2105 0.9655 -0.1536
vn -0.1896 0.9720 -0.1388
vn -0.2096 0.9655 -0.1544
vn -0.2102 0.9653 -0.1549
vn -0.1884 0.9722 -0.1389
vn -0.2093 0.9654 -0.1556
vn -0.2098 0.9652 -0.1561
vn -0.2105 0.9650 -0.1565
vn -0.1866 0.9725 -0.1391
vn -0.2093 0.9651 -0.1572
vn -0.2100 0.9649 -0.1578
vn -0.1853 0.9728 -0.1392
vn -0.2088 0.9651 -0.1584
vn -0.2095 0.9648 -0.1590
vn -0.2103 0.9645 -0.1596
vn -0.1834 0.9731 -0.1393
vn -0.2090 0.9647 -0.1602
vn -0.2097 0.9644 -0.1608
vn -0.2106 0.9641 -0.1615
vn -0.1814 0.9735 -0.1393
vn -0.2091 0.9644 -0.1620
vn -0.2099 0.9641 -0.1628
vn -0.2109 0.9637 -0.1635
vn -0.1792 0.9739 -0.1392
vn -0.2091 0.9641 -0.1639
vn -0.2100 0.9637 -0.1647
vn -0.2111 0.9634 -0.1655
vn -0.1771 0.9743 -0.1390
vn -0.2090 0.9638 -0.1658
vn -0.2101 0.9634 -0.1667
vn -0.2114 0.9629 -0.1677
vn -0.2129 0.9624 -0.1689
vn -0.1744 0.9748 -0.1388
vn -0.2103 0.9629 -0.1689
vn -0.2118 0.9624 -0.1700
vn -0.2134 0.9618 -0.1714
vn -0.1722 0.9753 -0.1384
vn -0.2103 0.9625 -0.1710
vn -0.2121 0.9619 -0.1725
vn -0.2140 0.9612 -0.1740
vn -0.2162 0.9604 -0.1759
vn -0.2188 0.9594 -0.1780
vn -0.1693 0.9759 -0.1379
vn -0.2148 0.9605 -0.1770
vn -0.2181 0.9592 -0.1800
vn -0.1603 0.9703 -0.1814
vn -0.1603 0.9702 -0.1815
vn -0.1603 0.9703 -0.1815
vn -0.2225 0.9575 -0.1835
vn -0.1603 0.9702 -0.1814
vn -0.2279 0.9553 -0.1882
vn -0.1604 0.9702 -0.1814
vn -0.2353 0.9523 -0.1943
vn -0.1604 0.9703 -0.1814
vn -0.2459 0.9477 -0.2033
vn -0.1605 0.9702 -0.1814
vn -0.2623 0.9403 -0.2167
vn -0.1604 0.9702 -0.1813
vn -0.1605 0.9702 -0.1813
vn -0.1744 0.9685 -0.1775
vn -0.1661 0.9765 -0.1373
vn -0.1937 0.9658 -0.1725
vn -0.2507 0.9449 -0.2107
vn -0.1938 0.9658 -0.1725
vn -0.1939 0.9657 -0.1725
vn -0.2727 0.9342 -0.2301
vn -0.1940 0.9657 -0.1725
vn -0.1941 0.9657 -0.1725
vn -0.1940 0.9657 -0.1724
vn -0.1942 0.9657 -0.1724
vn -0.3167 0.9100 -0.2677
vn -0.1943 0.9657 -0.1724
vn -0.1944 0.9656 -0.1724
vn -0.4399 0.8158 -0.3754
vn -0.1945 0.9656 -0.1724
vn -0.1946 0.9656 -0.1724
vn -0.1948 0.9656 -0.1724
vn -0.6629 -0.4821 -0.5729
vn -0.1950 0.9655 -0.1724
vn -0.1952 0.9655 -0.1724
vn -0.2063 0.9631 -0.1729
vn -0.1419 0.9804 -0.1369
vn -0.1395 0.9809 -0.1354
vn -0.1369 0.9815 -0.1339
vn -0.1342 0.9821 -0.1322
vn -0.1313 0.9827 -0.1304
vn -0.1282 0.9834 -0.1283
vn -0.1273 0.9836 -0.1278
vn -0.1673 0.9736 -0.1555
vn -0.1663 0.9739 -0.1547
vn -0.1652 0.9742 -0.1539
vn -0.1639 0.9745 -0.1530
vn -0.1626 0.9749 -0.1520
vn -0.1611 0.9753 -0.1509
vn -0.1595 0.9758 -0.1496
vn -0.1578 0.9763 -0.1482
vn -0.1558 0.9769 -0.1466
vn -0.1536 0.9775 -0.1448
vn -0.1511 0.9782 -0.1426
vn -0.1482 0.9790 -0.1401
vn -0.1449 0.9799 -0.1371
vn -0.1411 0.9809 -0.1337
vn -0.1367 0.9821 -0.1297
vn -0.1318 0.9834 -0.1251
vn -0.0886 0.9926 -0.0835
vn -0.0867 0.9929 -0.0818
vn -0.0849 0.9932 -0.0801
vn -0.1308 0.9837 -0.1230
vn -0.0805 0.9939 -0.0750
vn -0.0785 0.9942 -0.0731
vn -0.0764 0.9945 -0.0711
vn -0.1313 0.9838 -0.1222
vn -0.0710 0.9954 -0.0648
vn -0.0685 0.9957 -0.0626
vn -0.0660 0.9960 -0.0602
vn -0.0634 0.9963 -0.0579
vn -0.1432 0.9811 -0.1303
vn -0.0563 0.9972 -0.0498
vn -0.0533 0.9975 -0.0472
vn -0.0590 0.9969 -0.0522
vn -0.1760 0.9719 -0.1566
vn -0.1762 0.9719 -0.1563
vn -0.1760 0.9720 -0.1555
vn -0.1754 0.9719 -0.1567
vn -0.1768 0.9717 -0.1569
vn -0.1764 0.9719 -0.1560
vn -0.1764 0.9717 -0.1572
vn -0.1767 0.9718 -0.1559
vn -0.1754 0.9720 -0.1565
vn -0.1769 0.9717 -0.1563
vn -0.1759 0.9720 -0.1561
vn -0.1777 0.9719 -0.1543
vn -0.1819 0.9706 -0.1577
vn -0.1219 0.9768 -0.1763
vn -0.1221 0.9767 -0.1763
vn -0.1222 0.9767 -0.1762
vn -0.1226 0.9766 -0.1767
vn -0.1226 0.9766 -0.1768
vn -0.0599 -0.9944 -0.0871
vn -0.1806 0.9456 -0.2708
vn -0.0886 -0.9871 -0.1337
vn -0.2073 0.9247 -0.3195
vn -0.1518 -0.9600 -0.2354
vn -0.2087 0.9215 -0.3276
vn -0.2657 -0.8682 -0.4191
vn -0.2007 0.9261 -0.3195
vn -0.4500 -0.5286 -0.7198
vn -0.1910 0.9323 -0.3072
vn -0.5182 0.1759 -0.8370
vn -0.1819 0.9380 -0.2950
vn -0.4135 0.6130 -0.6732
vn -0.1742 0.9428 -0.2843
vn -0.3277 0.7772 -0.5372
vn -0.1674 0.9468 -0.2749
vn -0.2752 0.8478 -0.4533
vn -0.1618 0.9500 -0.2670
vn -0.2442 0.8815 -0.4041
vn -0.1572 0.9526 -0.2604
vn -0.2241 0.9007 -0.3723
vn -0.1533 0.9547 -0.2549
vn -0.2087 0.9140 -0.3480
vn -0.1992 0.9220 -0.3322
vn -0.1505 0.9560 -0.2518
vn -0.1888 0.9298 -0.3159
vn -0.1475 0.9576 -0.2473
vn -0.1805 0.9358 -0.3028
vn -0.1449 0.9590 -0.2435
vn -0.1735 0.9406 -0.2919
vn -0.1427 0.9602 -0.2403
vn -0.1677 0.9444 -0.2827
vn -0.1407 0.9612 -0.2373
vn -0.1628 0.9475 -0.2751
vn -0.1594 0.9498 -0.2694
vn -0.1391 0.9619 -0.2354
vn -0.1557 0.9520 -0.2636
vn -0.1376 0.9627 -0.2330
vn -0.1525 0.9539 -0.2585
vn -0.1362 0.9634 -0.2310
vn -0.1104 0.9702 -0.2156
vn -0.1102 0.9702 -0.2157
vn -0.1101 0.9702 -0.2158
vn -0.1099 0.9702 -0.2160
vn -0.1098 0.9702 -0.2161
vn -0.1097 0.9702 -0.2163
vn -0.1095 0.9701 -0.2165
vn -0.1094 0.9701 -0.2167
vn -0.1093 0.9700 -0.2170
vn -0.1093 0.9700 -0.2173
vn -0.1143 0.9745 -0.1933
vn 0.0287 0.9989 -0.0370
vn -0.1337 0.9678 -0.2134
vn 0.0282 0.9990 -0.0333
vn -0.1712 0.9521 -0.2534
vn 0.0262 0.9992 -0.0309
vn -0.1721 0.9520 -0.2531
vn 0.0228 0.9993 -0.0302
vn -0.1683 0.9541 -0.2475
vn 0.0197 0.9994 -0.0290
vn -0.1651 0.9561 -0.2423
vn 0.0171 0.9995 -0.0272
vn -0.1622 0.9578 -0.2373
vn 0.0146 0.9996 -0.0250
vn -0.1597 0.9594 -0.2327
vn 0.0124 0.9997 -0.0225
vn -0.1576 0.9608 -0.2283
vn 0.0105 0.9998 -0.0193
vn -0.1557 0.9620 -0.2241
vn 0.0088 0.9998 -0.0157
vn -0.1542 0.9632 -0.2202
vn 0.0073 0.9999 -0.0115
vn -0.1530 0.9642 -0.2165
vn 0.0058 1.0000 -0.0071
vn -0.0851 0.9884 -0.1258
vn -0.1520 0.9651 -0.2131
vn -0.0701 0.9923 -0.1025
vn -0.1509 0.9657 -0.2113
vn -0.0511 0.9961 -0.0717
vn -0.1498 0.9662 -0.2096
vn -0.0269 0.9992 -0.0309
vn -0.0725 0.9926 -0.0979
vn -0.0916 0.9879 -0.1254
vn -0.1025 0.9847 -0.1407
vn -0.1090 0.9826 -0.1504
vn -0.1141 0.9809 -0.1575
vn -0.1174 0.9797 -0.1624
vn -0.1203 0.9787 -0.1664
vn -0.1226 0.9779 -0.1695
vn -0.1244 0.9772 -0.1722
vn -0.1495 0.9669 -0.2067
vn -0.1245 0.9775 -0.1704
vn -0.1260 0.9769 -0.1727
vn -0.1272 0.9764 -0.1745
vn -0.1283 0.9760 -0.1760
vn -0.1293 0.9756 -0.1773
vn -0.1491 0.9675 -0.2044
vn -0.1296 0.9758 -0.1761
vn -0.1305 0.9754 -0.1776
vn -0.1313 0.9751 -0.1787
vn -0.1323 0.9747 -0.1799
vn -0.1489 0.9679 -0.2025
vn -0.1328 0.9748 -0.1793
vn -0.1335 0.9745 -0.1804
vn -0.1343 0.9742 -0.1814
vn -0.1350 0.9739 -0.1823
vn -0.1487 0.9683 -0.2006
vn -0.1356 0.9739 -0.1820
vn -0.1362 0.9737 -0.1829
vn -0.1368 0.9734 -0.1837
vn -0.1485 0.9686 -0.1992
vn -0.1375 0.9733 -0.1835
vn -0.1380 0.9731 -0.1844
vn -0.1386 0.9729 -0.1850
vn -0.1484 0.9689 -0.1978
vn -0.1393 0.9728 -0.1851
vn -0.1398 0.9726 -0.1858
vn -0.1481 0.9692 -0.1968
vn -0.1406 0.9724 -0.1860
vn -0.1410 0.9723 -0.1867
vn -0.1415 0.9721 -0.1873
vn -0.1480 0.9694 -0.1957
vn -0.1422 0.9719 -0.1876
vn -0.1426 0.9717 -0.1881
vn -0.1429 0.9716 -0.1886
vn -0.1478 0.9696 -0.1948
vn -0.1435 0.9715 -0.1888
vn -0.1438 0.9713 -0.1893
vn -0.1475 0.9698 -0.1941
vn -0.1443 0.9712 -0.1896
vn -0.1447 0.9711 -0.1900
vn -0.1473 0.9700 -0.1934
vn -0.1451 0.9709 -0.1903
vn -0.1454 0.9708 -0.1907
vn -0.1457 0.9707 -0.1912
vn -0.1470 0.9702 -0.1928
vn -0.1461 0.9706 -0.1915
vn -0.1464 0.9704 -0.1919
vn -0.1469 0.9702 -0.1925
vn -0.1471 0.9703 -0.1920
vn -0.1469 0.9703 -0.1924
vn -0.0828 0.9891 -0.1215
vn -0.1357 0.9703 -0.2003
vn -0.1358 0.9706 -0.1987
vn -0.1358 0.9707 -0.1983
vn -0.1358 0.9707 -0.1980
vn -0.1358 0.9708 -0.1977
vn -0.1417 0.9582 -0.2486
vn -0.1466 0.9480 -0.2825
vn -0.1459 0.9493 -0.2786
vn -0.1452 0.9505 -0.2747
vn -0.1444 0.9517 -0.2708
vn -0.1435 0.9529 -0.2671
vn -0.1426 0.9541 -0.2634
vn -0.1417 0.9551 -0.2601
vn -0.1409 0.9560 -0.2572
vn -0.1401 0.9569 -0.2544
vn -0.1392 0.9577 -0.2517
vn -0.1383 0.9585 -0.2491
vn -0.1375 0.9593 -0.2466
vn -0.1366 0.9600 -0.2442
vn -0.1358 0.9607 -0.2420
vn -0.1349 0.9614 -0.2398
vn -0.1341 0.9620 -0.2378
vn -0.1333 0.9626 -0.2359
vn -0.1326 0.9631 -0.2341
vn -0.1318 0.9636 -0.2324
vn -0.1311 0.9641 -0.2309
vn -0.1304 0.9646 -0.2294
vn -0.1298 0.9650 -0.2280
vn -0.1291 0.9654 -0.2267
vn -0.1285 0.9657 -0.2255
vn -0.1279 0.9661 -0.2243
vn -0.1273 0.9664 -0.2232
vn -0.1267 0.9667 -0.2222
vn -0.1162 0.9690 -0.2180
vn -0.0133 0.9997 -0.0216
vn -0.0085 0.9999 -0.0125
vn -0.0072 0.9998 -0.0173
vn -0.0168 0.9992 -0.0352
vn -0.0251 0.9984 -0.0504
vn -0.0321 0.9975 -0.0637
vn -0.0382 0.9964 -0.0754
vn -0.0437 0.9954 -0.0858
vn -0.0484 0.9943 -0.0951
vn -0.0461 0.9943 -0.0959
vn -0.0523 0.9928 -0.1076
vn -0.1135 0.9675 -0.2259
vn -0.1126 0.9680 -0.2242
vn -0.1119 0.9684 -0.2229
vn -0.1116 0.9686 -0.2222
vn -0.1083 0.9705 -0.2156
vn -0.1115 0.9687 -0.2218
vn -0.1112 0.9689 -0.2212
vn -0.1109 0.9691 -0.2205
vn -0.1106 0.9692 -0.2200
vn -0.1085 0.9704 -0.2158
vn -0.1106 0.9693 -0.2197
vn -0.1104 0.9694 -0.2194
vn -0.1101 0.9695 -0.2189
vn -0.1100 0.9696 -0.2186
vn -0.1087 0.9703 -0.2159
vn -0.1100 0.9696 -0.2184
vn -0.1098 0.9697 -0.2181
vn -0.1098 0.9698 -0.2179
vn -0.1120 0.9685 -0.2226
vn -0.1094 0.9699 -0.2176
vn -0.1093 0.9699 -0.2174
vn -0.1167 0.9656 -0.2323
vn -0.1086 0.9701 -0.2169
vn -0.1085 0.9702 -0.2168
vn -0.1152 0.9663 -0.2302
vn -0.1080 0.9703 -0.2165
vn -0.1079 0.9703 -0.2165
vn -0.1080 0.9703 -0.2164
vn -0.1137 0.9670 -0.2282
vn -0.1075 0.9704 -0.2163
vn -0.1124 0.9675 -0.2263
vn -0.1071 0.9704 -0.2163
vn -0.1072 0.9704 -0.2163
vn -0.1072 0.9704 -0.2164
vn -0.1111 0.9681 -0.2245
vn -0.1069 0.9704 -0.2164
vn -0.1069 0.9704 -0.2165
vn -0.1101 0.9686 -0.2229
vn -0.1067 0.9704 -0.2166
vn -0.1068 0.9704 -0.2166
vn -0.1068 0.9704 -0.2167
vn -0.1090 0.9691 -0.2213
vn -0.1067 0.9704 -0.2168
vn -0.1067 0.9704 -0.2169
vn -0.1081 0.9696 -0.2197
vn -0.1464 0.9678 -0.2050
vn -0.1067 0.9703 -0.2170
vn -0.1073 0.9700 -0.2183
vn -0.1067 0.9703 -0.2172
vn -0.1464 0.9677 -0.2050
vn -0.1068 0.9703 -0.2172
vn -0.1464 0.9677 -0.2052
vn -0.1069 0.9702 -0.2174
vn -0.1464 0.9677 -0.2053
vn -0.1062 0.9706 -0.2160
vn -0.1070 0.9702 -0.2175
vn -0.1464 0.9676 -0.2055
vn -0.1057 0.9709 -0.2149
vn -0.1071 0.9701 -0.2176
vn -0.1464 0.9676 -0.2057
vn -0.1072 0.9701 -0.2178
vn -0.1053 0.9712 -0.2138
vn -0.1465 0.9676 -0.2059
vn -0.1074 0.9701 -0.2178
vn -0.1048 0.9715 -0.2126
vn -0.1465 0.9675 -0.2061
vn -0.1076 0.9700 -0.2179
vn -0.1466 0.9674 -0.2064
vn -0.1044 0.9718 -0.2114
vn -0.1078 0.9700 -0.2178
vn -0.1466 0.9674 -0.2066
vn -0.1078 0.9700 -0.2180
vn -0.1040 0.9722 -0.2100
vn -0.1080 0.9700 -0.2178
vn -0.1354 0.9704 -0.2002
vn -0.1050 0.9934 -0.0470
vn -0.1081 0.9699 -0.2180
vn -0.1036 0.9725 -0.2086
vn -0.1082 0.9700 -0.2176
vn -0.1353 0.9704 -0.2001
vn -0.1031 0.9728 -0.2073
vn -0.1083 0.9701 -0.2172
vn -0.1026 0.9732 -0.2058
vn -0.1083 0.9703 -0.2165
vn -0.1353 0.9704 -0.2000
vn -0.1083 0.9703 -0.2164
vn -0.1352 0.9704 -0.1999
vn -0.1082 0.9703 -0.2164
vn -0.1022 0.9736 -0.2042
vn -0.1352 0.9705 -0.1999
vn -0.1078 0.9706 -0.2150
vn -0.1352 0.9705 -0.1997
vn -0.1077 0.9707 -0.2147
vn -0.1351 0.9705 -0.1996
vn -0.1073 0.9709 -0.2141
vn -0.1349 0.9706 -0.1994
vn -0.1069 0.9712 -0.2131
vn -0.1056 0.9719 -0.2105
vn -0.1348 0.9707 -0.1991
vn -0.1059 0.9717 -0.2110
vn -0.1345 0.9708 -0.1985
vn -0.1151 0.9667 -0.2287
vn -0.1340 0.9711 -0.1977
vn -0.0282 -0.9984 -0.0482
vn -0.3145 -0.7362 -0.5993
vn -0.1175 0.9717 -0.2050
vn -0.1171 0.9719 -0.2043
vn -0.1167 0.9721 -0.2036
vn -0.1162 0.9723 -0.2028
vn -0.1088 0.9757 -0.1901
vn -0.1480 0.9705 -0.1901
vn -0.1085 0.9758 -0.1896
vn -0.1157 0.9725 -0.2022
vn -0.1081 0.9760 -0.1891
vn -0.1151 0.9727 -0.2015
vn -0.1075 0.9762 -0.1885
vn -0.1073 0.9763 -0.1880
vn -0.1146 0.9729 -0.2009
vn -0.1068 0.9765 -0.1873
vn -0.1140 0.9731 -0.2001
vn -0.1062 0.9767 -0.1867
vn -0.1059 0.9768 -0.1861
vn -0.1134 0.9733 -0.1994
vn -0.1053 0.9770 -0.1855
vn -0.1128 0.9736 -0.1986
vn -0.1048 0.9772 -0.1847
vn -0.1044 0.9773 -0.1841
vn -0.1121 0.9738 -0.1978
vn -0.1038 0.9775 -0.1834
vn -0.1115 0.9740 -0.1970
vn -0.1031 0.9778 -0.1824
vn -0.1025 0.9781 -0.1814
vn -0.1108 0.9743 -0.1962
vn -0.1016 0.9784 -0.1801
vn -0.1101 0.9746 -0.1952
vn -0.1007 0.9787 -0.1788
vn -0.1000 0.9790 -0.1777
vn -0.1094 0.9748 -0.1945
vn -0.0990 0.9794 -0.1762
vn -0.1087 0.9751 -0.1934
vn -0.0979 0.9797 -0.1747
vn -0.0972 0.9800 -0.1734
vn -0.1079 0.9753 -0.1927
vn -0.0960 0.9805 -0.1717
vn -0.1070 0.9756 -0.1916
vn -0.0948 0.9809 -0.1700
vn -0.0939 0.9812 -0.1685
vn -0.1063 0.9758 -0.1909
vn -0.0926 0.9817 -0.1665
vn -0.1054 0.9761 -0.1898
vn -0.0910 0.9822 -0.1643
vn -0.0899 0.9827 -0.1622
vn -0.1046 0.9763 -0.1893
vn -0.0880 0.9833 -0.1595
vn -0.1038 0.9766 -0.1882
vn -0.0860 0.9839 -0.1565
vn -0.1029 0.9769 -0.1871
vn -0.0838 0.9846 -0.1533
vn -0.0823 0.9852 -0.1506
vn -0.1022 0.9770 -0.1872
vn -0.0798 0.9860 -0.1467
vn -0.1012 0.9773 -0.1862
vn -0.0770 0.9868 -0.1426
vn -0.0752 0.9874 -0.1392
vn -0.1006 0.9772 -0.1870
vn -0.0719 0.9883 -0.1344
vn -0.0997 0.9774 -0.1864
vn -0.0683 0.9893 -0.1289
vn -0.0662 0.9900 -0.1249
vn -0.1002 0.9767 -0.1900
vn -0.0617 0.9911 -0.1179
vn -0.1001 0.9763 -0.1918
vn -0.0565 0.9924 -0.1095
vn -0.0532 0.9932 -0.1033
vn -0.1046 0.9730 -0.2056
vn -0.0538 0.9929 -0.1064
vn -0.1085 0.9704 -0.2160
vn -0.1085 0.9703 -0.2163
vn -0.1085 0.9703 -0.2160
vn -0.1086 0.9703 -0.2163
vn -0.1085 0.9704 -0.2159
vn -0.1086 0.9703 -0.2162
vn -0.1085 0.9703 -0.2161
vn -0.1088 0.9703 -0.2162
vn -0.1084 0.9703 -0.2162
vn -0.1078 0.9705 -0.2156
vn -0.0444 0.9739 -0.2228
vn -0.0449 0.9735 -0.2241
vn -0.0453 0.9731 -0.2258
vn -0.0450 0.9734 -0.2247
vn -0.0453 0.9731 -0.2259
vn -0.0451 0.9733 -0.2252
vn -0.0451 0.9733 -0.2250
vn -0.0454 0.9730 -0.2262
vn -0.0452 0.9733 -0.2252
vn -0.0455 0.9729 -0.2266
vn -0.0453 0.9732 -0.2256
vn -0.0455 0.9729 -0.2268
vn -0.0454 0.9731 -0.2259
vn -0.0456 0.9728 -0.2272
vn -0.0455 0.9730 -0.2264
vn -0.0457 0.9726 -0.2277
vn -0.0456 0.9729 -0.2268
vn -0.0458 0.9726 -0.2280
vn -0.0456 0.9728 -0.2271
vn -0.0459 0.9725 -0.2283
vn -0.0457 0.9727 -0.2274
vn -0.0460 0.9724 -0.2288
vn -0.0457 0.9727 -0.2275
vn -0.0458 0.9726 -0.2278
vn -0.0163 0.9703 -0.2415
vn -0.0159 0.9703 -0.2414
vn -0.0460 0.9723 -0.2291
vn -0.0458 0.9726 -0.2279
vn -0.0461 0.9722 -0.2294
vn -0.0459 0.9725 -0.2282
vn -0.0459 0.9725 -0.2285
vn -0.0612 0.9511 -0.3027
vn -0.0470 0.9720 -0.2303
vn -0.0471 0.9720 -0.2304
vn -0.0723 0.9344 -0.3488
vn -0.0486 0.9713 -0.2328
vn -0.0697 0.9408 -0.3318
vn -0.0499 0.9708 -0.2346
vn -0.0499 0.9709 -0.2344
vn -0.0680 0.9461 -0.3165
vn -0.0510 0.9705 -0.2358
vn -0.0664 0.9497 -0.3060
vn -0.0520 0.9701 -0.2369
vn -0.0519 0.9702 -0.2368
vn -0.0654 0.9528 -0.2964
vn -0.0528 0.9699 -0.2376
vn -0.0643 0.9551 -0.2894
vn -0.0535 0.9697 -0.2383
vn -0.0534 0.9698 -0.2381
vn -0.0637 0.9571 -0.2827
vn -0.0580 0.9648 -0.2565
vn -0.0719 0.9452 -0.3184
vn -0.0627 0.9584 -0.2785
vn -0.0703 0.9471 -0.3131
vn -0.0616 0.9595 -0.2749
vn -0.0688 0.9488 -0.3084
vn -0.0679 0.9501 -0.3045
vn -0.0606 0.9604 -0.2721
vn -0.0667 0.9514 -0.3007
vn -0.0597 0.9613 -0.2691
vn -0.0656 0.9526 -0.2971
vn -0.0650 0.9535 -0.2943
vn -0.0588 0.9620 -0.2666
vn -0.0639 0.9545 -0.2912
vn -0.0634 0.9553 -0.2887
vn -0.0579 0.9627 -0.2643
vn -0.0625 0.9562 -0.2861
vn -0.0572 0.9634 -0.2619
vn -0.0617 0.9570 -0.2836
vn -0.0613 0.9576 -0.2815
vn -0.0565 0.9640 -0.2600
vn -0.0605 0.9583 -0.2793
vn -0.0601 0.9588 -0.2775
vn -0.0558 0.9645 -0.2581
vn -0.0595 0.9594 -0.2755
vn -0.0591 0.9599 -0.2739
vn -0.0552 0.9650 -0.2564
vn -0.0144 0.9702 -0.2418
vn -0.0142 0.9702 -0.2419
vn -0.0140 0.9702 -0.2419
vn -0.0139 0.9702 -0.2420
vn -0.0137 0.9701 -0.2421
vn -0.0268 0.9725 -0.2312
vn -0.0346 0.9742 -0.2232
vn -0.0349 0.9742 -0.2228
vn -0.0351 0.9743 -0.2224
vn -0.0354 0.9744 -0.2219
vn -0.0356 0.9745 -0.2214
vn -0.0358 0.9747 -0.2207
vn -0.0360 0.9749 -0.2199
vn -0.0362 0.9750 -0.2191
vn -0.0363 0.9752 -0.2181
vn -0.0365 0.9755 -0.2169
vn -0.0366 0.9758 -0.2156
vn -0.0366 0.9762 -0.2138
vn -0.0367 0.9767 -0.2117
vn -0.0367 0.9773 -0.2088
vn -0.0366 0.9781 -0.2051
vn -0.0364 0.9792 -0.1998
vn -0.0360 0.9808 -0.1918
vn -0.0338 0.9875 -0.1543
vn -0.0636 0.9673 -0.2457
vn -0.0061 0.9986 -0.0533
vn -0.0635 0.9676 -0.2444
vn -0.0180 0.9968 -0.0775
vn -0.0634 0.9679 -0.2433
vn -0.0210 0.9972 -0.0716
vn -0.0309 0.9932 -0.1120
vn -0.0372 0.9900 -0.1364
vn -0.0413 0.9874 -0.1529
vn -0.0443 0.9853 -0.1648
vn -0.0467 0.9837 -0.1738
vn -0.0485 0.9823 -0.1809
vn -0.0500 0.9812 -0.1865
vn -0.0648 0.9683 -0.2411
vn -0.0516 0.9812 -0.1862
vn -0.0528 0.9802 -0.1908
vn -0.0538 0.9794 -0.1948
vn -0.0547 0.9786 -0.1985
vn -0.0556 0.9779 -0.2017
vn -0.0563 0.9772 -0.2046
vn -0.0659 0.9687 -0.2393
vn -0.0576 0.9771 -0.2049
vn -0.0582 0.9765 -0.2073
vn -0.0587 0.9761 -0.2094
vn -0.0593 0.9756 -0.2113
vn -0.0597 0.9753 -0.2129
vn -0.0669 0.9690 -0.2378
vn -0.0607 0.9751 -0.2133
vn -0.0611 0.9747 -0.2148
vn -0.0615 0.9744 -0.2160
vn -0.0674 0.9692 -0.2367
vn -0.0624 0.9743 -0.2165
vn -0.0628 0.9740 -0.2177
vn -0.0631 0.9737 -0.2189
vn -0.0680 0.9694 -0.2358
vn -0.0639 0.9735 -0.2195
vn -0.0642 0.9733 -0.2206
vn -0.0645 0.9730 -0.2215
vn -0.0685 0.9696 -0.2350
vn -0.0652 0.9728 -0.2221
vn -0.0654 0.9726 -0.2230
vn -0.0657 0.9724 -0.2239
vn -0.0689 0.9697 -0.2343
vn -0.0663 0.9722 -0.2244
vn -0.0666 0.9720 -0.2252
vn -0.0691 0.9698 -0.2337
vn -0.0671 0.9719 -0.2257
vn -0.0673 0.9717 -0.2264
vn -0.0675 0.9715 -0.2271
vn -0.0694 0.9700 -0.2332
vn -0.0679 0.9714 -0.2277
vn -0.0681 0.9712 -0.2284
vn -0.0695 0.9700 -0.2328
vn -0.0685 0.9710 -0.2289
vn -0.0687 0.9709 -0.2295
vn -0.0696 0.9701 -0.2324
vn -0.0690 0.9707 -0.2300
vn -0.0691 0.9706 -0.2306
vn -0.0696 0.9702 -0.2321
vn -0.0693 0.9705 -0.2311
vn -0.0695 0.9703 -0.2316
vn -0.0696 0.9703 -0.2318
vn -0.0696 0.9702 -0.2320
vn -0.0163 0.9702 -0.2416
vn -0.0697 0.9701 -0.2325
vn -0.0694 0.9703 -0.2316
vn -0.0698 0.9700 -0.2329
vn 0.1308 0.9733 -0.1886
vn 0.1293 0.9736 -0.1883
vn 0.1304 0.9732 -0.1895
vn 0.1302 0.9733 -0.1889
vn 0.1308 0.9730 -0.1902
vn 0.1305 0.9732 -0.1894
vn 0.1300 0.9734 -0.1889
vn 0.1311 0.9729 -0.1904
vn 0.1312 0.9729 -0.1906
vn 0.1307 0.9731 -0.1899
vn 0.1307 0.9731 -0.1898
vn 0.1315 0.9727 -0.1910
vn 0.1307 0.9730 -0.1900
vn 0.1316 0.9727 -0.1913
vn 0.1310 0.9729 -0.1904
vn 0.2024 0.9337 -0.2953
vn 0.1332 0.9717 -0.1953
vn 0.3512 0.7815 -0.5157
vn 0.1363 0.9696 -0.2032
vn 0.1358 0.9698 -0.2024
vn 0.2733 0.8702 -0.4099
vn 0.1375 0.9685 -0.2078
vn 0.2378 0.9024 -0.3594
vn 0.1385 0.9675 -0.2115
vn 0.1377 0.9679 -0.2103
vn 0.1604 0.9703 -0.1812
vn 0.1603 0.9703 -0.1814
vn 0.2108 0.9226 -0.3231
vn 0.1382 0.9673 -0.2129
vn 0.1957 0.9331 -0.3017
vn 0.1383 0.9668 -0.2147
vn 0.1376 0.9672 -0.2136
vn 0.1827 0.9411 -0.2844
vn 0.1375 0.9669 -0.2148
vn 0.1369 0.9672 -0.2138
vn 0.1733 0.9466 -0.2717
vn 0.1367 0.9671 -0.2148
vn 0.1671 0.9503 -0.2628
vn 0.1364 0.9670 -0.2153
vn 0.1359 0.9672 -0.2146
vn 0.1611 0.9534 -0.2550
vn 0.1356 0.9671 -0.2151
vn 0.1571 0.9556 -0.2492
vn 0.1353 0.9671 -0.2154
vn 0.1349 0.9673 -0.2148
vn 0.1532 0.9576 -0.2441
vn 0.1347 0.9673 -0.2151
vn 0.1503 0.9591 -0.2400
vn 0.1343 0.9673 -0.2151
vn 0.1341 0.9674 -0.2147
vn 0.1475 0.9604 -0.2364
vn 0.1337 0.9675 -0.2148
vn 0.1335 0.9676 -0.2143
vn 0.1451 0.9615 -0.2333
vn 0.1332 0.9676 -0.2144
vn 0.1433 0.9624 -0.2307
vn 0.1329 0.9677 -0.2144
vn 0.1327 0.9678 -0.2140
vn 0.1415 0.9632 -0.2284
vn 0.1325 0.9678 -0.2140
vn 0.1401 0.9639 -0.2264
vn 0.1322 0.9678 -0.2140
vn 0.1320 0.9679 -0.2137
vn 0.1387 0.9646 -0.2245
vn 0.1318 0.9680 -0.2136
vn 0.1382 0.9648 -0.2239
vn 0.1375 0.9651 -0.2228
vn 0.1587 0.9534 -0.2565
vn 0.1370 0.9655 -0.2214
vn 0.1573 0.9545 -0.2534
vn 0.1560 0.9553 -0.2513
vn 0.1368 0.9658 -0.2201
vn 0.1548 0.9562 -0.2486
vn 0.1537 0.9568 -0.2467
vn 0.1366 0.9661 -0.2189
vn 0.1526 0.9576 -0.2442
vn 0.1516 0.9582 -0.2426
vn 0.1363 0.9664 -0.2178
vn 0.1619 0.9702 -0.1804
vn 0.1382 0.9716 -0.1923
vn 0.1352 0.9717 -0.1935
vn 0.1351 0.9717 -0.1935
vn 0.1350 0.9718 -0.1936
vn 0.1349 0.9718 -0.1936
vn 0.1348 0.9718 -0.1936
vn 0.1346 0.9718 -0.1935
vn 0.1345 0.9718 -0.1935
vn 0.1343 0.9719 -0.1934
vn 0.1342 0.9719 -0.1934
vn 0.1340 0.9719 -0.1933
vn 0.1339 0.9720 -0.1932
vn 0.1337 0.9720 -0.1931
vn 0.1335 0.9721 -0.1929
vn 0.1333 0.9722 -0.1927
vn 0.1330 0.9722 -0.1925
vn 0.1327 0.9723 -0.1922
vn 0.1323 0.9725 -0.1918
vn 0.1318 0.9727 -0.1912
vn 0.1312 0.9729 -0.1905
vn 0.1301 0.9733 -0.1893
vn 0.1286 0.9738 -0.1876
vn 0.0854 0.9868 -0.1374
vn 0.1245 0.9683 -0.2165
vn 0.0255 0.9993 -0.0284
vn 0.1236 0.9686 -0.2159
vn 0.0318 0.9982 -0.0503
vn 0.1230 0.9688 -0.2153
vn 0.0255 0.9984 -0.0499
vn 0.0444 0.9957 -0.0816
vn 0.0568 0.9930 -0.1031
vn 0.0660 0.9907 -0.1191
vn 0.0729 0.9887 -0.1309
vn 0.0782 0.9870 -0.1404
vn 0.0826 0.9855 -0.1479
vn 0.0862 0.9843 -0.1543
vn 0.1199 0.9692 -0.2151
vn 0.0846 0.9842 -0.1557
vn 0.0876 0.9831 -0.1609
vn 0.0903 0.9821 -0.1654
vn 0.0926 0.9812 -0.1695
vn 0.0948 0.9803 -0.1733
vn 0.0966 0.9795 -0.1767
vn 0.1175 0.9695 -0.2150
vn 0.0960 0.9793 -0.1784
vn 0.0976 0.9786 -0.1812
vn 0.0990 0.9780 -0.1837
vn 0.1003 0.9774 -0.1860
vn 0.1013 0.9769 -0.1879
vn 0.1156 0.9697 -0.2150
vn 0.1009 0.9767 -0.1894
vn 0.1019 0.9763 -0.1911
vn 0.1028 0.9759 -0.1927
vn 0.1145 0.9699 -0.2150
vn 0.1024 0.9756 -0.1941
vn 0.1033 0.9752 -0.1956
vn 0.1041 0.9749 -0.1970
vn 0.1135 0.9700 -0.2150
vn 0.1039 0.9746 -0.1983
vn 0.1046 0.9743 -0.1996
vn 0.1053 0.9739 -0.2009
vn 0.1126 0.9701 -0.2151
vn 0.1052 0.9737 -0.2021
vn 0.1058 0.9734 -0.2032
vn 0.1064 0.9731 -0.2042
vn 0.1119 0.9701 -0.2152
vn 0.1064 0.9729 -0.2053
vn 0.1069 0.9726 -0.2063
vn 0.1115 0.9702 -0.2152
vn 0.1070 0.9724 -0.2073
vn 0.1074 0.9722 -0.2082
vn 0.1079 0.9719 -0.2090
vn 0.1110 0.9702 -0.2153
vn 0.1081 0.9717 -0.2100
vn 0.1085 0.9715 -0.2108
vn 0.1107 0.9702 -0.2153
vn 0.1087 0.9713 -0.2117
vn 0.1091 0.9711 -0.2124
vn 0.1105 0.9703 -0.2153
vn 0.1093 0.9709 -0.2132
vn 0.1097 0.9707 -0.2138
vn 0.1104 0.9703 -0.2154
vn 0.1100 0.9705 -0.2145
vn 0.1103 0.9703 -0.2151
vn 0.1104 0.9703 -0.2153
vn 0.1106 0.9702 -0.2157
vn 0.1601 0.9702 -0.1819
vn 0.1109 0.9700 -0.2163
vn 0.1112 0.9699 -0.2168
vn 0.1859 0.9743 -0.1270
vn 0.1856 0.9744 -0.1270
vn 0.1868 0.9741 -0.1276
vn 0.1861 0.9743 -0.1273
vn 0.1870 0.9740 -0.1277
vn 0.1866 0.9741 -0.1277
vn 0.1876 0.9739 -0.1281
vn 0.1869 0.9740 -0.1277
vn 0.1879 0.9738 -0.1284
vn 0.1874 0.9739 -0.1280
vn 0.1883 0.9737 -0.1287
vn 0.1877 0.9738 -0.1283
vn 0.1887 0.9735 -0.1289
vn 0.1882 0.9737 -0.1286
vn 0.3669 0.8962 -0.2494
vn 0.1949 0.9720 -0.1314
vn 0.4731 0.8218 -0.3174
vn 0.2020 0.9702 -0.1339
vn 0.3918 0.8829 -0.2590
vn 0.2066 0.9691 -0.1352
vn 0.3448 0.9112 -0.2253
vn 0.2096 0.9683 -0.1357
vn 0.3148 0.9270 -0.2037
vn 0.2117 0.9679 -0.1358
vn 0.2104 0.9682 -0.1350
vn 0.2919 0.9382 -0.1860
vn 0.2118 0.9680 -0.1348
vn 0.2786 0.9441 -0.1764
vn 0.2129 0.9678 -0.1346
vn 0.2682 0.9484 -0.1690
vn 0.2853 0.9414 -0.1798
vn 0.2615 0.9510 -0.1650
vn 0.3103 0.9302 -0.1960
vn 0.2563 0.9529 -0.1623
vn 0.2968 0.9362 -0.1882
vn 0.2517 0.9545 -0.1598
vn 0.2858 0.9409 -0.1818
vn 0.2476 0.9560 -0.1576
vn 0.2766 0.9447 -0.1764
vn 0.2440 0.9572 -0.1557
vn 0.2687 0.9478 -0.1718
vn 0.2407 0.9583 -0.1539
vn 0.2620 0.9504 -0.1679
vn 0.2567 0.9524 -0.1644
vn 0.2380 0.9592 -0.1527
vn 0.2517 0.9542 -0.1615
vn 0.2353 0.9601 -0.1512
vn 0.2473 0.9558 -0.1590
vn 0.2329 0.9609 -0.1498
vn 0.2435 0.9572 -0.1567
vn 0.2308 0.9616 -0.1487
vn 0.2400 0.9584 -0.1547
vn 0.2289 0.9622 -0.1475
vn 0.2369 0.9594 -0.1528
vn 0.2197 0.9679 -0.1221
vn 0.0184 0.9997 -0.0131
vn 0.0481 0.9982 -0.0351
vn 0.2099 0.9653 -0.1555
vn 0.0145 0.9999 -0.0041
vn 0.0374 0.9988 -0.0329
vn 0.0828 0.9944 -0.0652
vn 0.0732 0.9966 -0.0376
vn 0.1074 0.9908 -0.0828
vn 0.1231 0.9879 -0.0940
vn 0.1054 0.9929 -0.0556
vn 0.1337 0.9858 -0.1016
vn 0.1414 0.9841 -0.1073
vn 0.1258 0.9898 -0.0668
vn 0.1474 0.9828 -0.1116
vn 0.1519 0.9817 -0.1150
vn 0.1399 0.9874 -0.0744
vn 0.2170 0.9695 -0.1142
vn 0.1556 0.9808 -0.1177
vn 0.1588 0.9800 -0.1201
vn 0.1457 0.9865 -0.0744
vn 0.2051 0.9663 -0.1553
vn 0.1565 0.9803 -0.1204
vn 0.1595 0.9796 -0.1225
vn 0.1550 0.9847 -0.0794
vn 0.1621 0.9789 -0.1245
vn 0.1644 0.9783 -0.1262
vn 0.1623 0.9832 -0.0832
vn 0.2155 0.9704 -0.1089
vn 0.1664 0.9777 -0.1277
vn 0.2017 0.9671 -0.1552
vn 0.1653 0.9778 -0.1286
vn 0.1663 0.9826 -0.0828
vn 0.1670 0.9774 -0.1299
vn 0.1686 0.9769 -0.1311
vn 0.2149 0.9707 -0.1071
vn 0.2151 0.9707 -0.1071
vn 0.1993 0.9676 -0.1550
vn 0.1678 0.9770 -0.1320
vn 0.1692 0.9766 -0.1331
vn 0.2200 0.9693 -0.1097
vn 0.1705 0.9762 -0.1341
vn 0.1717 0.9759 -0.1350
vn 0.1965 0.9681 -0.1551
vn 0.2152 0.9706 -0.1074
vn 0.2195 0.9694 -0.1097
vn 0.1711 0.9758 -0.1359
vn 0.1723 0.9755 -0.1368
vn 0.1950 0.9685 -0.1550
vn 0.2189 0.9696 -0.1094
vn 0.1719 0.9754 -0.1379
vn 0.2153 0.9706 -0.1077
vn 0.1731 0.9751 -0.1388
vn 0.2185 0.9697 -0.1094
vn 0.1741 0.9748 -0.1396
vn 0.1931 0.9688 -0.1552
vn 0.1740 0.9747 -0.1407
vn 0.2154 0.9705 -0.1079
vn 0.2181 0.9698 -0.1093
vn 0.1749 0.9744 -0.1415
vn 0.1918 0.9691 -0.1552
vn 0.1749 0.9742 -0.1425
vn 0.2155 0.9705 -0.1080
vn 0.2178 0.9699 -0.1093
vn 0.1758 0.9740 -0.1432
vn 0.1906 0.9693 -0.1553
vn 0.1758 0.9738 -0.1442
vn 0.2175 0.9699 -0.1092
vn 0.1767 0.9736 -0.1449
vn 0.2156 0.9705 -0.1083
vn 0.1774 0.9733 -0.1455
vn 0.1893 0.9695 -0.1556
vn 0.2172 0.9700 -0.1092
vn 0.1776 0.9731 -0.1464
vn 0.2156 0.9704 -0.1084
vn 0.1784 0.9729 -0.1471
vn 0.1884 0.9697 -0.1558
vn 0.2170 0.9700 -0.1092
vn 0.1789 0.9726 -0.1482
vn 0.2157 0.9704 -0.1085
vn 0.1879 0.9698 -0.1557
vn 0.1794 0.9724 -0.1493
vn 0.2168 0.9701 -0.1091
vn 0.1803 0.9721 -0.1500
vn 0.1873 0.9699 -0.1558
vn 0.2158 0.9704 -0.1086
vn 0.1809 0.9719 -0.1509
vn 0.2167 0.9701 -0.1091
vn 0.1817 0.9716 -0.1516
vn 0.1867 0.9700 -0.1559
vn 0.2158 0.9704 -0.1087
vn 0.1823 0.9713 -0.1525
vn 0.2165 0.9702 -0.1091
vn 0.1831 0.9711 -0.1531
vn 0.1864 0.9700 -0.1559
vn 0.2159 0.9703 -0.1088
vn 0.1838 0.9709 -0.1539
vn 0.2164 0.9702 -0.1091
vn 0.1861 0.9701 -0.1558
vn 0.1844 0.9706 -0.1546
vn 0.2160 0.9703 -0.1089
vn 0.1852 0.9704 -0.1551
vn 0.2163 0.9702 -0.1090
vn 0.1859 0.9701 -0.1558
vn 0.1858 0.9702 -0.1557
vn 0.1689 -0.9798 -0.1066
vn 0.0304 -0.9993 -0.0230
vn 0.2070 0.9691 -0.1338
vn 0.2099 0.9683 -0.1356
vn 0.2060 0.9695 -0.1330
vn 0.2091 0.9685 -0.1351
vn 0.2054 0.9697 -0.1326
vn 0.2052 0.9697 -0.1324
vn 0.2051 0.9698 -0.1324
vn 0.2049 0.9698 -0.1322
vn 0.2047 0.9699 -0.1321
vn 0.2084 0.9687 -0.1345
vn 0.2046 0.9699 -0.1320
vn 0.2045 0.9699 -0.1319
vn 0.2043 0.9700 -0.1318
vn 0.2077 0.9690 -0.1340
vn 0.2043 0.9700 -0.1317
vn 0.2042 0.9701 -0.1316
vn 0.2041 0.9701 -0.1316
vn 0.2070 0.9692 -0.1335
vn 0.2040 0.9701 -0.1315
vn 0.2039 0.9701 -0.1314
vn 0.2037 0.9702 -0.1313
vn 0.2036 0.9702 -0.1312
vn 0.2063 0.9694 -0.1330
vn 0.2034 0.9703 -0.1310
vn 0.2032 0.9703 -0.1309
vn 0.2031 0.9704 -0.1308
vn 0.2057 0.9696 -0.1325
vn 0.2029 0.9704 -0.1307
vn 0.2028 0.9705 -0.1305
vn 0.2025 0.9706 -0.1304
vn 0.2050 0.9698 -0.1319
vn 0.2024 0.9706 -0.1302
vn 0.2022 0.9707 -0.1301
vn 0.2019 0.9707 -0.1300
vn 0.0006 1.0000 -0.0004
vn 0.2161 0.9703 -0.1088
vn 0.2165 0.9702 -0.1090
vn 0.2160 0.9703 -0.1088
vn 0.2160 0.9703 -0.1087
vn 0.2166 0.9702 -0.1090
vn 0.2159 0.9703 -0.1087
vn 0.2160 0.9703 -0.1086
vn 0.2159 0.9704 -0.1086
vn 0.2166 0.9702 -0.1089
vn 0.2159 0.9704 -0.1085
vn 0.2167 0.9702 -0.1089
vn 0.2158 0.9704 -0.1085
vn 0.2159 0.9704 -0.1084
vn 0.2158 0.9704 -0.1084
vn 0.2167 0.9702 -0.1088
vn 0.2158 0.9704 -0.1083
vn 0.2157 0.9704 -0.1083
vn 0.2167 0.9701 -0.1088
vn 0.2158 0.9704 -0.1082
vn 0.2157 0.9704 -0.1082
vn 0.2168 0.9702 -0.1087
vn 0.2157 0.9705 -0.1081
vn 0.2156 0.9705 -0.1081
vn 0.2168 0.9701 -0.1087
vn 0.2215 0.9688 -0.1111
vn 0.2167 0.9702 -0.1087
vn 0.3005 0.9412 -0.1541
vn 0.1815 0.9703 -0.1600
vn 0.3096 0.9375 -0.1590
vn 0.1814 0.9703 -0.1601
vn 0.3207 0.9327 -0.1648
vn 0.3342 0.9267 -0.1718
vn 0.2133 0.9708 -0.1103
vn 0.1813 0.9703 -0.1601
vn 0.3312 0.9273 -0.1747
vn 0.3470 0.9198 -0.1832
vn 0.3674 0.9096 -0.1940
vn 0.1812 0.9703 -0.1601
vn 0.2105 0.9713 -0.1112
vn 0.3609 0.9118 -0.1959
vn 0.1968 0.9672 -0.1608
vn 0.3855 0.8986 -0.2097
vn 0.2363 0.9577 -0.1644
vn 0.4195 0.8785 -0.2286
vn 0.2370 0.9575 -0.1645
vn 0.4686 0.8456 -0.2558
vn 0.2375 0.9573 -0.1646
vn 0.5448 0.7841 -0.2974
vn 0.2380 0.9572 -0.1647
vn 0.6689 0.6473 -0.3655
vn 0.2387 0.9570 -0.1649
vn 0.2053 0.9722 -0.1127
vn 0.2393 0.9568 -0.1651
vn 0.6265 0.6934 -0.3559
vn 0.2401 0.9566 -0.1653
vn 0.7929 0.4076 -0.4529
vn 0.2409 0.9563 -0.1655
vn 0.8377 -0.2599 -0.4804
vn 0.2419 0.9560 -0.1658
vn 0.5164 -0.8026 -0.2986
vn 0.2430 0.9557 -0.1662
vn 0.2441 0.9553 -0.1666
vn 0.2628 -0.9526 -0.1534
vn 0.2455 0.9549 -0.1671
vn 0.1273 -0.9890 -0.0756
vn 0.2469 0.9544 -0.1676
vn 0.0495 -0.9983 -0.0306
vn 0.2486 0.9539 -0.1683
vn 0.3854 0.8959 -0.2210
vn 0.1797 0.9764 -0.1198
vn 0.1774 0.9770 -0.1186
vn 0.1750 0.9776 -0.1173
vn 0.1725 0.9782 -0.1160
vn 0.1698 0.9788 -0.1145
vn 0.1670 0.9795 -0.1129
vn 0.1642 0.9801 -0.1113
vn 0.1611 0.9808 -0.1095
vn 0.1579 0.9816 -0.1076
vn 0.1546 0.9823 -0.1056
vn 0.1511 0.9831 -0.1034
vn 0.1475 0.9839 -0.1010
vn 0.1437 0.9847 -0.0986
vn 0.1398 0.9855 -0.0959
vn 0.1356 0.9864 -0.0931
vn 0.1176 0.9898 -0.0805
vn 0.1161 0.9901 -0.0794
vn 0.1145 0.9903 -0.0784
vn 0.1318 0.9872 -0.0902
vn 0.1124 0.9907 -0.0767
vn 0.1109 0.9910 -0.0756
vn 0.1093 0.9912 -0.0745
vn 0.1077 0.9915 -0.0734
vn 0.1281 0.9879 -0.0872
vn 0.1054 0.9919 -0.0715
vn 0.1038 0.9921 -0.0704
vn 0.1023 0.9923 -0.0693
vn 0.1006 0.9926 -0.0683
vn 0.1242 0.9887 -0.0841
vn 0.0981 0.9930 -0.0662
vn 0.0968 0.9932 -0.0652
vn 0.0956 0.9933 -0.0644
vn 0.1199 0.9895 -0.0807
vn 0.0934 0.9937 -0.0626
vn 0.0922 0.9938 -0.0617
vn 0.0910 0.9940 -0.0609
vn 0.1152 0.9903 -0.0771
vn 0.0887 0.9943 -0.0589
vn 0.0874 0.9945 -0.0581
vn 0.1312 0.9875 -0.0874
vn 0.1906 0.9734 -0.1271
vn 0.1086 0.9914 -0.0727
vn 0.2003 0.9704 -0.1352
vn 0.2002 0.9704 -0.1352
vn 0.1950 0.9719 -0.1317
vn 0.2004 0.9703 -0.1354
vn 0.2005 0.9703 -0.1353
vn 0.2002 0.9704 -0.1353
vn 0.2006 0.9703 -0.1355
vn 0.2003 0.9704 -0.1351
vn 0.2003 0.9703 -0.1356
vn 0.2002 0.9704 -0.1351
vn 0.2004 0.9703 -0.1353
vn 0.2000 0.9704 -0.1352
vn 0.2001 0.9704 -0.1352
vn 0.1999 0.9705 -0.1351
vn 0.1996 0.9705 -0.1351
vn 0.2001 0.9704 -0.1349
vn 0.2001 0.9704 -0.1351
vn 0.1995 0.9706 -0.1349
vn 0.2005 0.9704 -0.1348
vn 0.2002 0.9703 -0.1355
vn 0.1998 0.9705 -0.1350
vn 0.1991 0.9708 -0.1340
vn 0.2007 0.9703 -0.1352
vn 0.2001 0.9704 -0.1350
vn 0.1976 0.9709 -0.1356
vn 0.1960 0.9714 -0.1340
vn 0.2111 0.9765 -0.0421
vn 0.2044 0.9781 -0.0407
vn 0.2151 0.9756 -0.0432
vn 0.2067 0.9775 -0.0416
vn 0.2055 0.9778 -0.0412
vn 0.2072 0.9774 -0.0414
vn 0.2076 0.9773 -0.0416
vn 0.2155 0.9755 -0.0430
vn 0.2090 0.9770 -0.0417
vn 0.2097 0.9769 -0.0419
vn 0.2162 0.9754 -0.0431
vn 0.2111 0.9765 -0.0422
vn 0.2120 0.9764 -0.0423
vn 0.2169 0.9752 -0.0432
vn 0.2132 0.9761 -0.0425
vn 0.8529 0.4932 -0.1715
vn 0.2234 0.9737 -0.0455
vn 0.7764 -0.6084 -0.1643
vn 0.8863 -0.4235 -0.1873
vn 0.2366 0.9703 -0.0509
vn 0.9735 0.0790 -0.2147
vn 0.9306 0.3030 -0.2055
vn 0.2442 0.9682 -0.0545
vn 0.7868 0.5904 -0.1798
vn 0.7159 0.6788 -0.1633
vn 0.2484 0.9670 -0.0570
vn 0.6095 0.7798 -0.1429
vn 0.5656 0.8139 -0.1327
vn 0.2505 0.9663 -0.0588
vn 0.5027 0.8560 -0.1204
vn 0.4754 0.8724 -0.1137
vn 0.4512 0.8858 -0.1080
vn 0.2530 0.9655 -0.0610
vn 0.4183 0.9026 -0.1018
vn 0.2343 0.9705 -0.0568
vn 0.2282 0.9703 -0.0804
vn 0.2870 0.9566 -0.0498
vn 0.0453 0.9961 -0.0752
vn 0.0207 0.9968 -0.0776
vn 0.3210 0.9460 -0.0455
vn 0.0369 0.9967 -0.0721
vn 0.3136 0.9485 -0.0452
vn 0.0283 0.9972 -0.0686
vn 0.3067 0.9508 -0.0448
vn 0.0203 0.9977 -0.0649
vn 0.3002 0.9528 -0.0443
vn 0.0126 0.9981 -0.0611
vn 0.2925 0.9553 -0.0426
vn 0.0242 0.9981 -0.0563
vn 0.0052 0.9984 -0.0571
vn 0.2870 0.9570 -0.0417
vn 0.0169 0.9985 -0.0524
vn 0.2819 0.9586 -0.0407
vn 0.0097 0.9988 -0.0482
vn 0.2776 0.9599 -0.0399
vn 0.1239 0.9914 -0.0424
vn 0.0117 0.9990 -0.0439
vn 0.2746 0.9607 -0.0397
vn 0.0903 0.9951 -0.0397
vn 0.2715 0.9616 -0.0392
vn 0.0986 0.9944 -0.0368
vn 0.0517 0.9980 -0.0359
vn 0.2689 0.9624 -0.0389
vn 0.0709 0.9969 -0.0327
vn 0.2665 0.9631 -0.0385
vn 0.0406 0.9988 -0.0276
vn 0.2639 0.9638 -0.0378
vn 0.0630 0.9977 -0.0247
vn 0.0070 0.9998 -0.0209
vn 0.2617 0.9644 -0.0373
vn 0.0397 0.9990 -0.0190
vn 0.2594 0.9651 -0.0364
vn 0.0625 0.9979 -0.0169
vn 0.0150 0.9998 -0.0119
vn 0.2576 0.9656 -0.0358
vn 0.0448 0.9989 -0.0106
vn 0.0335 0.9994 -0.0046
vn 0.0803 0.9967 -0.0110
vn 0.2555 0.9662 -0.0347
vn 0.0781 0.9969 -0.0068
vn 0.1080 0.9941 -0.0114
vn 0.1283 0.9916 -0.0144
vn 0.1433 0.9895 -0.0167
vn 0.1546 0.9878 -0.0183
vn 0.1636 0.9863 -0.0195
vn 0.1708 0.9851 -0.0205
vn 0.1769 0.9840 -0.0212
vn 0.2508 0.9676 -0.0297
vn 0.1766 0.9841 -0.0191
vn 0.1818 0.9831 -0.0198
vn 0.1859 0.9824 -0.0203
vn 0.1893 0.9817 -0.0207
vn 0.2480 0.9684 -0.0267
vn 0.1890 0.9818 -0.0188
vn 0.1922 0.9812 -0.0192
vn 0.1951 0.9806 -0.0195
vn 0.2460 0.9690 -0.0243
vn 0.1952 0.9806 -0.0179
vn 0.1980 0.9800 -0.0182
vn 0.2005 0.9795 -0.0184
vn 0.2442 0.9695 -0.0220
vn 0.2010 0.9795 -0.0169
vn 0.2033 0.9790 -0.0171
vn 0.2431 0.9698 -0.0204
vn 0.2040 0.9788 -0.0157
vn 0.2063 0.9784 -0.0159
vn 0.2084 0.9779 -0.0161
vn 0.2419 0.9701 -0.0182
vn 0.2093 0.9777 -0.0148
vn 0.2113 0.9773 -0.0150
vn 0.2412 0.9703 -0.0169
vn 0.2123 0.9771 -0.0138
vn 0.2142 0.9767 -0.0140
vn 0.2407 0.9705 -0.0156
vn 0.2360 0.9716 -0.0151
vn 0.2433 0.9698 -0.0157
vn 0.2408 0.9705 -0.0155
vn 0.2432 0.9698 -0.0158
vn 0.2430 0.9699 -0.0158
vn 0.2409 0.9704 -0.0156
vn 0.2429 0.9699 -0.0159
vn 0.2428 0.9700 -0.0158
vn 0.2410 0.9704 -0.0157
vn 0.2426 0.9700 -0.0159
vn 0.2425 0.9700 -0.0159
vn 0.2411 0.9704 -0.0158
vn 0.2424 0.9700 -0.0160
vn 0.2423 0.9701 -0.0159
vn 0.2412 0.9703 -0.0159
vn 0.2422 0.9701 -0.0160
vn 0.2421 0.9701 -0.0160
vn 0.2413 0.9703 -0.0160
vn 0.2420 0.9701 -0.0160
vn 0.2419 0.9702 -0.0161
vn 0.2414 0.9703 -0.0160
vn 0.2418 0.9702 -0.0161
vn 0.2415 0.9703 -0.0161
vn 0.2417 0.9702 -0.0161
vn 0.2416 0.9703 -0.0161
vn 0.2416 0.9702 -0.0161
vn 0.2414 0.9703 -0.0161
vn 0.2417 0.9702 -0.0160
vn 0.2418 0.9702 -0.0160
vn 0.2412 0.9703 -0.0160
vn 0.2717 0.9622 -0.0191
vn 0.2801 0.9598 -0.0199
vn 0.2836 0.9587 -0.0201
vn 0.2409 0.9704 -0.0176
vn 0.2850 0.9583 -0.0219
vn 0.2890 0.9571 -0.0222
vn 0.2401 0.9706 -0.0189
vn 0.2902 0.9567 -0.0241
vn 0.2946 0.9553 -0.0245
vn 0.2391 0.9708 -0.0201
vn 0.2955 0.9550 -0.0265
vn 0.3005 0.9534 -0.0271
vn 0.3063 0.9515 -0.0275
vn 0.2375 0.9711 -0.0219
vn 0.2285 0.9703 -0.0797
vn 0.3068 0.9513 -0.0298
vn 0.2284 0.9703 -0.0798
vn 0.3134 0.9491 -0.0305
vn 0.2362 0.9714 -0.0230
vn 0.3135 0.9490 -0.0330
vn 0.3211 0.9464 -0.0338
vn 0.3302 0.9433 -0.0349
vn 0.2284 0.9703 -0.0799
vn 0.3414 0.9392 -0.0361
vn 0.2283 0.9703 -0.0799
vn 0.2337 0.9720 -0.0252
vn 0.3402 0.9395 -0.0390
vn 0.3534 0.9346 -0.0406
vn 0.3708 0.9277 -0.0427
vn 0.2282 0.9703 -0.0799
vn 0.2323 0.9695 -0.0782
vn 0.2314 0.9725 -0.0267
vn 0.3684 0.9285 -0.0460
vn 0.2746 0.9596 -0.0615
vn 0.2749 0.9595 -0.0613
vn 0.3916 0.9188 -0.0492
vn 0.2752 0.9594 -0.0612
vn 0.2755 0.9594 -0.0611
vn 0.2759 0.9593 -0.0610
vn 0.4238 0.9042 -0.0536
vn 0.2762 0.9592 -0.0609
vn 0.2767 0.9590 -0.0608
vn 0.4725 0.8793 -0.0598
vn 0.2770 0.9590 -0.0607
vn 0.2775 0.9588 -0.0606
vn 0.5534 0.8299 -0.0704
vn 0.2779 0.9587 -0.0605
vn 0.2784 0.9586 -0.0604
vn 0.7044 0.7041 -0.0898
vn 0.2789 0.9584 -0.0603
vn 0.2795 0.9583 -0.0602
vn 0.2278 0.9733 -0.0292
vn 0.2799 0.9581 -0.0601
vn 0.6816 0.7252 -0.0974
vn 0.2806 0.9579 -0.0600
vn 0.2813 0.9578 -0.0599
vn 0.9353 0.3265 -0.1366
vn 0.2820 0.9576 -0.0598
vn 0.2827 0.9574 -0.0597
vn 0.7727 -0.6239 -0.1167
vn 0.2836 0.9571 -0.0596
vn 0.2845 0.9568 -0.0595
vn 0.3153 -0.9477 -0.0501
vn 0.2854 0.9566 -0.0593
vn 0.2865 0.9563 -0.0593
vn 0.1123 -0.9935 -0.0195
vn 0.2876 0.9559 -0.0590
vn 0.2888 0.9556 -0.0590
vn 0.3653 0.9294 -0.0519
vn 0.2104 0.9767 -0.0429
vn 0.2077 0.9773 -0.0426
vn 0.2049 0.9779 -0.0424
vn 0.2018 0.9785 -0.0421
vn 0.1987 0.9792 -0.0418
vn 0.1954 0.9799 -0.0414
vn 0.1919 0.9805 -0.0410
vn 0.1884 0.9813 -0.0405
vn 0.1846 0.9820 -0.0399
vn 0.1807 0.9827 -0.0393
vn 0.1766 0.9835 -0.0386
vn 0.1724 0.9843 -0.0378
vn 0.1679 0.9851 -0.0369
vn 0.1633 0.9859 -0.0360
vn 0.1585 0.9867 -0.0350
vn 0.1603 0.9864 -0.0353
vn 0.1575 0.9869 -0.0347
vn 0.1533 0.9876 -0.0338
vn 0.1547 0.9874 -0.0342
vn 0.1478 0.9885 -0.0326
vn 0.1517 0.9879 -0.0336
vn 0.1485 0.9884 -0.0328
vn 0.1418 0.9894 -0.0314
vn 0.1452 0.9889 -0.0322
vn 0.1683 0.9850 -0.0372
vn 0.1406 0.9896 -0.0309
vn 0.1367 0.9902 -0.0300
vn 0.2228 0.9737 -0.0482
vn 0.1301 0.9911 -0.0278
vn 0.2258 0.9730 -0.0481
vn 0.1228 0.9921 -0.0255
vn 0.1303 0.9911 -0.0271
vn 0.2373 0.9702 -0.0485
vn 0.2375 0.9702 -0.0485
vn 0.2371 0.9703 -0.0485
vn 0.2373 0.9702 -0.0486
vn 0.2371 0.9703 -0.0483
vn 0.2370 0.9703 -0.0485
vn 0.2368 0.9703 -0.0484
vn 0.2369 0.9703 -0.0483
vn 0.2368 0.9703 -0.0485
vn 0.2368 0.9704 -0.0483
vn 0.2368 0.9704 -0.0485
vn 0.2366 0.9704 -0.0482
vn 0.2367 0.9704 -0.0483
vn 0.2367 0.9704 -0.0485
vn 0.2366 0.9704 -0.0486
vn 0.2363 0.9704 -0.0491
vn 0.2233 0.9736 0.0478
vn 0.2238 0.9734 0.0480
vn 0.2246 0.9733 0.0478
vn 0.2243 0.9733 0.0482
vn 0.2251 0.9731 0.0481
vn 0.2243 0.9733 0.0480
vn 0.2245 0.9733 0.0477
vn 0.2255 0.9731 0.0481
vn 0.2249 0.9732 0.0479
vn 0.2260 0.9729 0.0482
vn 0.2253 0.9731 0.0481
vn 0.2254 0.9731 0.0480
vn 0.2263 0.9729 0.0483
vn 0.2259 0.9730 0.0481
vn 0.2268 0.9727 0.0484
vn 0.2263 0.9729 0.0481
vn 0.2272 0.9726 0.0485
vn 0.2266 0.9728 0.0483
vn 0.3178 0.9458 0.0674
vn 0.2304 0.9719 0.0483
vn 0.2302 0.9719 0.0482
vn 0.5480 0.8289 0.1123
vn 0.2369 0.9703 0.0480
vn 0.4644 0.8807 0.0931
vn 0.2417 0.9692 0.0474
vn 0.2410 0.9694 0.0473
vn 0.4056 0.9107 0.0782
vn 0.2283 0.9703 0.0803
vn 0.2286 0.9702 0.0798
vn 0.2445 0.9685 0.0467
vn 0.3743 0.9246 0.0711
vn 0.2468 0.9680 0.0461
vn 0.2459 0.9682 0.0459
vn 0.3496 0.9347 0.0645
vn 0.2476 0.9678 0.0454
vn 0.3337 0.9407 0.0608
vn 0.2488 0.9675 0.0448
vn 0.2479 0.9677 0.0446
vn 0.3194 0.9459 0.0570
vn 0.2488 0.9675 0.0441
vn 0.3093 0.9494 0.0547
vn 0.2494 0.9674 0.0437
vn 0.2487 0.9676 0.0436
vn 0.3001 0.9525 0.0521
vn 0.2491 0.9675 0.0431
vn 0.2933 0.9547 0.0506
vn 0.2495 0.9674 0.0427
vn 0.2875 0.9565 0.0492
vn 0.2497 0.9674 0.0424
vn 0.2491 0.9676 0.0422
vn 0.2820 0.9582 0.0477
vn 0.2492 0.9675 0.0419
vn 0.2778 0.9595 0.0467
vn 0.2492 0.9676 0.0416
vn 0.2487 0.9677 0.0415
vn 0.2738 0.9607 0.0456
vn 0.2487 0.9677 0.0412
vn 0.2705 0.9617 0.0449
vn 0.2487 0.9677 0.0410
vn 0.2482 0.9678 0.0409
vn 0.2675 0.9625 0.0440
vn 0.2483 0.9678 0.0407
vn 0.2650 0.9633 0.0435
vn 0.2483 0.9678 0.0405
vn 0.2480 0.9679 0.0405
vn 0.2627 0.9639 0.0428
vn 0.2481 0.9679 0.0404
vn 0.2606 0.9645 0.0423
vn 0.2617 0.9642 0.0425
vn 0.3088 0.9498 0.0503
vn 0.2591 0.9649 0.0425
vn 0.3059 0.9507 0.0504
vn 0.2577 0.9653 0.0425
vn 0.3031 0.9516 0.0504
vn 0.3012 0.9522 0.0502
vn 0.2565 0.9656 0.0429
vn 0.2988 0.9530 0.0503
vn 0.2552 0.9659 0.0430
vn 0.2964 0.9537 0.0504
vn 0.2949 0.9542 0.0501
vn 0.2541 0.9662 0.0434
vn 0.2284 0.9703 0.0800
vn 0.2282 0.9702 0.0819
vn 0.2294 0.9718 0.0541
vn 0.2292 0.9720 0.0513
vn 0.2292 0.9720 0.0512
vn 0.2292 0.9720 0.0511
vn 0.2292 0.9720 0.0510
vn 0.2291 0.9721 0.0510
vn 0.2291 0.9721 0.0509
vn 0.2291 0.9721 0.0508
vn 0.2290 0.9721 0.0507
vn 0.2289 0.9721 0.0507
vn 0.2288 0.9721 0.0506
vn 0.2287 0.9722 0.0505
vn 0.2284 0.9723 0.0503
vn 0.2280 0.9724 0.0501
vn 0.2277 0.9725 0.0499
vn 0.2272 0.9726 0.0496
vn 0.2266 0.9727 0.0493
vn 0.2258 0.9729 0.0490
vn 0.2249 0.9732 0.0486
vn 0.2236 0.9735 0.0482
vn 0.2217 0.9740 0.0474
vn 0.2189 0.9746 0.0465
vn 0.1611 0.9866 0.0268
vn 0.2483 0.9681 0.0325
vn 0.0499 0.9986 0.0151
vn 0.2474 0.9684 0.0318
vn 0.2467 0.9686 0.0318
vn 0.0852 0.9963 0.0108
vn 0.2457 0.9689 0.0305
vn 0.1423 0.9897 0.0152
vn 0.1771 0.9840 0.0200
vn 0.1955 0.9804 0.0221
vn 0.2441 0.9694 0.0265
vn 0.2057 0.9784 0.0219
vn 0.2434 0.9696 0.0252
vn 0.2137 0.9767 0.0217
vn 0.2429 0.9698 0.0239
vn 0.2201 0.9753 0.0214
vn 0.2424 0.9699 0.0228
vn 0.2254 0.9740 0.0212
vn 0.2421 0.9700 0.0219
vn 0.2419 0.9701 0.0219
vn 0.2298 0.9730 0.0205
vn 0.2417 0.9701 0.0211
vn 0.2337 0.9721 0.0204
vn 0.2415 0.9702 0.0206
vn 0.2414 0.9702 0.0205
vn 0.2372 0.9713 0.0201
vn 0.2413 0.9702 0.0202
vn 0.2412 0.9703 0.0202
vn 0.2402 0.9705 0.0201
vn 0.2411 0.9703 0.0201
vn 0.2414 0.9702 0.0209
vn 0.2289 0.9702 0.0795
vn 0.1867 0.9743 0.1261
vn 0.1863 0.9744 0.1258
vn 0.1873 0.9741 0.1266
vn 0.1870 0.9742 0.1262
vn 0.1876 0.9740 0.1269
vn 0.1872 0.9741 0.1265
vn 0.1880 0.9739 0.1271
vn 0.1877 0.9740 0.1269
vn 0.1883 0.9738 0.1273
vn 0.1881 0.9739 0.1271
vn 0.1888 0.9737 0.1276
vn 0.1885 0.9738 0.1274
vn 0.1891 0.9736 0.1278
vn 0.1889 0.9737 0.1277
vn 0.1895 0.9735 0.1281
vn 0.1893 0.9735 0.1280
vn 0.1898 0.9734 0.1283
vn 0.1902 0.9733 0.1286
vn 0.1906 0.9732 0.1289
vn 0.2217 0.9636 0.1494
vn 0.3082 0.9284 0.2077
vn 0.3460 0.9089 0.2327
vn 0.3251 0.9200 0.2187
vn 0.3272 0.9190 0.2201
vn 0.3088 0.9282 0.2078
vn 0.3096 0.9278 0.2083
vn 0.2955 0.9344 0.1989
vn 0.2956 0.9344 0.1989
vn 0.2846 0.9393 0.1916
vn 0.2842 0.9395 0.1913
vn 0.2755 0.9433 0.1855
vn 0.2748 0.9435 0.1850
vn 0.2677 0.9465 0.1803
vn 0.2669 0.9468 0.1798
vn 0.2610 0.9492 0.1758
vn 0.2602 0.9495 0.1753
vn 0.2553 0.9514 0.1720
vn 0.2545 0.9518 0.1715
vn 0.2502 0.9534 0.1686
vn 0.2495 0.9537 0.1681
vn 0.2458 0.9551 0.1657
vn 0.2418 0.9565 0.1630
vn 0.2450 0.9553 0.1653
vn 0.2384 0.9578 0.1608
vn 0.2412 0.9567 0.1627
vn 0.2354 0.9588 0.1589
vn 0.2378 0.9580 0.1605
vn 0.2327 0.9598 0.1571
vn 0.2348 0.9590 0.1585
vn 0.2302 0.9606 0.1554
vn 0.2322 0.9600 0.1568
vn 0.2279 0.9614 0.1540
vn 0.2036 0.9663 0.1577
vn 0.0194 0.9997 0.0119
vn 0.0339 0.9992 0.0202
vn 0.2208 0.9667 0.1292
vn 0.0135 0.9998 0.0147
vn 0.0308 0.9994 0.0130
vn 0.0693 0.9969 0.0362
vn 0.0780 0.9949 0.0636
vn 0.0939 0.9942 0.0515
vn 0.1113 0.9919 0.0618
vn 0.1080 0.9904 0.0865
vn 0.1240 0.9898 0.0695
vn 0.1336 0.9882 0.0753
vn 0.1253 0.9871 0.1000
vn 0.1416 0.9867 0.0799
vn 0.1478 0.9855 0.0835
vn 0.1365 0.9846 0.1088
vn 0.1965 0.9677 0.1578
vn 0.1530 0.9844 0.0866
vn 0.1575 0.9835 0.0891
vn 0.1381 0.9839 0.1131
vn 0.2189 0.9679 0.1236
vn 0.1575 0.9837 0.0869
vn 0.1616 0.9828 0.0893
vn 0.1452 0.9822 0.1188
vn 0.1654 0.9820 0.0915
vn 0.1688 0.9812 0.0934
vn 0.1506 0.9809 0.1231
vn 0.1914 0.9687 0.1581
vn 0.1718 0.9805 0.0951
vn 0.2178 0.9686 0.1201
vn 0.1726 0.9805 0.0937
vn 0.1512 0.9804 0.1261
vn 0.1752 0.9799 0.0952
vn 0.1776 0.9794 0.0965
vn 0.1551 0.9794 0.1294
vn 0.1880 0.9693 0.1583
vn 0.2171 0.9690 0.1179
vn 0.1786 0.9793 0.0954
vn 0.1807 0.9788 0.0966
vn 0.1556 0.9790 0.1321
vn 0.1827 0.9783 0.0977
vn 0.1845 0.9779 0.0987
vn 0.2165 0.9695 0.1152
vn 0.1862 0.9696 0.1585
vn 0.1562 0.9785 0.1346
vn 0.1855 0.9778 0.0978
vn 0.1872 0.9773 0.0987
vn 0.2162 0.9697 0.1139
vn 0.1591 0.9777 0.1371
vn 0.1885 0.9772 0.0981
vn 0.1832 0.9701 0.1591
vn 0.1902 0.9767 0.0990
vn 0.1598 0.9772 0.1396
vn 0.1918 0.9763 0.0999
vn 0.2160 0.9699 0.1121
vn 0.1932 0.9761 0.0994
vn 0.1818 0.9703 0.1594
vn 0.1607 0.9767 0.1421
vn 0.1946 0.9758 0.1002
vn 0.2159 0.9701 0.1110
vn 0.1959 0.9755 0.0998
vn 0.1806 0.9705 0.1598
vn 0.1751 0.9722 0.1553
vn 0.1972 0.9752 0.1005
vn 0.2159 0.9702 0.1100
vn 0.1986 0.9749 0.1003
vn 0.1823 0.9699 0.1616
vn 0.1998 0.9746 0.1009
vn 0.1804 0.9705 0.1599
vn 0.2010 0.9743 0.1016
vn 0.2160 0.9703 0.1087
vn 0.1822 0.9699 0.1614
vn 0.2022 0.9741 0.1014
vn 0.1806 0.9705 0.1599
vn 0.2035 0.9737 0.1020
vn 0.2161 0.9704 0.1080
vn 0.1821 0.9700 0.1611
vn 0.2050 0.9734 0.1021
vn 0.1807 0.9705 0.1599
vn 0.2162 0.9704 0.1077
vn 0.2112 0.9718 0.1049
vn 0.1820 0.9700 0.1610
vn 0.2175 0.9700 0.1082
vn 0.2163 0.9704 0.1076
vn 0.1808 0.9704 0.1599
vn 0.2174 0.9701 0.1082
vn 0.1820 0.9701 0.1608
vn 0.2173 0.9701 0.1082
vn 0.2163 0.9704 0.1077
vn 0.1809 0.9704 0.1599
vn 0.2172 0.9701 0.1082
vn 0.1819 0.9701 0.1607
vn 0.2164 0.9703 0.1078
vn 0.1810 0.9704 0.1599
vn 0.2171 0.9701 0.1082
vn 0.1819 0.9701 0.1605
vn 0.2170 0.9702 0.1082
vn 0.1812 0.9704 0.1599
vn 0.2170 0.9702 0.1081
vn 0.1818 0.9702 0.1604
vn 0.2164 0.9703 0.1079
vn 0.2169 0.9702 0.1081
vn 0.1812 0.9703 0.1599
vn 0.1162 -0.9900 0.0802
vn 0.0300 -0.9994 0.0170
vn 0.2037 0.9692 0.1387
vn 0.2072 0.9681 0.1410
vn 0.2028 0.9694 0.1381
vn 0.2062 0.9684 0.1404
vn 0.2022 0.9696 0.1378
vn 0.2020 0.9697 0.1376
vn 0.2019 0.9697 0.1376
vn 0.2017 0.9698 0.1375
vn 0.2016 0.9698 0.1374
vn 0.2053 0.9687 0.1399
vn 0.2015 0.9698 0.1374
vn 0.2013 0.9699 0.1373
vn 0.2012 0.9699 0.1372
vn 0.2044 0.9689 0.1394
vn 0.2011 0.9699 0.1372
vn 0.2010 0.9700 0.1371
vn 0.2009 0.9700 0.1371
vn 0.2035 0.9692 0.1388
vn 0.2008 0.9700 0.1370
vn 0.2007 0.9700 0.1370
vn 0.2006 0.9701 0.1369
vn 0.2004 0.9701 0.1367
vn 0.2026 0.9694 0.1383
vn 0.2002 0.9702 0.1367
vn 0.2001 0.9702 0.1366
vn 0.1999 0.9702 0.1365
vn 0.2018 0.9697 0.1378
vn 0.1998 0.9703 0.1364
vn 0.1996 0.9704 0.1363
vn 0.1994 0.9704 0.1362
vn 0.2009 0.9699 0.1373
vn 0.1992 0.9705 0.1361
vn 0.1991 0.9705 0.1360
vn 0.1989 0.9706 0.1359
vn 0.1817 0.9702 0.1601
vn 0.0006 1.0000 0.0003
vn 0.1816 0.9703 0.1601
vn 0.1816 0.9703 0.1600
vn 0.1817 0.9702 0.1602
vn 0.1815 0.9703 0.1600
vn 0.1814 0.9703 0.1600
vn 0.1814 0.9703 0.1599
vn 0.1813 0.9703 0.1600
vn 0.1813 0.9703 0.1599
vn 0.1817 0.9702 0.1603
vn 0.1831 0.9697 0.1615
vn 0.2111 0.9599 0.1843
vn 0.2137 0.9589 0.1866
vn 0.2169 0.9577 0.1893
vn 0.1822 0.9704 0.1582
vn 0.2191 0.9573 0.1888
vn 0.2225 0.9559 0.1918
vn 0.1823 0.9707 0.1567
vn 0.2247 0.9555 0.1910
vn 0.2285 0.9540 0.1941
vn 0.2327 0.9522 0.1977
vn 0.1825 0.9710 0.1543
vn 0.2344 0.9521 0.1962
vn 0.2392 0.9501 0.2001
vn 0.1823 0.9713 0.1525
vn 0.2406 0.9502 0.1981
vn 0.2162 0.9703 0.1086
vn 0.2162 0.9703 0.1085
vn 0.2460 0.9479 0.2024
vn 0.2162 0.9703 0.1084
vn 0.2525 0.9451 0.2076
vn 0.2601 0.9416 0.2139
vn 0.1821 0.9719 0.1491
vn 0.2162 0.9703 0.1083
vn 0.2605 0.9423 0.2104
vn 0.2693 0.9382 0.2173
vn 0.2162 0.9703 0.1082
vn 0.2803 0.9329 0.2261
vn 0.1816 0.9724 0.1464
vn 0.2791 0.9345 0.2208
vn 0.2162 0.9703 0.1081
vn 0.2162 0.9704 0.1081
vn 0.2922 0.9281 0.2307
vn 0.3094 0.9190 0.2442
vn 0.3331 0.9056 0.2626
vn 0.2161 0.9704 0.1079
vn 0.3676 0.8837 0.2897
vn 0.2196 0.9690 0.1129
vn 0.4223 0.8432 0.3326
vn 0.2656 0.9483 0.1738
vn 0.1807 0.9733 0.1419
vn 0.2664 0.9479 0.1748
vn 0.4061 0.8592 0.3113
vn 0.2673 0.9474 0.1758
vn 0.4880 0.7893 0.3726
vn 0.2683 0.9469 0.1770
vn 0.6402 0.5938 0.4873
vn 0.2695 0.9463 0.1784
vn 0.7945 -0.0824 0.6016
vn 0.2708 0.9457 0.1799
vn 0.2724 0.9449 0.1816
vn 0.4556 -0.8214 0.3431
vn 0.2741 0.9440 0.1834
vn 0.1884 -0.9721 0.1396
vn 0.2762 0.9430 0.1856
vn 0.0666 -0.9966 0.0479
vn 0.2785 0.9419 0.1879
vn 0.3670 0.8875 0.2788
vn 0.1772 0.9774 0.1155
vn 0.1749 0.9780 0.1136
vn 0.1726 0.9786 0.1117
vn 0.1701 0.9793 0.1097
vn 0.1675 0.9800 0.1076
vn 0.1647 0.9807 0.1055
vn 0.1618 0.9814 0.1033
vn 0.1587 0.9822 0.1010
vn 0.1554 0.9829 0.0987
vn 0.1520 0.9837 0.0962
vn 0.1483 0.9845 0.0937
vn 0.1445 0.9853 0.0911
vn 0.1405 0.9861 0.0885
vn 0.1362 0.9870 0.0857
vn 0.1318 0.9878 0.0829
vn 0.1320 0.9878 0.0830
vn 0.1305 0.9880 0.0821
vn 0.1289 0.9883 0.0811
vn 0.1271 0.9887 0.0800
vn 0.1275 0.9886 0.0802
vn 0.1258 0.9889 0.0792
vn 0.1243 0.9892 0.0782
vn 0.1228 0.9894 0.0773
vn 0.1221 0.9895 0.0768
vn 0.1211 0.9897 0.0763
vn 0.1196 0.9900 0.0753
vn 0.1179 0.9902 0.0743
vn 0.1164 0.9905 0.0733
vn 0.1534 0.9834 0.0968
vn 0.1130 0.9910 0.0716
vn 0.1115 0.9912 0.0707
vn 0.1103 0.9914 0.0699
vn 0.1782 0.9775 0.1131
vn 0.1063 0.9920 0.0682
vn 0.1050 0.9922 0.0674
vn 0.1038 0.9924 0.0665
vn 0.1788 0.9772 0.1147
vn 0.0993 0.9930 0.0646
vn 0.0981 0.9931 0.0637
vn 0.0967 0.9933 0.0629
vn 0.0955 0.9935 0.0620
vn 0.1828 0.9759 0.1192
vn 0.0905 0.9941 0.0597
vn 0.0891 0.9943 0.0589
vn 0.0878 0.9945 0.0579
vn 0.1886 0.9741 0.1250
vn 0.0819 0.9951 0.0552
vn 0.0796 0.9954 0.0537
vn 0.0847 0.9948 0.0570
vn 0.2003 0.9703 0.1354
vn 0.2005 0.9703 0.1355
vn 0.2003 0.9704 0.1351
vn 0.2004 0.9703 0.1352
vn 0.2002 0.9704 0.1353
vn 0.2005 0.9703 0.1354
vn 0.2004 0.9703 0.1354
vn 0.2002 0.9704 0.1351
vn 0.2003 0.9704 0.1350
vn 0.1999 0.9704 0.1352
vn 0.2000 0.9704 0.1351
vn 0.1999 0.9704 0.1353
vn 0.2002 0.9704 0.1348
vn 0.2001 0.9704 0.1354
vn 0.2001 0.9704 0.1350
vn 0.1997 0.9705 0.1352
vn 0.2001 0.9704 0.1352
vn 0.2000 0.9705 0.1351
vn 0.1988 0.9707 0.1346
vn 0.2007 0.9702 0.1356
vn 0.1998 0.9705 0.1349
vn 0.1982 0.9708 0.1352
vn 0.2012 0.9706 0.1322
vn 0.1262 0.9737 0.1896
vn 0.1265 0.9735 0.1903
vn 0.1277 0.9730 0.1925
vn 0.1272 0.9733 0.1913
vn 0.1270 0.9732 0.1916
vn 0.1277 0.9731 0.1920
vn 0.1274 0.9731 0.1918
vn 0.1273 0.9732 0.1914
vn 0.1279 0.9729 0.1924
vn 0.1275 0.9731 0.1920
vn 0.1281 0.9729 0.1927
vn 0.1284 0.9727 0.1932
vn 0.1280 0.9729 0.1925
vn 0.1282 0.9728 0.1929
vn 0.1286 0.9726 0.1934
vn 0.1284 0.9727 0.1933
vn 0.1285 0.9727 0.1932
vn 0.2609 0.8834 0.3894
vn 0.1339 0.9710 0.1983
vn 0.2817 0.8643 0.4166
vn 0.1391 0.9693 0.2028
vn 0.1386 0.9695 0.2019
vn 0.2407 0.9053 0.3500
vn 0.1423 0.9684 0.2048
vn 0.1081 0.9703 0.2165
vn 0.1083 0.9703 0.2165
vn 0.1418 0.9686 0.2041
vn 0.2170 0.9252 0.3113
vn 0.1443 0.9679 0.2056
vn 0.1439 0.9681 0.2050
vn 0.2018 0.9366 0.2864
vn 0.1458 0.9676 0.2059
vn 0.1453 0.9679 0.2053
vn 0.1916 0.9437 0.2697
vn 0.1467 0.9675 0.2059
vn 0.1848 0.9480 0.2590
vn 0.1479 0.9673 0.2062
vn 0.1473 0.9675 0.2054
vn 0.1791 0.9517 0.2494
vn 0.1483 0.9673 0.2057
vn 0.1478 0.9675 0.2050
vn 0.1745 0.9545 0.2417
vn 0.1485 0.9674 0.2050
vn 0.1482 0.9676 0.2046
vn 0.1709 0.9567 0.2356
vn 0.1487 0.9675 0.2045
vn 0.1680 0.9583 0.2310
vn 0.1491 0.9675 0.2044
vn 0.1488 0.9676 0.2041
vn 0.1654 0.9598 0.2267
vn 0.1491 0.9676 0.2038
vn 0.1488 0.9677 0.2034
vn 0.1633 0.9610 0.2231
vn 0.1491 0.9677 0.2033
vn 0.1489 0.9678 0.2029
vn 0.1615 0.9620 0.2200
vn 0.1491 0.9678 0.2028
vn 0.1490 0.9679 0.2026
vn 0.1600 0.9629 0.2174
vn 0.1667 0.9596 0.2266
vn 0.1585 0.9635 0.2156
vn 0.1854 0.9495 0.2531
vn 0.1841 0.9502 0.2514
vn 0.1572 0.9639 0.2147
vn 0.1819 0.9512 0.2493
vn 0.1808 0.9518 0.2478
vn 0.1560 0.9643 0.2140
vn 0.1788 0.9526 0.2460
vn 0.1778 0.9532 0.2446
vn 0.1549 0.9646 0.2133
vn 0.1760 0.9539 0.2430
vn 0.1751 0.9544 0.2418
vn 0.1538 0.9649 0.2126
vn 0.1735 0.9551 0.2404
vn 0.1080 0.9703 0.2165
vn 0.1067 0.9702 0.2176
vn 0.1065 0.9702 0.2177
vn 0.1205 0.9719 0.2024
vn 0.1252 0.9725 0.1962
vn 0.1253 0.9725 0.1961
vn 0.1254 0.9726 0.1960
vn 0.1254 0.9726 0.1959
vn 0.1254 0.9726 0.1957
vn 0.1255 0.9726 0.1956
vn 0.1255 0.9727 0.1954
vn 0.1255 0.9727 0.1953
vn 0.1255 0.9727 0.1951
vn 0.1254 0.9728 0.1948
vn 0.1253 0.9729 0.1943
vn 0.1252 0.9730 0.1937
vn 0.1250 0.9732 0.1931
vn 0.1248 0.9734 0.1924
vn 0.1244 0.9736 0.1915
vn 0.1239 0.9739 0.1903
vn 0.1233 0.9742 0.1889
vn 0.1225 0.9747 0.1870
vn 0.1213 0.9753 0.1844
vn 0.1193 0.9763 0.1805
vn 0.0945 0.9869 0.1305
vn 0.1559 0.9677 0.1983
vn 0.0274 0.9984 0.0490
vn 0.1556 0.9679 0.1971
vn 0.1551 0.9681 0.1966
vn 0.0136 0.9998 0.0152
vn 0.0461 0.9973 0.0567
vn 0.0665 0.9944 0.0825
vn 0.0803 0.9917 0.1000
vn 0.0905 0.9895 0.1129
vn 0.1555 0.9686 0.1940
vn 0.0931 0.9894 0.1114
vn 0.1005 0.9875 0.1211
vn 0.1065 0.9859 0.1291
vn 0.1113 0.9846 0.1351
vn 0.1153 0.9834 0.1402
vn 0.1188 0.9823 0.1446
vn 0.1216 0.9815 0.1480
vn 0.1564 0.9692 0.1901
vn 0.1237 0.9812 0.1479
vn 0.1264 0.9804 0.1513
vn 0.1289 0.9796 0.1544
vn 0.1310 0.9789 0.1569
vn 0.1570 0.9696 0.1879
vn 0.1328 0.9786 0.1569
vn 0.1346 0.9780 0.1592
vn 0.1362 0.9775 0.1611
vn 0.1377 0.9770 0.1629
vn 0.1577 0.9698 0.1858
vn 0.1392 0.9768 0.1629
vn 0.1405 0.9763 0.1644
vn 0.1580 0.9700 0.1848
vn 0.1420 0.9761 0.1646
vn 0.1431 0.9757 0.1659
vn 0.1442 0.9753 0.1672
vn 0.1586 0.9702 0.1835
vn 0.1455 0.9751 0.1674
vn 0.1464 0.9748 0.1685
vn 0.1590 0.9702 0.1827
vn 0.1477 0.9745 0.1688
vn 0.1485 0.9742 0.1698
vn 0.1593 0.9703 0.1820
vn 0.1497 0.9740 0.1701
vn 0.1505 0.9737 0.1710
vn 0.1597 0.9703 0.1814
vn 0.1515 0.9735 0.1713
vn 0.1523 0.9732 0.1721
vn 0.1601 0.9704 0.1809
vn 0.1592 0.9707 0.1798
vn 0.1611 0.9700 0.1819
vn 0.1602 0.9704 0.1809
vn 0.1610 0.9700 0.1819
vn 0.1609 0.9701 0.1819
vn 0.1601 0.9704 0.1810
vn 0.1608 0.9701 0.1818
vn 0.1089 0.9702 0.2164
vn 0.1602 0.9703 0.1811
vn 0.1607 0.9701 0.1818
vn 0.1602 0.9703 0.1812
vn 0.1606 0.9701 0.1817
vn 0.1606 0.9702 0.1817
vn 0.1602 0.9703 0.1813
vn 0.1605 0.9702 0.1817
vn 0.1602 0.9703 0.1814
vn 0.1604 0.9702 0.1817
vn 0.1604 0.9702 0.1816
vn 0.1602 0.9703 0.1815
vn 0.1603 0.9702 0.1816
vn 0.1603 0.9702 0.1815
vn 0.1694 0.9665 0.1928
vn 0.1708 0.9659 0.1945
vn 0.1596 0.9703 0.1819
vn 0.1709 0.9656 0.1959
vn 0.1720 0.9652 0.1972
vn 0.1587 0.9704 0.1822
vn 0.1720 0.9649 0.1987
vn 0.1732 0.9643 0.2002
vn 0.1576 0.9705 0.1824
vn 0.1731 0.9640 0.2017
vn 0.1745 0.9634 0.2034
vn 0.1564 0.9707 0.1826
vn 0.1742 0.9631 0.2050
vn 0.1757 0.9625 0.2068
vn 0.1550 0.9709 0.1826
vn 0.1754 0.9622 0.2084
vn 0.1770 0.9615 0.2104
vn 0.1534 0.9711 0.1826
vn 0.1763 0.9612 0.2120
vn 0.1782 0.9604 0.2143
vn 0.1802 0.9595 0.2167
vn 0.1511 0.9715 0.1825
vn 0.1793 0.9593 0.2183
vn 0.1816 0.9582 0.2211
vn 0.1493 0.9719 0.1822
vn 0.1803 0.9581 0.2224
vn 0.1828 0.9569 0.2257
vn 0.1858 0.9554 0.2294
vn 0.1467 0.9724 0.1817
vn 0.1841 0.9555 0.2306
vn 0.1876 0.9537 0.2349
vn 0.1915 0.9517 0.2400
vn 0.1440 0.9729 0.1809
vn 0.1891 0.9520 0.2407
vn 0.1081 0.9703 0.2163
vn 0.1940 0.9494 0.2472
vn 0.1080 0.9703 0.2163
vn 0.2005 0.9458 0.2554
vn 0.1256 0.9676 0.2191
vn 0.2092 0.9408 0.2666
vn 0.1406 0.9736 0.1799
vn 0.1462 0.9639 0.2224
vn 0.1464 0.9639 0.2225
vn 0.1467 0.9638 0.2226
vn 0.2057 0.9414 0.2672
vn 0.1470 0.9638 0.2226
vn 0.1472 0.9637 0.2227
vn 0.2173 0.9343 0.2826
vn 0.1475 0.9637 0.2227
vn 0.1477 0.9636 0.2228
vn 0.2344 0.9230 0.3053
vn 0.1480 0.9636 0.2228
vn 0.2631 0.9018 0.3429
vn 0.1482 0.9635 0.2229
vn 0.1485 0.9635 0.2230
vn 0.3172 0.8535 0.4134
vn 0.1488 0.9634 0.2230
vn 0.1491 0.9633 0.2231
vn 0.1370 0.9743 0.1786
vn 0.3058 0.8586 0.4113
vn -0.0259 0.9853 0.1691
vn 0.1393 0.9685 0.2063
vn 0.4283 0.6927 0.5802
vn 0.1394 0.9685 0.2063
vn 0.5488 -0.3633 0.7529
vn 0.1396 0.9685 0.2063
vn 0.1449 -0.9680 0.2047
vn 0.1396 0.9685 0.2064
vn 0.1624 0.9629 0.2157
vn 0.1193 0.9774 0.1745
vn 0.1170 0.9781 0.1723
vn 0.1147 0.9788 0.1700
vn 0.1122 0.9795 0.1673
vn 0.1096 0.9803 0.1646
vn 0.1070 0.9810 0.1617
vn 0.1042 0.9818 0.1586
vn 0.1012 0.9827 0.1553
vn 0.0982 0.9835 0.1517
vn 0.0949 0.9845 0.1477
vn 0.0915 0.9854 0.1434
vn 0.0879 0.9864 0.1389
vn 0.0841 0.9874 0.1339
vn 0.1106 0.9793 0.1697
vn 0.1290 0.9723 0.1949
vn 0.1282 0.9726 0.1939
vn 0.1275 0.9729 0.1928
vn 0.1266 0.9733 0.1916
vn 0.1257 0.9737 0.1901
vn 0.1247 0.9741 0.1887
vn 0.0749 0.9909 0.1119
vn 0.0731 0.9913 0.1093
vn 0.0713 0.9918 0.1065
vn 0.1308 0.9720 0.1952
vn 0.0683 0.9926 0.1003
vn 0.0956 0.9854 0.1412
vn 0.1356 0.9702 0.2008
vn 0.1353 0.9703 0.2003
vn 0.1356 0.9702 0.2010
vn 0.1355 0.9703 0.2004
vn 0.1356 0.9702 0.2007
vn 0.1354 0.9703 0.2005
vn 0.1355 0.9703 0.2005
vn 0.1355 0.9702 0.2006
vn 0.1351 0.9704 0.2000
vn 0.1354 0.9702 0.2007
vn 0.1352 0.9703 0.2004
vn 0.1354 0.9702 0.2008
vn 0.1352 0.9705 0.1999
vn 0.1355 0.9702 0.2010
vn 0.1349 0.9706 0.1993
vn 0.1354 0.9703 0.2006
vn 0.1352 0.9704 0.2003
vn 0.1348 0.9704 0.2006
vn 0.1358 0.9700 0.2016
vn 0.1350 0.9706 0.1995
vn 0.1381 0.9690 0.2047
vn 0.0417 0.9782 0.2036
vn 0.0406 0.9790 0.2000
vn 0.0426 0.9767 0.2103
vn 0.0410 0.9785 0.2022
vn 0.0409 0.9785 0.2020
vn 0.0425 0.9769 0.2096
vn 0.0412 0.9782 0.2035
vn 0.0427 0.9765 0.2111
vn 0.0413 0.9780 0.2045
vn 0.0414 0.9779 0.2051
vn 0.0427 0.9764 0.2115
vn 0.0416 0.9776 0.2061
vn 0.0430 0.9762 0.2128
vn 0.0418 0.9774 0.2074
vn 0.0419 0.9773 0.2078
vn 0.0430 0.9760 0.2134
vn 0.0421 0.9770 0.2090
vn 0.0432 0.9758 0.2145
vn 0.0422 0.9768 0.2098
vn 0.0617 0.9502 0.3054
vn 0.0441 0.9751 0.2173
vn 0.1157 -0.8248 0.5535
vn 0.1292 -0.7753 0.6182
vn 0.0493 0.9717 0.2309
vn 0.1727 -0.5835 0.7936
vn 0.0513 0.9707 0.2350
vn 0.2117 -0.2651 0.9407
vn 0.2186 -0.0932 0.9714
vn 0.0545 0.9688 0.2416
vn 0.2173 0.2637 0.9398
vn 0.2067 0.3977 0.8939
vn 0.0633 0.9598 0.2736
vn 0.1862 0.5850 0.7894
vn 0.1737 0.6537 0.7365
vn 0.1621 0.7077 0.6877
vn 0.1604 0.7152 0.6803
vn 0.1517 0.7500 0.6438
vn 0.0555 0.9701 0.2362
vn 0.0491 0.9364 0.3474
vn 0.0495 0.9391 0.3402
vn 0.0498 0.9415 0.3333
vn 0.0490 0.9446 0.3246
vn 0.0574 0.9981 0.0212
vn 0.0481 0.9474 0.3165
vn 0.0548 0.9984 0.0147
vn 0.0471 0.9499 0.3089
vn 0.0522 0.9986 0.0092
vn 0.0461 0.9522 0.3020
vn 0.0494 0.9988 0.0043
vn 0.0438 0.9550 0.2934
vn 0.0466 0.9988 0.0134
vn 0.0466 0.9989 -0.0001
vn 0.0426 0.9568 0.2875
vn 0.0438 0.9990 0.0098
vn 0.0413 0.9585 0.2822
vn 0.0409 0.9991 0.0067
vn 0.0402 0.9599 0.2776
vn 0.0380 0.9993 0.0075
vn 0.0400 0.9607 0.2748
vn 0.0362 0.9977 0.0574
vn 0.0397 0.9615 0.2721
vn 0.0333 0.9985 0.0423
vn 0.0394 0.9622 0.2695
vn 0.0301 0.9991 0.0292
vn 0.0388 0.9630 0.2667
vn 0.0286 0.9982 0.0534
vn 0.0264 0.9996 0.0108
vn 0.0383 0.9637 0.2643
vn 0.0247 0.9992 0.0324
vn 0.0375 0.9644 0.2617
vn 0.0227 0.9987 0.0457
vn 0.0200 0.9998 0.0077
vn 0.0370 0.9650 0.2597
vn 0.0182 0.9995 0.0254
vn 0.0360 0.9656 0.2574
vn 0.0160 0.9992 0.0365
vn 0.0128 0.9999 0.0023
vn 0.0348 0.9663 0.2551
vn 0.0136 0.9989 0.0439
vn 0.0107 0.9998 0.0161
vn 0.0341 0.9668 0.2533
vn 0.0082 0.9996 0.0255
vn 0.0334 0.9672 0.2518
vn 0.0018 1.0000 0.0031
vn -0.0025 1.0000 0.0011
vn 0.0056 0.9982 0.0592
vn 0.0106 0.9954 0.0952
vn 0.0139 0.9927 0.1197
vn 0.0162 0.9903 0.1377
vn 0.0179 0.9883 0.1514
vn 0.0290 0.9683 0.2483
vn 0.0165 0.9876 0.1559
vn 0.0178 0.9859 0.1661
vn 0.0188 0.9845 0.1744
vn 0.0196 0.9832 0.1815
vn 0.0258 0.9689 0.2460
vn 0.0185 0.9826 0.1848
vn 0.0191 0.9815 0.1905
vn 0.0241 0.9693 0.2447
vn 0.0182 0.9808 0.1940
vn 0.0188 0.9797 0.1994
vn 0.0226 0.9696 0.2436
vn 0.0181 0.9790 0.2033
vn 0.0185 0.9779 0.2080
vn 0.0212 0.9698 0.2429
vn 0.0180 0.9771 0.2121
vn 0.0206 0.9700 0.2424
vn 0.0177 0.9762 0.2161
vn 0.0181 0.9752 0.2207
vn 0.0197 0.9701 0.2421
vn 0.0179 0.9743 0.2246
vn 0.0182 0.9733 0.2286
vn 0.0190 0.9701 0.2418
vn 0.0182 0.9724 0.2325
vn 0.0188 0.9702 0.2415
vn 0.0183 0.9715 0.2363
vn 0.0187 0.9702 0.2416
vn 0.0185 0.9706 0.2399
vn 0.0187 0.9700 0.2424
vn 0.0187 0.9702 0.2415
vn 0.0189 0.9696 0.2440
vn 0.0190 0.9692 0.2455
vn 0.0187 0.9703 0.2413
vn 0.0193 0.9688 0.2471
vn 0.0195 0.9683 0.2488
vn 0.0197 0.9678 0.2508
vn 0.0189 0.9703 0.2413
vn 0.0201 0.9674 0.2523
vn 0.0203 0.9668 0.2546
vn 0.0205 0.9663 0.2567
vn 0.0193 0.9703 0.2411
vn 0.0212 0.9657 0.2587
vn 0.0214 0.9651 0.2610
vn 0.0216 0.9645 0.2634
vn 0.0219 0.9634 0.2671
vn 0.0199 0.9703 0.2409
vn 0.0230 0.9624 0.2706
vn 0.0234 0.9612 0.2750
vn 0.0238 0.9599 0.2794
vn 0.0206 0.9704 0.2407
vn 0.0252 0.9590 0.2824
vn 0.0257 0.9574 0.2875
vn 0.0262 0.9559 0.2924
vn 0.0266 0.9544 0.2972
vn 0.0218 0.9705 0.2402
vn 0.0283 0.9537 0.2996
vn 0.0288 0.9520 0.3047
vn 0.0293 0.9502 0.3102
vn 0.0229 0.9706 0.2396
vn 0.0311 0.9498 0.3113
vn 0.0317 0.9481 0.3165
vn 0.0322 0.9464 0.3215
vn 0.0241 0.9707 0.2391
vn 0.0339 0.9465 0.3209
vn 0.0345 0.9448 0.3259
vn 0.0350 0.9430 0.3308
vn 0.0253 0.9709 0.2383
vn 0.0366 0.9438 0.3284
vn 0.0372 0.9422 0.3328
vn 0.0377 0.9406 0.3374
vn 0.0266 0.9711 0.2372
vn 0.0391 0.9418 0.3338
vn 0.0396 0.9405 0.3375
vn 0.0401 0.9390 0.3416
vn 0.0278 0.9713 0.2361
vn 0.0413 0.9406 0.3370
vn 0.0418 0.9393 0.3405
vn 0.0424 0.9377 0.3449
vn 0.0291 0.9716 0.2347
vn 0.0434 0.9396 0.3396
vn 0.0439 0.9382 0.3433
vn 0.0444 0.9369 0.3468
vn 0.0303 0.9720 0.2331
vn 0.0452 0.9392 0.3403
vn 0.0455 0.9382 0.3430
vn 0.0310 0.9723 0.2318
vn 0.0461 0.9406 0.3363
vn 0.0464 0.9398 0.3386
vn 0.0317 0.9726 0.2302
vn 0.0468 0.9422 0.3317
vn 0.0471 0.9416 0.3334
vn 0.0323 0.9730 0.2286
vn 0.0474 0.9439 0.3267
vn 0.0469 0.9450 0.3237
vn 0.0329 0.9734 0.2268
vn 0.0463 0.9489 0.3123
vn 0.0456 0.9502 0.3083
vn 0.0335 0.9738 0.2250
vn 0.0452 0.9530 0.2994
vn 0.0446 0.9542 0.2958
vn 0.0339 0.9742 0.2231
vn 0.0443 0.9563 0.2891
vn 0.0340 0.9746 0.2214
vn 0.0441 0.9580 0.2835
vn 0.0437 0.9588 0.2808
vn 0.0343 0.9750 0.2194
vn 0.0457 0.9560 0.2897
vn 0.0343 0.9755 0.2173
vn 0.0930 0.8167 0.5695
vn 0.0879 0.8377 0.5390
vn 0.0355 0.9763 0.2137
vn 0.0835 0.8646 0.4955
vn 0.0359 0.9768 0.2109
vn 0.0797 0.8847 0.4593
vn 0.0361 0.9775 0.2080
vn 0.0764 0.9000 0.4291
vn 0.0733 0.9081 0.4122
vn 0.0369 0.9783 0.2039
vn 0.0710 0.9181 0.3900
vn 0.0370 0.9789 0.2008
vn 0.0692 0.9258 0.3717
vn 0.0371 0.9796 0.1975
vn 0.0675 0.9321 0.3558
vn 0.0372 0.9803 0.1941
vn 0.0662 0.9372 0.3424
vn 0.0372 0.9810 0.1906
vn 0.0651 0.9415 0.3306
vn 0.0371 0.9817 0.1868
vn 0.0641 0.9452 0.3201
vn 0.0370 0.9824 0.1831
vn 0.0633 0.9483 0.3111
vn 0.0369 0.9831 0.1791
vn 0.0627 0.9509 0.3029
vn 0.0367 0.9839 0.1749
vn 0.0621 0.9533 0.2957
vn 0.0365 0.9847 0.1705
vn 0.0358 0.9852 0.1674
vn 0.0623 0.9558 0.2872
vn 0.0355 0.9860 0.1627
vn 0.0620 0.9576 0.2815
vn 0.0353 0.9868 0.1582
vn 0.0618 0.9591 0.2763
vn 0.0351 0.9875 0.1538
vn 0.0345 0.9879 0.1512
vn 0.0623 0.9608 0.2700
vn 0.0343 0.9886 0.1466
vn 0.0624 0.9620 0.2658
vn 0.0341 0.9893 0.1419
vn 0.0335 0.9897 0.1392
vn 0.0632 0.9634 0.2604
vn 0.0349 0.9894 0.1409
vn 0.0508 0.9773 0.2058
vn 0.0636 0.9644 0.2567
vn 0.0505 0.9780 0.2026
vn 0.0500 0.9784 0.2007
vn 0.0636 0.9651 0.2540
vn 0.0496 0.9792 0.1970
vn 0.0634 0.9657 0.2519
vn 0.0491 0.9800 0.1927
vn 0.0490 0.9801 0.1924
vn 0.0636 0.9663 0.2494
vn 0.0490 0.9806 0.1899
vn 0.0490 0.9805 0.1902
vn 0.0638 0.9668 0.2473
vn 0.0491 0.9810 0.1877
vn 0.0492 0.9809 0.1882
vn 0.0493 0.9808 0.1886
vn 0.0644 0.9674 0.2448
vn 0.0494 0.9812 0.1864
vn 0.0496 0.9811 0.1870
vn 0.0648 0.9678 0.2431
vn 0.0498 0.9815 0.1850
vn 0.0500 0.9813 0.1857
vn 0.0652 0.9682 0.2415
vn 0.0503 0.9817 0.1839
vn 0.0506 0.9815 0.1849
vn 0.0508 0.9812 0.1859
vn 0.0660 0.9686 0.2398
vn 0.0513 0.9815 0.1845
vn 0.0516 0.9813 0.1856
vn 0.0664 0.9689 0.2385
vn 0.0521 0.9815 0.1844
vn 0.0525 0.9812 0.1858
vn 0.0529 0.9809 0.1872
vn 0.0672 0.9692 0.2371
vn 0.0536 0.9810 0.1866
vn 0.0540 0.9807 0.1880
vn 0.0545 0.9803 0.1898
vn 0.0680 0.9694 0.2359
vn 0.0553 0.9803 0.1895
vn 0.0558 0.9799 0.1913
vn 0.0564 0.9795 0.1932
vn 0.0688 0.9696 0.2348
vn 0.0573 0.9794 0.1934
vn 0.0579 0.9790 0.1955
vn 0.0584 0.9786 0.1973
vn 0.0695 0.9698 0.2339
vn 0.0594 0.9784 0.1981
vn 0.0600 0.9779 0.2001
vn 0.0606 0.9775 0.2021
vn 0.0701 0.9699 0.2331
vn 0.0617 0.9772 0.2033
vn 0.0623 0.9767 0.2055
vn 0.0630 0.9762 0.2077
vn 0.0707 0.9700 0.2325
vn 0.0640 0.9758 0.2093
vn 0.0647 0.9752 0.2115
vn 0.0654 0.9746 0.2140
vn 0.0710 0.9701 0.2319
vn 0.0663 0.9743 0.2154
vn 0.0668 0.9739 0.2171
vn 0.0672 0.9735 0.2184
vn 0.0713 0.9702 0.2315
vn 0.0679 0.9732 0.2197
vn 0.0684 0.9728 0.2213
vn 0.0688 0.9724 0.2228
vn 0.0715 0.9703 0.2310
vn 0.0695 0.9721 0.2240
vn 0.0699 0.9718 0.2253
vn 0.0703 0.9714 0.2268
vn 0.0708 0.9710 0.2282
vn 0.0715 0.9704 0.2305
vn 0.0712 0.9707 0.2294
vn 0.0716 0.9704 0.2308
vn 0.0722 0.9698 0.2329
vn 0.0713 0.9706 0.2301
vn 0.0730 0.9690 0.2361
vn 0.0741 0.9681 0.2395
vn 0.0708 0.9707 0.2296
vn 0.0748 0.9671 0.2431
vn 0.0704 0.9709 0.2290
vn 0.0753 0.9661 0.2470
vn 0.0164 0.9703 0.2414
vn 0.0766 0.9648 0.2514
vn 0.0163 0.9703 0.2414
vn 0.0695 0.9711 0.2284
vn 0.0770 0.9636 0.2558
vn 0.0786 0.9621 0.2611
vn 0.0162 0.9703 0.2414
vn 0.0684 0.9713 0.2277
vn 0.0787 0.9609 0.2655
vn 0.0161 0.9703 0.2413
vn 0.0806 0.9589 0.2720
vn 0.0670 0.9717 0.2267
vn 0.0804 0.9576 0.2767
vn 0.0160 0.9703 0.2412
vn 0.0826 0.9552 0.2844
vn 0.0857 0.9516 0.2952
vn 0.0648 0.9721 0.2253
vn 0.0159 0.9703 0.2412
vn 0.0858 0.9492 0.3028
vn 0.0159 0.9704 0.2411
vn 0.0907 0.9429 0.3204
vn 0.0631 0.9726 0.2237
vn 0.0158 0.9704 0.2410
vn 0.0906 0.9397 0.3298
vn 0.0158 0.9704 0.2409
vn 0.0981 0.9286 0.3578
vn 0.0157 0.9704 0.2409
vn 0.1101 0.9089 0.4022
vn 0.0427 0.9551 0.2933
vn 0.0605 0.9423 0.3293
vn 0.0607 0.9732 0.2216
vn 0.1098 0.9018 0.4180
vn 0.0617 0.9413 0.3319
vn 0.1330 0.8498 0.5100
vn 0.0630 0.9402 0.3347
vn 0.1866 0.6670 0.7213
vn 0.0645 0.9389 0.3381
vn 0.0662 0.9373 0.3421
vn 0.2354 -0.3176 0.9185
vn 0.0681 0.9355 0.3466
vn 0.0790 -0.9463 0.3134
vn 0.0703 0.9333 0.3522
vn 0.0191 -0.9966 0.0798
vn 0.0729 0.9306 0.3587
vn 0.1263 0.8607 0.4931
vn 0.0364 0.9771 0.2095
vn 0.0354 0.9779 0.2063
vn 0.0345 0.9785 0.2033
vn 0.0337 0.9792 0.2003
vn 0.0328 0.9799 0.1970
vn 0.0319 0.9806 0.1936
vn 0.0309 0.9813 0.1900
vn 0.0300 0.9820 0.1863
vn 0.0291 0.9828 0.1824
vn 0.0281 0.9836 0.1783
vn 0.0272 0.9844 0.1740
vn 0.0262 0.9852 0.1695
vn 0.0253 0.9860 0.1648
vn 0.0244 0.9867 0.1604
vn 0.0236 0.9874 0.1563
vn 0.0228 0.9881 0.1519
vn 0.0220 0.9888 0.1474
vn 0.0213 0.9895 0.1428
vn 0.0287 0.9813 0.1905
vn 0.0234 0.9876 0.1554
vn 0.0299 0.9799 0.1973
vn 0.0231 0.9882 0.1511
vn 0.0298 0.9804 0.1949
vn 0.0227 0.9889 0.1469
vn 0.0222 0.9894 0.1436
vn 0.0301 0.9807 0.1933
vn 0.0217 0.9901 0.1388
vn 0.0300 0.9812 0.1908
vn 0.0212 0.9908 0.1337
vn 0.0299 0.9817 0.1879
vn 0.0207 0.9915 0.1283
vn 0.0201 0.9920 0.1243
vn 0.0306 0.9818 0.1873
vn 0.0195 0.9928 0.1183
vn 0.0307 0.9822 0.1853
vn 0.0188 0.9936 0.1118
vn 0.0311 0.9823 0.1844
vn 0.0181 0.9943 0.1049
vn 0.0173 0.9948 0.1002
vn 0.0332 0.9814 0.1889
vn 0.0163 0.9956 0.0919
vn 0.0344 0.9811 0.1907
vn 0.0152 0.9965 0.0825
vn 0.0362 0.9801 0.1952
vn 0.0139 0.9973 0.0725
vn 0.0393 0.9781 0.2043
vn 0.0126 0.9980 0.0622
vn 0.0229 0.9933 0.1134
vn 0.0483 0.9704 0.2365
vn 0.0484 0.9704 0.2365
vn 0.0483 0.9704 0.2367
vn 0.0483 0.9705 0.2363
vn 0.0483 0.9705 0.2361
vn 0.0482 0.9707 0.2356
vn 0.0484 0.9703 0.2369
vn 0.0482 0.9706 0.2357
vn 0.0484 0.9705 0.2361
vn 0.0482 0.9701 0.2379
vn 0.0477 0.9713 0.2331
vt 0.533123 0.000000
vt 0.539432 0.000000
vt 0.536278 0.000000
vt 0.542587 0.000000
vt 0.454259 0.000000
vt 0.460568 0.000000
vt 0.457413 0.000000
vt 0.463722 0.000000
vt 0.466877 0.000000
vt 0.451104 0.000000
vt 0.470032 0.000000
vt 0.473186 0.000000
vt 0.476341 0.000000
vt 0.447950 0.000000
vt 0.479495 0.000000
vt 0.482650 0.000000
vt 0.444795 0.000000
vt 0.485804 0.000000
vt 0.488959 0.000000
vt 0.492114 0.000000
vt 0.441640 0.000000
vt 0.495268 0.000000
vt 0.498423 0.000000
vt 0.438486 0.000000
vt 0.501577 0.000000
vt 0.504732 0.000000
vt 0.507886 0.000000
vt 0.435331 0.000000
vt 0.511041 0.000000
vt 0.514196 0.000000
vt 0.517350 0.000000
vt 0.432177 0.000000
vt 0.520505 0.000000
vt 0.523659 0.000000
vt 0.526814 0.000000
vt 0.429022 0.000000
vt 0.529968 0.000000
vt 0.776025 0.000000
vt 0.425867 0.000000
vt 0.422713 0.000000
vt 0.419558 0.000000
vt 0.416404 0.000000
vt 0.413249 0.000000
vt 0.410095 0.000000
vt 0.406940 0.000000
vt 0.403785 0.000000
vt 0.779180 0.000000
vt 0.400631 0.000000
vt 0.782334 0.000000
vt 0.397476 0.000000
vt 0.788644 0.000000
vt 0.785489 0.000000
vt 0.394322 0.000000
vt 0.791798 0.000000
vt 0.391167 0.000000
vt 0.798107 0.000000
vt 0.794953 0.000000
vt 0.388013 0.000000
vt 0.804416 0.000000
vt 0.801262 0.000000
vt 0.384858 0.000000
vt 0.810726 0.000000
vt 0.807571 0.000000
vt 0.381703 0.000000
vt 0.817035 0.000000
vt 0.813880 0.000000
vt 0.378549 0.000000
vt 0.823344 0.000000
vt 0.820189 0.000000
vt 0.375394 0.000000
vt 0.832808 0.000000
vt 0.829653 0.000000
vt 0.826498 0.000000
vt 0.372240 0.000000
vt 0.839117 0.000000
vt 0.835962 0.000000
vt 0.369085 0.000000
vt 0.845426 0.000000
vt 0.842271 0.000000
vt 0.365931 0.000000
vt 0.851735 0.000000
vt 0.848580 0.000000
vt 0.854890 0.000000
vt 0.858044 0.000000
vt 0.861199 0.000000
vt 0.864353 0.000000
vt 0.867508 0.000000
vt 0.362776 0.000000
vt 0.870662 0.000000
vt 0.873817 0.000000
vt 0.876972 0.000000
vt 0.880126 0.000000
vt 0.883281 0.000000
vt 0.886435 0.000000
vt 0.359621 0.000000
vt 0.889590 0.000000
vt 0.892744 0.000000
vt 0.772871 0.000000
vt 0.895899 0.000000
vt 0.356467 0.000000
vt 0.899054 0.000000
vt 0.902208 0.000000
vt 0.905363 0.000000
vt 0.353312 0.000000
vt 0.908517 0.000000
vt 0.911672 0.000000
vt 0.914827 0.000000
vt 0.350158 0.000000
vt 0.917981 0.000000
vt 0.921136 0.000000
vt 0.347003 0.000000
vt 0.924290 0.000000
vt 0.927445 0.000000
vt 0.930599 0.000000
vt 0.343849 0.000000
vt 0.933754 0.000000
vt 0.936909 0.000000
vt 0.340694 0.000000
vt 0.940063 0.000000
vt 0.943218 0.000000
vt 0.337539 0.000000
vt 0.946372 0.000000
vt 0.949527 0.000000
vt 0.334385 0.000000
vt 0.952681 0.000000
vt 0.955836 0.000000
vt 0.331230 0.000000
vt 0.958991 0.000000
vt 0.962145 0.000000
vt 0.328076 0.000000
vt 0.965300 0.000000
vt 0.968454 0.000000
vt 0.324921 0.000000
vt 0.971609 0.000000
vt 0.974763 0.000000
vt 0.321767 0.000000
vt 0.977918 0.000000
vt 0.318612 0.000000
vt 0.981073 0.000000
vt 0.984227 0.000000
vt 0.315457 0.000000
vt 0.987382 0.000000
vt 0.990536 0.000000
vt 0.312303 0.000000
vt 0.993691 0.000000
vt 0.996845 0.000000
vt 0.309148 0.000000
vt 1.000000 0.000000
vt 0.545741 0.000000
vt 0.305994 0.000000
vt 0.548896 0.000000
vt 0.302839 0.000000
vt 0.552050 0.000000
vt 0.555205 0.000000
vt 0.299685 0.000000
vt 0.558360 0.000000
vt 0.296530 0.000000
vt 0.561514 0.000000
vt 0.564669 0.000000
vt 0.293375 0.000000
vt 0.567823 0.000000
vt 0.290221 0.000000
vt 0.570978 0.000000
vt 0.574133 0.000000
vt 0.287066 0.000000
vt 0.577287 0.000000
vt 0.283912 0.000000
vt 0.580442 0.000000
vt 0.769716 0.000000
vt 0.583596 0.000000
vt 0.280757 0.000000
vt 0.766562 0.000000
vt 0.586751 0.000000
vt 0.589905 0.000000
vt 0.763407 0.000000
vt 0.277603 0.000000
vt 0.593060 0.000000
vt 0.760252 0.000000
vt 0.596215 0.000000
vt 0.274448 0.000000
vt 0.599369 0.000000
vt 0.757098 0.000000
vt 0.602524 0.000000
vt 0.271293 0.000000
vt 0.753943 0.000000
vt 0.605678 0.000000
vt 0.750789 0.000000
vt 0.608833 0.000000
vt 0.268139 0.000000
vt 0.611987 0.000000
vt 0.747634 0.000000
vt 0.615142 0.000000
vt 0.264984 0.000000
vt 0.744479 0.000000
vt 0.618297 0.000000
vt 0.621451 0.000000
vt 0.741325 0.000000
vt 0.261830 0.000000
vt 0.624606 0.000000
vt 0.738170 0.000000
vt 0.627760 0.000000
vt 0.630915 0.000000
vt 0.258675 0.000000
vt 0.735016 0.000000
vt 0.003155 0.000000
vt 0.634069 0.000000
vt 0.731861 0.000000
vt 0.637224 0.000000
vt 0.255520 0.000000
vt 0.640379 0.000000
vt 0.728707 0.000000
vt 0.643533 0.000000
vt 0.646688 0.000000
vt 0.725552 0.000000
vt 0.649842 0.000000
vt 0.252366 0.000000
vt 0.722397 0.000000
vt 0.652997 0.000000
vt 0.656151 0.000000
vt 0.719243 0.000000
vt 0.659306 0.000000
vt 0.662461 0.000000
vt 0.716088 0.000000
vt 0.249211 0.000000
vt 0.665615 0.000000
vt 0.712934 0.000000
vt 0.668770 0.000000
vt 0.671924 0.000000
vt 0.709779 0.000000
vt 0.675079 0.000000
vt 0.678233 0.000000
vt 0.706625 0.000000
vt 0.681388 0.000000
vt 0.246057 0.000000
vt 0.703470 0.000000
vt 0.684543 0.000000
vt 0.687697 0.000000
vt 0.700315 0.000000
vt 0.690852 0.000000
vt 0.694006 0.000000
vt 0.697161 0.000000
vt 0.242902 0.000000
vt 0.239748 0.000000
vt 0.236593 0.000000
vt 0.006309 0.000000
vt 0.000000 0.000000
vt 0.009464 0.000000
vt 0.233438 0.000000
vt 0.012618 0.000000
vt 0.015773 0.000000
vt 0.230284 0.000000
vt 0.018927 0.000000
vt 0.022082 0.000000
vt 0.227129 0.000000
vt 0.025237 0.000000
vt 0.028391 0.000000
vt 0.223975 0.000000
vt 0.031546 0.000000
vt 0.034700 0.000000
vt 0.220820 0.000000
vt 0.037855 0.000000
vt 0.041009 0.000000
vt 0.217666 0.000000
vt 0.044164 0.000000
vt 0.214511 0.000000
vt 0.047319 0.000000
vt 0.050473 0.000000
vt 0.211356 0.000000
vt 0.053628 0.000000
vt 0.056782 0.000000
vt 0.208202 0.000000
vt 0.059937 0.000000
vt 0.063091 0.000000
vt 0.205047 0.000000
vt 0.066246 0.000000
vt 0.069401 0.000000
vt 0.201893 0.000000
vt 0.072555 0.000000
vt 0.198738 0.000000
vt 0.075710 0.000000
vt 0.078864 0.000000
vt 0.195584 0.000000
vt 0.082019 0.000000
vt 0.085174 0.000000
vt 0.192429 0.000000
vt 0.088328 0.000000
vt 0.091483 0.000000
vt 0.189274 0.000000
vt 0.094637 0.000000
vt 0.097792 0.000000
vt 0.186120 0.000000
vt 0.100946 0.000000
vt 0.182965 0.000000
vt 0.104101 0.000000
vt 0.107256 0.000000
vt 0.179811 0.000000
vt 0.110410 0.000000
vt 0.113565 0.000000
vt 0.176656 0.000000
vt 0.116719 0.000000
vt 0.119874 0.000000
vt 0.173502 0.000000
vt 0.123028 0.000000
vt 0.170347 0.000000
vt 0.126183 0.000000
vt 0.129338 0.000000
vt 0.167192 0.000000
vt 0.132492 0.000000
vt 0.135647 0.000000
vt 0.164038 0.000000
vt 0.138801 0.000000
vt 0.160883 0.000000
vt 0.141956 0.000000
vt 0.145110 0.000000
vt 0.157729 0.000000
vt 0.148265 0.000000
vt 0.151420 0.000000
vt 0.154574 0.000000
vt 0.640288 0.000000
vt 0.654676 0.000000
vt 0.647482 0.000000
vt 0.633094 0.000000
vt 0.661870 0.000000
vt 0.625899 0.000000
vt 0.669065 0.000000
vt 0.618705 0.000000
vt 0.611511 0.000000
vt 0.676259 0.000000
vt 0.604317 0.000000
vt 0.683453 0.000000
vt 0.597122 0.000000
vt 0.589928 0.000000
vt 0.690647 0.000000
vt 0.582734 0.000000
vt 0.697842 0.000000
vt 0.575540 0.000000
vt 0.568345 0.000000
vt 0.705036 0.000000
vt 0.561151 0.000000
vt 0.712230 0.000000
vt 0.553957 0.000000
vt 0.546763 0.000000
vt 0.719424 0.000000
vt 0.539568 0.000000
vt 0.726619 0.000000
vt 0.532374 0.000000
vt 0.525180 0.000000
vt 0.733813 0.000000
vt 0.280576 0.000000
vt 0.294964 0.000000
vt 0.287770 0.000000
vt 0.302158 0.000000
vt 0.517986 0.000000
vt 0.741007 0.000000
vt 0.510791 0.000000
vt 0.503597 0.000000
vt 0.748201 0.000000
vt 0.496403 0.000000
vt 0.755396 0.000000
vt 0.489209 0.000000
vt 0.482014 0.000000
vt 0.762590 0.000000
vt 0.474820 0.000000
vt 0.769784 0.000000
vt 0.467626 0.000000
vt 0.460432 0.000000
vt 0.776978 0.000000
vt 0.453237 0.000000
vt 0.784173 0.000000
vt 0.446043 0.000000
vt 0.791367 0.000000
vt 0.438849 0.000000
vt 0.431655 0.000000
vt 0.798561 0.000000
vt 0.424460 0.000000
vt 0.805755 0.000000
vt 0.417266 0.000000
vt 0.410072 0.000000
vt 0.812950 0.000000
vt 0.402878 0.000000
vt 0.820144 0.000000
vt 0.395683 0.000000
vt 0.388489 0.000000
vt 0.827338 0.000000
vt 0.381295 0.000000
vt 0.834532 0.000000
vt 0.374101 0.000000
vt 0.366906 0.000000
vt 0.841727 0.000000
vt 0.359712 0.000000
vt 0.848921 0.000000
vt 0.352518 0.000000
vt 0.345324 0.000000
vt 0.856115 0.000000
vt 0.338129 0.000000
vt 0.863309 0.000000
vt 0.330935 0.000000
vt 0.323741 0.000000
vt 0.870504 0.000000
vt 0.316547 0.000000
vt 0.877698 0.000000
vt 0.309353 0.000000
vt 0.884892 0.000000
vt 0.266187 0.000000
vt 0.258993 0.000000
vt 0.251799 0.000000
vt 0.244604 0.000000
vt 0.237410 0.000000
vt 0.230216 0.000000
vt 0.223022 0.000000
vt 0.215827 0.000000
vt 0.208633 0.000000
vt 0.201439 0.000000
vt 0.194245 0.000000
vt 0.187050 0.000000
vt 0.179856 0.000000
vt 0.172662 0.000000
vt 0.165468 0.000000
vt 0.158273 0.000000
vt 0.151079 0.000000
vt 0.143885 0.000000
vt 0.136691 0.000000
vt 0.129496 0.000000
vt 0.122302 0.000000
vt 0.115108 0.000000
vt 0.107914 0.000000
vt 0.100719 0.000000
vt 0.892086 0.000000
vt 0.093525 0.000000
vt 0.899281 0.000000
vt 0.906475 0.000000
vt 0.086331 0.000000
vt 0.913669 0.000000
vt 0.079137 0.000000
vt 0.071942 0.000000
vt 0.064748 0.000000
vt 0.920863 0.000000
vt 0.057554 0.000000
vt 0.928058 0.000000
vt 0.050360 0.000000
vt 0.935252 0.000000
vt 0.043165 0.000000
vt 0.942446 0.000000
vt 0.035971 0.000000
vt 0.949640 0.000000
vt 0.956835 0.000000
vt 0.028777 0.000000
vt 0.964029 0.000000
vt 0.021583 0.000000
vt 0.971223 0.000000
vt 0.978417 0.000000
vt 0.014388 0.000000
vt 0.985611 0.000000
vt 0.992806 0.000000
vt 0.007194 0.000000
vt 0.273381 0.000000
vt 0.426866 0.000000
vt 0.432836 0.000000
vt 0.429851 0.000000
vt 0.435821 0.000000
vt 0.423881 0.000000
vt 0.438806 0.000000
vt 0.420896 0.000000
vt 0.441791 0.000000
vt 0.417910 0.000000
vt 0.444776 0.000000
vt 0.414925 0.000000
vt 0.447761 0.000000
vt 0.411940 0.000000
vt 0.450746 0.000000
vt 0.408955 0.000000
vt 0.453731 0.000000
vt 0.405970 0.000000
vt 0.456716 0.000000
vt 0.402985 0.000000
vt 0.459701 0.000000
vt 0.400000 0.000000
vt 0.462687 0.000000
vt 0.397015 0.000000
vt 0.465672 0.000000
vt 0.394030 0.000000
vt 0.468657 0.000000
vt 0.391045 0.000000
vt 0.471642 0.000000
vt 0.388060 0.000000
vt 0.474627 0.000000
vt 0.385075 0.000000
vt 0.477612 0.000000
vt 0.480597 0.000000
vt 0.382090 0.000000
vt 0.483582 0.000000
vt 0.379104 0.000000
vt 0.486567 0.000000
vt 0.376119 0.000000
vt 0.489552 0.000000
vt 0.373134 0.000000
vt 0.492537 0.000000
vt 0.370149 0.000000
vt 0.495522 0.000000
vt 0.367164 0.000000
vt 0.498507 0.000000
vt 0.364179 0.000000
vt 0.501493 0.000000
vt 0.361194 0.000000
vt 0.504478 0.000000
vt 0.358209 0.000000
vt 0.507463 0.000000
vt 0.355224 0.000000
vt 0.510448 0.000000
vt 0.352239 0.000000
vt 0.513433 0.000000
vt 0.349254 0.000000
vt 0.516418 0.000000
vt 0.346269 0.000000
vt 0.519403 0.000000
vt 0.343284 0.000000
vt 0.644776 0.000000
vt 0.522388 0.000000
vt 0.340299 0.000000
vt 0.647761 0.000000
vt 0.641791 0.000000
vt 0.650746 0.000000
vt 0.638806 0.000000
vt 0.653731 0.000000
vt 0.656716 0.000000
vt 0.635821 0.000000
vt 0.659701 0.000000
vt 0.662687 0.000000
vt 0.632836 0.000000
vt 0.665672 0.000000
vt 0.668657 0.000000
vt 0.629851 0.000000
vt 0.525373 0.000000
vt 0.671642 0.000000
vt 0.337313 0.000000
vt 0.626866 0.000000
vt 0.674627 0.000000
vt 0.677612 0.000000
vt 0.623881 0.000000
vt 0.680597 0.000000
vt 0.528358 0.000000
vt 0.683582 0.000000
vt 0.620896 0.000000
vt 0.334328 0.000000
vt 0.686567 0.000000
vt 0.689552 0.000000
vt 0.617910 0.000000
vt 0.692537 0.000000
vt 0.531343 0.000000
vt 0.331343 0.000000
vt 0.695522 0.000000
vt 0.614925 0.000000
vt 0.698507 0.000000
vt 0.534328 0.000000
vt 0.701493 0.000000
vt 0.611940 0.000000
vt 0.328358 0.000000
vt 0.704478 0.000000
vt 0.707463 0.000000
vt 0.608955 0.000000
vt 0.537313 0.000000
vt 0.325373 0.000000
vt 0.710448 0.000000
vt 0.605970 0.000000
vt 0.713433 0.000000
vt 0.540299 0.000000
vt 0.716418 0.000000
vt 0.322388 0.000000
vt 0.602985 0.000000
vt 0.719403 0.000000
vt 0.722388 0.000000
vt 0.543284 0.000000
vt 0.319403 0.000000
vt 0.600000 0.000000
vt 0.725373 0.000000
vt 0.728358 0.000000
vt 0.546269 0.000000
vt 0.316418 0.000000
vt 0.731343 0.000000
vt 0.597015 0.000000
vt 0.734328 0.000000
vt 0.549254 0.000000
vt 0.313433 0.000000
vt 0.737313 0.000000
vt 0.594030 0.000000
vt 0.740299 0.000000
vt 0.552239 0.000000
vt 0.310448 0.000000
vt 0.743284 0.000000
vt 0.591045 0.000000
vt 0.746269 0.000000
vt 0.555224 0.000000
vt 0.307463 0.000000
vt 0.749254 0.000000
vt 0.588060 0.000000
vt 0.752239 0.000000
vt 0.558209 0.000000
vt 0.304478 0.000000
vt 0.755224 0.000000
vt 0.585075 0.000000
vt 0.758209 0.000000
vt 0.301493 0.000000
vt 0.561194 0.000000
vt 0.761194 0.000000
vt 0.582090 0.000000
vt 0.764179 0.000000
vt 0.298507 0.000000
vt 0.564179 0.000000
vt 0.767164 0.000000
vt 0.579104 0.000000
vt 0.770149 0.000000
vt 0.295522 0.000000
vt 0.567164 0.000000
vt 0.773134 0.000000
vt 0.776119 0.000000
vt 0.292537 0.000000
vt 0.576119 0.000000
vt 0.570149 0.000000
vt 0.779104 0.000000
vt 0.289552 0.000000
vt 0.782090 0.000000
vt 0.573134 0.000000
vt 0.785075 0.000000
vt 0.286567 0.000000
vt 0.788060 0.000000
vt 0.002985 0.000000
vt 0.791045 0.000000
vt 0.283582 0.000000
vt 0.997015 0.000000
vt 0.005970 0.000000
vt 0.994030 0.000000
vt 0.794030 0.000000
vt 0.280597 0.000000
vt 0.008955 0.000000
vt 0.991045 0.000000
vt 0.988060 0.000000
vt 0.277612 0.000000
vt 0.011940 0.000000
vt 0.797015 0.000000
vt 0.985075 0.000000
vt 0.982090 0.000000
vt 0.274627 0.000000
vt 0.014925 0.000000
vt 0.979104 0.000000
vt 0.800000 0.000000
vt 0.976119 0.000000
vt 0.017910 0.000000
vt 0.271642 0.000000
vt 0.973134 0.000000
vt 0.802985 0.000000
vt 0.970149 0.000000
vt 0.020896 0.000000
vt 0.268657 0.000000
vt 0.967164 0.000000
vt 0.805970 0.000000
vt 0.964179 0.000000
vt 0.023881 0.000000
vt 0.265672 0.000000
vt 0.961194 0.000000
vt 0.808955 0.000000
vt 0.026866 0.000000
vt 0.958209 0.000000
vt 0.262687 0.000000
vt 0.955224 0.000000
vt 0.811940 0.000000
vt 0.029851 0.000000
vt 0.952239 0.000000
vt 0.259701 0.000000
vt 0.949254 0.000000
vt 0.814925 0.000000
vt 0.032836 0.000000
vt 0.946269 0.000000
vt 0.256716 0.000000
vt 0.943284 0.000000
vt 0.817910 0.000000
vt 0.035821 0.000000
vt 0.940298 0.000000
vt 0.253731 0.000000
vt 0.937313 0.000000
vt 0.820895 0.000000
vt 0.038806 0.000000
vt 0.934328 0.000000
vt 0.250746 0.000000
vt 0.931343 0.000000
vt 0.823881 0.000000
vt 0.928358 0.000000
vt 0.041791 0.000000
vt 0.925373 0.000000
vt 0.247761 0.000000
vt 0.826866 0.000000
vt 0.922388 0.000000
vt 0.044776 0.000000
vt 0.919403 0.000000
vt 0.244776 0.000000
vt 0.829851 0.000000
vt 0.916418 0.000000
vt 0.047761 0.000000
vt 0.913433 0.000000
vt 0.832836 0.000000
vt 0.910448 0.000000
vt 0.241791 0.000000
vt 0.907463 0.000000
vt 0.050746 0.000000
vt 0.835821 0.000000
vt 0.904478 0.000000
vt 0.901493 0.000000
vt 0.238806 0.000000
vt 0.838806 0.000000
vt 0.898507 0.000000
vt 0.053731 0.000000
vt 0.895522 0.000000
vt 0.841791 0.000000
vt 0.892537 0.000000
vt 0.235821 0.000000
vt 0.889552 0.000000
vt 0.844776 0.000000
vt 0.886567 0.000000
vt 0.056716 0.000000
vt 0.847761 0.000000
vt 0.883582 0.000000
vt 0.880597 0.000000
vt 0.850746 0.000000
vt 0.877612 0.000000
vt 0.232836 0.000000
vt 0.874627 0.000000
vt 0.853731 0.000000
vt 0.871642 0.000000
vt 0.868657 0.000000
vt 0.856716 0.000000
vt 0.059701 0.000000
vt 0.865672 0.000000
vt 0.862687 0.000000
vt 0.859702 0.000000
vt 0.229851 0.000000
vt 0.062687 0.000000
vt 0.226866 0.000000
vt 0.065672 0.000000
vt 0.223881 0.000000
vt 0.068657 0.000000
vt 0.220896 0.000000
vt 0.071642 0.000000
vt 0.217910 0.000000
vt 0.074627 0.000000
vt 0.214925 0.000000
vt 0.077612 0.000000
vt 0.211940 0.000000
vt 0.080597 0.000000
vt 0.208955 0.000000
vt 0.083582 0.000000
vt 0.205970 0.000000
vt 0.086567 0.000000
vt 0.202985 0.000000
vt 0.089552 0.000000
vt 0.200000 0.000000
vt 0.092537 0.000000
vt 0.197015 0.000000
vt 0.095522 0.000000
vt 0.194030 0.000000
vt 0.098507 0.000000
vt 0.191045 0.000000
vt 0.101493 0.000000
vt 0.188060 0.000000
vt 0.104478 0.000000
vt 0.185075 0.000000
vt 0.107463 0.000000
vt 0.182090 0.000000
vt 0.110448 0.000000
vt 0.179104 0.000000
vt 0.176119 0.000000
vt 0.113433 0.000000
vt 0.173134 0.000000
vt 0.116418 0.000000
vt 0.170149 0.000000
vt 0.119403 0.000000
vt 0.167164 0.000000
vt 0.122388 0.000000
vt 0.164179 0.000000
vt 0.125373 0.000000
vt 0.161194 0.000000
vt 0.128358 0.000000
vt 0.158209 0.000000
vt 0.131343 0.000000
vt 0.155224 0.000000
vt 0.134328 0.000000
vt 0.152239 0.000000
vt 0.137313 0.000000
vt 0.149254 0.000000
vt 0.140299 0.000000
vt 0.146269 0.000000
vt 0.143284 0.000000
vt 0.671141 0.000000
vt 0.677852 0.000000
vt 0.674497 0.000000
vt 0.912752 0.000000
vt 0.919463 0.000000
vt 0.916107 0.000000
vt 0.667785 0.000000
vt 0.909396 0.000000
vt 0.664430 0.000000
vt 0.906040 0.000000
vt 0.681208 0.000000
vt 0.922819 0.000000
vt 0.661074 0.000000
vt 0.902685 0.000000
vt 0.657718 0.000000
vt 0.899329 0.000000
vt 0.684564 0.000000
vt 0.654362 0.000000
vt 0.895973 0.000000
vt 0.926175 0.000000
vt 0.651007 0.000000
vt 0.892617 0.000000
vt 0.687919 0.000000
vt 0.647651 0.000000
vt 0.889262 0.000000
vt 0.644295 0.000000
vt 0.885906 0.000000
vt 0.929530 0.000000
vt 0.691275 0.000000
vt 0.640940 0.000000
vt 0.882550 0.000000
vt 0.637584 0.000000
vt 0.879195 0.000000
vt 0.634228 0.000000
vt 0.875839 0.000000
vt 0.694631 0.000000
vt 0.932886 0.000000
vt 0.630872 0.000000
vt 0.872483 0.000000
vt 0.627517 0.000000
vt 0.869128 0.000000
vt 0.697987 0.000000
vt 0.624161 0.000000
vt 0.865772 0.000000
vt 0.936242 0.000000
vt 0.620805 0.000000
vt 0.862416 0.000000
vt 0.701342 0.000000
vt 0.617450 0.000000
vt 0.859060 0.000000
vt 0.614094 0.000000
vt 0.855705 0.000000
vt 0.939597 0.000000
vt 0.704698 0.000000
vt 0.503356 0.000000
vt 0.510067 0.000000
vt 0.506711 0.000000
vt 0.513423 0.000000
vt 0.610738 0.000000
vt 0.852349 0.000000
vt 0.607383 0.000000
vt 0.848993 0.000000
vt 0.708054 0.000000
vt 0.604027 0.000000
vt 0.845638 0.000000
vt 0.942953 0.000000
vt 0.600671 0.000000
vt 0.842282 0.000000
vt 0.711409 0.000000
vt 0.597315 0.000000
vt 0.838926 0.000000
vt 0.946309 0.000000
vt 0.593960 0.000000
vt 0.835570 0.000000
vt 0.714765 0.000000
vt 0.590604 0.000000
vt 0.832215 0.000000
vt 0.587248 0.000000
vt 0.828859 0.000000
vt 0.949664 0.000000
vt 0.718121 0.000000
vt 0.583893 0.000000
vt 0.825503 0.000000
vt 0.580537 0.000000
vt 0.822148 0.000000
vt 0.721476 0.000000
vt 0.577181 0.000000
vt 0.818792 0.000000
vt 0.953020 0.000000
vt 0.573825 0.000000
vt 0.815436 0.000000
vt 0.724832 0.000000
vt 0.570470 0.000000
vt 0.812081 0.000000
vt 0.956376 0.000000
vt 0.567114 0.000000
vt 0.808725 0.000000
vt 0.728188 0.000000
vt 0.563758 0.000000
vt 0.805369 0.000000
vt 0.560403 0.000000
vt 0.802013 0.000000
vt 0.959732 0.000000
vt 0.731544 0.000000
vt 0.557047 0.000000
vt 0.798658 0.000000
vt 0.553691 0.000000
vt 0.795302 0.000000
vt 0.734899 0.000000
vt 0.963087 0.000000
vt 0.550336 0.000000
vt 0.791946 0.000000
vt 0.546980 0.000000
vt 0.788591 0.000000
vt 0.738255 0.000000
vt 0.543624 0.000000
vt 0.785235 0.000000
vt 0.966443 0.000000
vt 0.540268 0.000000
vt 0.781879 0.000000
vt 0.741611 0.000000
vt 0.536913 0.000000
vt 0.778524 0.000000
vt 0.744966 0.000000
vt 0.533557 0.000000
vt 0.775168 0.000000
vt 0.969799 0.000000
vt 0.530201 0.000000
vt 0.771812 0.000000
vt 0.748322 0.000000
vt 0.526846 0.000000
vt 0.768456 0.000000
vt 0.973154 0.000000
vt 0.523490 0.000000
vt 0.765101 0.000000
vt 0.751678 0.000000
vt 0.520134 0.000000
vt 0.761745 0.000000
vt 0.516779 0.000000
vt 0.758389 0.000000
vt 0.976510 0.000000
vt 0.755034 0.000000
vt 0.496644 0.000000
vt 0.493289 0.000000
vt 0.489933 0.000000
vt 0.486577 0.000000
vt 0.483221 0.000000
vt 0.479866 0.000000
vt 0.476510 0.000000
vt 0.473154 0.000000
vt 0.469799 0.000000
vt 0.466443 0.000000
vt 0.463087 0.000000
vt 0.459732 0.000000
vt 0.456376 0.000000
vt 0.453020 0.000000
vt 0.449664 0.000000
vt 0.446309 0.000000
vt 0.442953 0.000000
vt 0.439597 0.000000
vt 0.436242 0.000000
vt 0.432886 0.000000
vt 0.429530 0.000000
vt 0.426174 0.000000
vt 0.422819 0.000000
vt 0.419463 0.000000
vt 0.416107 0.000000
vt 0.164430 0.000000
vt 0.979866 0.000000
vt 0.412752 0.000000
vt 0.167785 0.000000
vt 0.161074 0.000000
vt 0.409396 0.000000
vt 0.157718 0.000000
vt 0.406040 0.000000
vt 0.154362 0.000000
vt 0.171141 0.000000
vt 0.402685 0.000000
vt 0.151007 0.000000
vt 0.399329 0.000000
vt 0.147651 0.000000
vt 0.174497 0.000000
vt 0.983221 0.000000
vt 0.395973 0.000000
vt 0.144295 0.000000
vt 0.392617 0.000000
vt 0.140940 0.000000
vt 0.177852 0.000000
vt 0.389262 0.000000
vt 0.137584 0.000000
vt 0.385906 0.000000
vt 0.134228 0.000000
vt 0.181208 0.000000
vt 0.382550 0.000000
vt 0.130872 0.000000
vt 0.379195 0.000000
vt 0.127517 0.000000
vt 0.184564 0.000000
vt 0.375839 0.000000
vt 0.124161 0.000000
vt 0.372483 0.000000
vt 0.120805 0.000000
vt 0.187919 0.000000
vt 0.369128 0.000000
vt 0.117450 0.000000
vt 0.365772 0.000000
vt 0.114094 0.000000
vt 0.191275 0.000000
vt 0.362416 0.000000
vt 0.110738 0.000000
vt 0.359060 0.000000
vt 0.107383 0.000000
vt 0.194631 0.000000
vt 0.355705 0.000000
vt 0.104027 0.000000
vt 0.352349 0.000000
vt 0.100671 0.000000
vt 0.986577 0.000000
vt 0.197987 0.000000
vt 0.348993 0.000000
vt 0.097315 0.000000
vt 0.345638 0.000000
vt 0.093960 0.000000
vt 0.342282 0.000000
vt 0.090604 0.000000
vt 0.201342 0.000000
vt 0.338926 0.000000
vt 0.087248 0.000000
vt 0.335570 0.000000
vt 0.083893 0.000000
vt 0.204698 0.000000
vt 0.332215 0.000000
vt 0.080537 0.000000
vt 0.328859 0.000000
vt 0.077181 0.000000
vt 0.208054 0.000000
vt 0.989933 0.000000
vt 0.325503 0.000000
vt 0.073826 0.000000
vt 0.322148 0.000000
vt 0.070470 0.000000
vt 0.211409 0.000000
vt 0.318792 0.000000
vt 0.067114 0.000000
vt 0.315436 0.000000
vt 0.063758 0.000000
vt 0.214765 0.000000
vt 0.312081 0.000000
vt 0.060403 0.000000
vt 0.308725 0.000000
vt 0.057047 0.000000
vt 0.993289 0.000000
vt 0.218121 0.000000
vt 0.305369 0.000000
vt 0.053691 0.000000
vt 0.302013 0.000000
vt 0.050336 0.000000
vt 0.298658 0.000000
vt 0.046980 0.000000
vt 0.221477 0.000000
vt 0.295302 0.000000
vt 0.043624 0.000000
vt 0.291946 0.000000
vt 0.040268 0.000000
vt 0.224832 0.000000
vt 0.996644 0.000000
vt 0.288591 0.000000
vt 0.036913 0.000000
vt 0.285235 0.000000
vt 0.033557 0.000000
vt 0.228188 0.000000
vt 0.281879 0.000000
vt 0.030201 0.000000
vt 0.278524 0.000000
vt 0.026846 0.000000
vt 0.275168 0.000000
vt 0.023490 0.000000
vt 0.231544 0.000000
vt 0.271812 0.000000
vt 0.020134 0.000000
vt 0.268456 0.000000
vt 0.016779 0.000000
vt 0.234899 0.000000
vt 0.265101 0.000000
vt 0.013423 0.000000
vt 0.261745 0.000000
vt 0.010067 0.000000
vt 0.238255 0.000000
vt 0.258389 0.000000
vt 0.006711 0.000000
vt 0.255034 0.000000
vt 0.003356 0.000000
vt 0.251678 0.000000
vt 0.244966 0.000000
vt 0.241611 0.000000
vt 0.500000 0.000000
vt 0.248322 0.000000
vt 0.960227 0.000000
vt 0.971591 0.000000
vt 0.965909 0.000000
vt 0.977273 0.000000
vt 0.988636 0.000000
vt 0.994318 0.000000
vt 0.982955 0.000000
vt 0.005682 0.000000
vt 0.011364 0.000000
vt 0.017045 0.000000
vt 0.022727 0.000000
vt 0.028409 0.000000
vt 0.034091 0.000000
vt 0.954545 0.000000
vt 0.948864 0.000000
vt 0.039773 0.000000
vt 0.943182 0.000000
vt 0.937500 0.000000
vt 0.931818 0.000000
vt 0.045455 0.000000
vt 0.926136 0.000000
vt 0.920455 0.000000
vt 0.051136 0.000000
vt 0.914773 0.000000
vt 0.909091 0.000000
vt 0.903409 0.000000
vt 0.056818 0.000000
vt 0.897727 0.000000
vt 0.892045 0.000000
vt 0.062500 0.000000
vt 0.886364 0.000000
vt 0.880682 0.000000
vt 0.875000 0.000000
vt 0.068182 0.000000
vt 0.869318 0.000000
vt 0.863636 0.000000
vt 0.857955 0.000000
vt 0.073864 0.000000
vt 0.852273 0.000000
vt 0.846591 0.000000
vt 0.840909 0.000000
vt 0.079545 0.000000
vt 0.835227 0.000000
vt 0.829545 0.000000
vt 0.823864 0.000000
vt 0.085227 0.000000
vt 0.818182 0.000000
vt 0.812500 0.000000
vt 0.806818 0.000000
vt 0.801136 0.000000
vt 0.090909 0.000000
vt 0.795455 0.000000
vt 0.789773 0.000000
vt 0.784091 0.000000
vt 0.096591 0.000000
vt 0.778409 0.000000
vt 0.772727 0.000000
vt 0.767045 0.000000
vt 0.761364 0.000000
vt 0.755682 0.000000
vt 0.102273 0.000000
vt 0.750000 0.000000
vt 0.744318 0.000000
vt 0.409091 0.000000
vt 0.420455 0.000000
vt 0.414773 0.000000
vt 0.426136 0.000000
vt 0.431818 0.000000
vt 0.738636 0.000000
vt 0.437500 0.000000
vt 0.443182 0.000000
vt 0.448864 0.000000
vt 0.454545 0.000000
vt 0.460227 0.000000
vt 0.465909 0.000000
vt 0.732955 0.000000
vt 0.471591 0.000000
vt 0.477273 0.000000
vt 0.482955 0.000000
vt 0.488636 0.000000
vt 0.727273 0.000000
vt 0.494318 0.000000
vt 0.505682 0.000000
vt 0.511364 0.000000
vt 0.517045 0.000000
vt 0.721591 0.000000
vt 0.522727 0.000000
vt 0.528409 0.000000
vt 0.534091 0.000000
vt 0.539773 0.000000
vt 0.545455 0.000000
vt 0.715909 0.000000
vt 0.551136 0.000000
vt 0.556818 0.000000
vt 0.562500 0.000000
vt 0.107955 0.000000
vt 0.568182 0.000000
vt 0.573864 0.000000
vt 0.710227 0.000000
vt 0.579545 0.000000
vt 0.585227 0.000000
vt 0.590909 0.000000
vt 0.596591 0.000000
vt 0.704545 0.000000
vt 0.602273 0.000000
vt 0.607955 0.000000
vt 0.613636 0.000000
vt 0.619318 0.000000
vt 0.625000 0.000000
vt 0.698864 0.000000
vt 0.630682 0.000000
vt 0.636364 0.000000
vt 0.642045 0.000000
vt 0.693182 0.000000
vt 0.647727 0.000000
vt 0.653409 0.000000
vt 0.659091 0.000000
vt 0.664773 0.000000
vt 0.687500 0.000000
vt 0.670455 0.000000
vt 0.676136 0.000000
vt 0.681818 0.000000
vt 0.113636 0.000000
vt 0.119318 0.000000
vt 0.125000 0.000000
vt 0.130682 0.000000
vt 0.136364 0.000000
vt 0.142045 0.000000
vt 0.147727 0.000000
vt 0.153409 0.000000
vt 0.159091 0.000000
vt 0.164773 0.000000
vt 0.170455 0.000000
vt 0.176136 0.000000
vt 0.181818 0.000000
vt 0.187500 0.000000
vt 0.193182 0.000000
vt 0.198864 0.000000
vt 0.204545 0.000000
vt 0.210227 0.000000
vt 0.215909 0.000000
vt 0.221591 0.000000
vt 0.227273 0.000000
vt 0.232955 0.000000
vt 0.238636 0.000000
vt 0.403409 0.000000
vt 0.397727 0.000000
vt 0.392045 0.000000
vt 0.244318 0.000000
vt 0.386364 0.000000
vt 0.380682 0.000000
vt 0.375000 0.000000
vt 0.250000 0.000000
vt 0.369318 0.000000
vt 0.363636 0.000000
vt 0.357955 0.000000
vt 0.352273 0.000000
vt 0.255682 0.000000
vt 0.346591 0.000000
vt 0.340909 0.000000
vt 0.335227 0.000000
vt 0.329545 0.000000
vt 0.261364 0.000000
vt 0.323864 0.000000
vt 0.318182 0.000000
vt 0.312500 0.000000
vt 0.267045 0.000000
vt 0.306818 0.000000
vt 0.301136 0.000000
vt 0.295455 0.000000
vt 0.289773 0.000000
vt 0.272727 0.000000
vt 0.284091 0.000000
vt 0.278409 0.000000
vt 0.621483 0.000000
vt 0.626598 0.000000
vt 0.624041 0.000000
vt 0.618926 0.000000
vt 0.629156 0.000000
vt 0.616368 0.000000
vt 0.631714 0.000000
vt 0.613811 0.000000
vt 0.634271 0.000000
vt 0.611253 0.000000
vt 0.636829 0.000000
vt 0.608696 0.000000
vt 0.639386 0.000000
vt 0.606138 0.000000
vt 0.641944 0.000000
vt 0.603581 0.000000
vt 0.644501 0.000000
vt 0.601023 0.000000
vt 0.647059 0.000000
vt 0.598466 0.000000
vt 0.649616 0.000000
vt 0.595908 0.000000
vt 0.652174 0.000000
vt 0.593350 0.000000
vt 0.654731 0.000000
vt 0.590793 0.000000
vt 0.657289 0.000000
vt 0.588235 0.000000
vt 0.659847 0.000000
vt 0.585678 0.000000
vt 0.583120 0.000000
vt 0.662404 0.000000
vt 0.580563 0.000000
vt 0.664962 0.000000
vt 0.578005 0.000000
vt 0.667519 0.000000
vt 0.575448 0.000000
vt 0.670077 0.000000
vt 0.572890 0.000000
vt 0.672634 0.000000
vt 0.570332 0.000000
vt 0.567775 0.000000
vt 0.675192 0.000000
vt 0.565217 0.000000
vt 0.677749 0.000000
vt 0.562660 0.000000
vt 0.680307 0.000000
vt 0.560102 0.000000
vt 0.557545 0.000000
vt 0.554987 0.000000
vt 0.552430 0.000000
vt 0.549872 0.000000
vt 0.547315 0.000000
vt 0.544757 0.000000
vt 0.542199 0.000000
vt 0.539642 0.000000
vt 0.537084 0.000000
vt 0.534527 0.000000
vt 0.531969 0.000000
vt 0.682864 0.000000
vt 0.529412 0.000000
vt 0.685422 0.000000
vt 0.526854 0.000000
vt 0.687980 0.000000
vt 0.524297 0.000000
vt 0.690537 0.000000
vt 0.521739 0.000000
vt 0.693095 0.000000
vt 0.519182 0.000000
vt 0.695652 0.000000
vt 0.516624 0.000000
vt 0.698210 0.000000
vt 0.514067 0.000000
vt 0.700767 0.000000
vt 0.511509 0.000000
vt 0.703325 0.000000
vt 0.508951 0.000000
vt 0.705882 0.000000
vt 0.506394 0.000000
vt 0.708440 0.000000
vt 0.503836 0.000000
vt 0.501279 0.000000
vt 0.710997 0.000000
vt 0.498721 0.000000
vt 0.713555 0.000000
vt 0.496164 0.000000
vt 0.716113 0.000000
vt 0.493606 0.000000
vt 0.491049 0.000000
vt 0.488491 0.000000
vt 0.485934 0.000000
vt 0.483376 0.000000
vt 0.480818 0.000000
vt 0.478261 0.000000
vt 0.475703 0.000000
vt 0.473146 0.000000
vt 0.470588 0.000000
vt 0.718670 0.000000
vt 0.468031 0.000000
vt 0.465473 0.000000
vt 0.462916 0.000000
vt 0.460358 0.000000
vt 0.457801 0.000000
vt 0.721228 0.000000
vt 0.455243 0.000000
vt 0.452685 0.000000
vt 0.450128 0.000000
vt 0.447570 0.000000
vt 0.723785 0.000000
vt 0.445013 0.000000
vt 0.442455 0.000000
vt 0.439898 0.000000
vt 0.437340 0.000000
vt 0.726343 0.000000
vt 0.434783 0.000000
vt 0.432225 0.000000
vt 0.429668 0.000000
vt 0.728900 0.000000
vt 0.427110 0.000000
vt 0.424552 0.000000
vt 0.421995 0.000000
vt 0.731458 0.000000
vt 0.419437 0.000000
vt 0.416880 0.000000
vt 0.734015 0.000000
vt 0.414322 0.000000
vt 0.411765 0.000000
vt 0.409207 0.000000
vt 0.736573 0.000000
vt 0.406650 0.000000
vt 0.404092 0.000000
vt 0.401535 0.000000
vt 0.739130 0.000000
vt 0.398977 0.000000
vt 0.396419 0.000000
vt 0.741688 0.000000
vt 0.393862 0.000000
vt 0.391304 0.000000
vt 0.744246 0.000000
vt 0.388747 0.000000
vt 0.386189 0.000000
vt 0.383632 0.000000
vt 0.746803 0.000000
vt 0.381074 0.000000
vt 0.378517 0.000000
vt 0.749361 0.000000
vt 0.375959 0.000000
vt 0.373402 0.000000
vt 0.368286 0.000000
vt 0.370844 0.000000
vt 0.751918 0.000000
vt 0.365729 0.000000
vt 0.363171 0.000000
vt 0.360614 0.000000
vt 0.358056 0.000000
vt 0.355499 0.000000
vt 0.352941 0.000000
vt 0.350384 0.000000
vt 0.347826 0.000000
vt 0.345269 0.000000
vt 0.342711 0.000000
vt 0.340153 0.000000
vt 0.337596 0.000000
vt 0.335038 0.000000
vt 0.332481 0.000000
vt 0.329923 0.000000
vt 0.327366 0.000000
vt 0.324808 0.000000
vt 0.322251 0.000000
vt 0.319693 0.000000
vt 0.317136 0.000000
vt 0.314578 0.000000
vt 0.312020 0.000000
vt 0.309463 0.000000
vt 0.306905 0.000000
vt 0.304348 0.000000
vt 0.301790 0.000000
vt 0.299233 0.000000
vt 0.296675 0.000000
vt 0.294118 0.000000
vt 0.291560 0.000000
vt 0.289003 0.000000
vt 0.286445 0.000000
vt 0.283887 0.000000
vt 0.757033 0.000000
vt 0.754476 0.000000
vt 0.759591 0.000000
vt 0.762148 0.000000
vt 0.764706 0.000000
vt 0.767263 0.000000
vt 0.769821 0.000000
vt 0.772379 0.000000
vt 0.774936 0.000000
vt 0.281330 0.000000
vt 0.777494 0.000000
vt 0.780051 0.000000
vt 0.782609 0.000000
vt 0.785166 0.000000
vt 0.787724 0.000000
vt 0.790281 0.000000
vt 0.278772 0.000000
vt 0.792839 0.000000
vt 0.795396 0.000000
vt 0.797954 0.000000
vt 0.800511 0.000000
vt 0.276215 0.000000
vt 0.803069 0.000000
vt 0.805627 0.000000
vt 0.808184 0.000000
vt 0.810742 0.000000
vt 0.273657 0.000000
vt 0.813299 0.000000
vt 0.815857 0.000000
vt 0.818414 0.000000
vt 0.271100 0.000000
vt 0.820972 0.000000
vt 0.823529 0.000000
vt 0.826087 0.000000
vt 0.268542 0.000000
vt 0.828645 0.000000
vt 0.831202 0.000000
vt 0.265985 0.000000
vt 0.833760 0.000000
vt 0.836317 0.000000
vt 0.838875 0.000000
vt 0.263427 0.000000
vt 0.841432 0.000000
vt 0.843990 0.000000
vt 0.260870 0.000000
vt 0.846547 0.000000
vt 0.849105 0.000000
vt 0.851662 0.000000
vt 0.258312 0.000000
vt 0.854220 0.000000
vt 0.856777 0.000000
vt 0.255754 0.000000
vt 0.859335 0.000000
vt 0.861893 0.000000
vt 0.864450 0.000000
vt 0.253197 0.000000
vt 0.867008 0.000000
vt 0.869565 0.000000
vt 0.250639 0.000000
vt 0.997442 0.000000
vt 0.872123 0.000000
vt 0.874680 0.000000
vt 0.248082 0.000000
vt 0.877238 0.000000
vt 0.994885 0.000000
vt 0.879795 0.000000
vt 0.245524 0.000000
vt 0.992327 0.000000
vt 0.882353 0.000000
vt 0.989770 0.000000
vt 0.242967 0.000000
vt 0.884910 0.000000
vt 0.987212 0.000000
vt 0.240409 0.000000
vt 0.887468 0.000000
vt 0.984655 0.000000
vt 0.890026 0.000000
vt 0.237852 0.000000
vt 0.982097 0.000000
vt 0.892583 0.000000
vt 0.235294 0.000000
vt 0.979540 0.000000
vt 0.895141 0.000000
vt 0.976982 0.000000
vt 0.232737 0.000000
vt 0.897698 0.000000
vt 0.974425 0.000000
vt 0.900256 0.000000
vt 0.230179 0.000000
vt 0.902813 0.000000
vt 0.971867 0.000000
vt 0.002558 0.000000
vt 0.905371 0.000000
vt 0.227621 0.000000
vt 0.969309 0.000000
vt 0.907928 0.000000
vt 0.966752 0.000000
vt 0.225064 0.000000
vt 0.910486 0.000000
vt 0.964194 0.000000
vt 0.913043 0.000000
vt 0.961637 0.000000
vt 0.222506 0.000000
vt 0.915601 0.000000
vt 0.959079 0.000000
vt 0.918159 0.000000
vt 0.956522 0.000000
vt 0.920716 0.000000
vt 0.219949 0.000000
vt 0.953964 0.000000
vt 0.923274 0.000000
vt 0.951407 0.000000
vt 0.925831 0.000000
vt 0.948849 0.000000
vt 0.928389 0.000000
vt 0.946292 0.000000
vt 0.930946 0.000000
vt 0.217391 0.000000
vt 0.943734 0.000000
vt 0.933504 0.000000
vt 0.941176 0.000000
vt 0.936061 0.000000
vt 0.938619 0.000000
vt 0.214834 0.000000
vt 0.212276 0.000000
vt 0.209719 0.000000
vt 0.207161 0.000000
vt 0.005115 0.000000
vt 0.007673 0.000000
vt 0.204604 0.000000
vt 0.010230 0.000000
vt 0.202046 0.000000
vt 0.012788 0.000000
vt 0.015345 0.000000
vt 0.199488 0.000000
vt 0.017903 0.000000
vt 0.196931 0.000000
vt 0.020460 0.000000
vt 0.023018 0.000000
vt 0.194373 0.000000
vt 0.025575 0.000000
vt 0.191816 0.000000
vt 0.028133 0.000000
vt 0.030691 0.000000
vt 0.189258 0.000000
vt 0.033248 0.000000
vt 0.186701 0.000000
vt 0.035806 0.000000
vt 0.038363 0.000000
vt 0.184143 0.000000
vt 0.040921 0.000000
vt 0.181586 0.000000
vt 0.043478 0.000000
vt 0.046036 0.000000
vt 0.179028 0.000000
vt 0.048593 0.000000
vt 0.176471 0.000000
vt 0.051151 0.000000
vt 0.053708 0.000000
vt 0.173913 0.000000
vt 0.056266 0.000000
vt 0.171356 0.000000
vt 0.058824 0.000000
vt 0.061381 0.000000
vt 0.168798 0.000000
vt 0.063939 0.000000
vt 0.166240 0.000000
vt 0.066496 0.000000
vt 0.069054 0.000000
vt 0.163683 0.000000
vt 0.071611 0.000000
vt 0.161125 0.000000
vt 0.074169 0.000000
vt 0.158568 0.000000
vt 0.076726 0.000000
vt 0.079284 0.000000
vt 0.156010 0.000000
vt 0.081841 0.000000
vt 0.153453 0.000000
vt 0.084399 0.000000
vt 0.086957 0.000000
vt 0.150895 0.000000
vt 0.089514 0.000000
vt 0.148338 0.000000
vt 0.092072 0.000000
vt 0.094629 0.000000
vt 0.145780 0.000000
vt 0.097187 0.000000
vt 0.143223 0.000000
vt 0.099744 0.000000
vt 0.102302 0.000000
vt 0.140665 0.000000
vt 0.104859 0.000000
vt 0.138107 0.000000
vt 0.107417 0.000000
vt 0.135550 0.000000
vt 0.109974 0.000000
vt 0.112532 0.000000
vt 0.132992 0.000000
vt 0.115090 0.000000
vt 0.130435 0.000000
vt 0.117647 0.000000
vt 0.120205 0.000000
vt 0.127877 0.000000
vt 0.122762 0.000000
vt 0.125320 0.000000
vt 0.716763 0.000000
vt 0.728324 0.000000
vt 0.722543 0.000000
vt 0.710983 0.000000
vt 0.734104 0.000000
vt 0.705202 0.000000
vt 0.739884 0.000000
vt 0.699422 0.000000
vt 0.693642 0.000000
vt 0.745665 0.000000
vt 0.687861 0.000000
vt 0.751445 0.000000
vt 0.682081 0.000000
vt 0.676301 0.000000
vt 0.757225 0.000000
vt 0.670520 0.000000
vt 0.763006 0.000000
vt 0.664740 0.000000
vt 0.658960 0.000000
vt 0.768786 0.000000
vt 0.653179 0.000000
vt 0.774566 0.000000
vt 0.647399 0.000000
vt 0.641618 0.000000
vt 0.780347 0.000000
vt 0.635838 0.000000
vt 0.786127 0.000000
vt 0.630058 0.000000
vt 0.624277 0.000000
vt 0.427746 0.000000
vt 0.439306 0.000000
vt 0.433526 0.000000
vt 0.445087 0.000000
vt 0.791907 0.000000
vt 0.618497 0.000000
vt 0.797688 0.000000
vt 0.612717 0.000000
vt 0.606936 0.000000
vt 0.803468 0.000000
vt 0.601156 0.000000
vt 0.595376 0.000000
vt 0.809249 0.000000
vt 0.589595 0.000000
vt 0.815029 0.000000
vt 0.583815 0.000000
vt 0.578035 0.000000
vt 0.820809 0.000000
vt 0.572254 0.000000
vt 0.826590 0.000000
vt 0.566474 0.000000
vt 0.560694 0.000000
vt 0.832370 0.000000
vt 0.554913 0.000000
vt 0.838150 0.000000
vt 0.549133 0.000000
vt 0.543353 0.000000
vt 0.843931 0.000000
vt 0.537572 0.000000
vt 0.531792 0.000000
vt 0.849711 0.000000
vt 0.526012 0.000000
vt 0.855491 0.000000
vt 0.520231 0.000000
vt 0.514451 0.000000
vt 0.861272 0.000000
vt 0.508671 0.000000
vt 0.867052 0.000000
vt 0.502890 0.000000
vt 0.497110 0.000000
vt 0.872832 0.000000
vt 0.491329 0.000000
vt 0.485549 0.000000
vt 0.878613 0.000000
vt 0.479769 0.000000
vt 0.884393 0.000000
vt 0.473988 0.000000
vt 0.468208 0.000000
vt 0.890173 0.000000
vt 0.462428 0.000000
vt 0.456647 0.000000
vt 0.895954 0.000000
vt 0.450867 0.000000
vt 0.901734 0.000000
vt 0.416185 0.000000
vt 0.410405 0.000000
vt 0.404624 0.000000
vt 0.398844 0.000000
vt 0.393064 0.000000
vt 0.387283 0.000000
vt 0.381503 0.000000
vt 0.375723 0.000000
vt 0.369942 0.000000
vt 0.364162 0.000000
vt 0.358382 0.000000
vt 0.352601 0.000000
vt 0.346821 0.000000
vt 0.341040 0.000000
vt 0.335260 0.000000
vt 0.329480 0.000000
vt 0.323699 0.000000
vt 0.317919 0.000000
vt 0.312139 0.000000
vt 0.306358 0.000000
vt 0.300578 0.000000
vt 0.294798 0.000000
vt 0.289017 0.000000
vt 0.283237 0.000000
vt 0.907514 0.000000
vt 0.277457 0.000000
vt 0.913295 0.000000
vt 0.271676 0.000000
vt 0.919075 0.000000
vt 0.265896 0.000000
vt 0.260116 0.000000
vt 0.254335 0.000000
vt 0.248555 0.000000
vt 0.242775 0.000000
vt 0.236994 0.000000
vt 0.231214 0.000000
vt 0.225434 0.000000
vt 0.924855 0.000000
vt 0.219653 0.000000
vt 0.213873 0.000000
vt 0.208092 0.000000
vt 0.202312 0.000000
vt 0.196532 0.000000
vt 0.190751 0.000000
vt 0.930636 0.000000
vt 0.184971 0.000000
vt 0.179191 0.000000
vt 0.173410 0.000000
vt 0.167630 0.000000
vt 0.161850 0.000000
vt 0.936416 0.000000
vt 0.156069 0.000000
vt 0.150289 0.000000
vt 0.144509 0.000000
vt 0.942197 0.000000
vt 0.138728 0.000000
vt 0.132948 0.000000
vt 0.127168 0.000000
vt 0.947977 0.000000
vt 0.121387 0.000000
vt 0.115607 0.000000
vt 0.109827 0.000000
vt 0.953757 0.000000
vt 0.104046 0.000000
vt 0.098266 0.000000
vt 0.092486 0.000000
vt 0.959538 0.000000
vt 0.086705 0.000000
vt 0.080925 0.000000
vt 0.965318 0.000000
vt 0.075145 0.000000
vt 0.069364 0.000000
vt 0.063584 0.000000
vt 0.971098 0.000000
vt 0.057803 0.000000
vt 0.052023 0.000000
vt 0.976879 0.000000
vt 0.046243 0.000000
vt 0.040462 0.000000
vt 0.982659 0.000000
vt 0.034682 0.000000
vt 0.028902 0.000000
vt 0.988439 0.000000
vt 0.023121 0.000000
vt 0.017341 0.000000
vt 0.994220 0.000000
vt 0.011561 0.000000
vt 0.421965 0.000000
vt 0.005780 0.000000
vt 0.665746 0.000000
vt 0.671271 0.000000
vt 0.668508 0.000000
vt 0.674033 0.000000
vt 0.662983 0.000000
vt 0.676796 0.000000
vt 0.660221 0.000000
vt 0.679558 0.000000
vt 0.657459 0.000000
vt 0.682320 0.000000
vt 0.654696 0.000000
vt 0.685083 0.000000
vt 0.651934 0.000000
vt 0.687845 0.000000
vt 0.649171 0.000000
vt 0.690608 0.000000
vt 0.646409 0.000000
vt 0.693370 0.000000
vt 0.643646 0.000000
vt 0.696133 0.000000
vt 0.640884 0.000000
vt 0.698895 0.000000
vt 0.638122 0.000000
vt 0.701657 0.000000
vt 0.635359 0.000000
vt 0.704420 0.000000
vt 0.707182 0.000000
vt 0.632597 0.000000
vt 0.709945 0.000000
vt 0.629834 0.000000
vt 0.712707 0.000000
vt 0.627072 0.000000
vt 0.715470 0.000000
vt 0.624309 0.000000
vt 0.718232 0.000000
vt 0.621547 0.000000
vt 0.720994 0.000000
vt 0.618785 0.000000
vt 0.723757 0.000000
vt 0.616022 0.000000
vt 0.726519 0.000000
vt 0.613260 0.000000
vt 0.729282 0.000000
vt 0.610497 0.000000
vt 0.732044 0.000000
vt 0.734807 0.000000
vt 0.607735 0.000000
vt 0.737569 0.000000
vt 0.604972 0.000000
vt 0.740331 0.000000
vt 0.602210 0.000000
vt 0.743094 0.000000
vt 0.599447 0.000000
vt 0.745856 0.000000
vt 0.596685 0.000000
vt 0.748619 0.000000
vt 0.593923 0.000000
vt 0.933702 0.000000
vt 0.930939 0.000000
vt 0.751381 0.000000
vt 0.936464 0.000000
vt 0.928177 0.000000
vt 0.925414 0.000000
vt 0.939227 0.000000
vt 0.922652 0.000000
vt 0.919890 0.000000
vt 0.941989 0.000000
vt 0.917127 0.000000
vt 0.914365 0.000000
vt 0.944751 0.000000
vt 0.911602 0.000000
vt 0.908840 0.000000
vt 0.947514 0.000000
vt 0.591160 0.000000
vt 0.906077 0.000000
vt 0.903315 0.000000
vt 0.950276 0.000000
vt 0.754144 0.000000
vt 0.900553 0.000000
vt 0.897790 0.000000
vt 0.953039 0.000000
vt 0.895028 0.000000
vt 0.892265 0.000000
vt 0.955801 0.000000
vt 0.588398 0.000000
vt 0.889503 0.000000
vt 0.756906 0.000000
vt 0.886740 0.000000
vt 0.958564 0.000000
vt 0.883978 0.000000
vt 0.881215 0.000000
vt 0.961326 0.000000
vt 0.585635 0.000000
vt 0.759669 0.000000
vt 0.878453 0.000000
vt 0.875691 0.000000
vt 0.964088 0.000000
vt 0.872928 0.000000
vt 0.870166 0.000000
vt 0.762431 0.000000
vt 0.582873 0.000000
vt 0.966851 0.000000
vt 0.867403 0.000000
vt 0.864641 0.000000
vt 0.765193 0.000000
vt 0.969613 0.000000
vt 0.861878 0.000000
vt 0.580110 0.000000
vt 0.859116 0.000000
vt 0.972376 0.000000
vt 0.856354 0.000000
vt 0.767956 0.000000
vt 0.853591 0.000000
vt 0.577348 0.000000
vt 0.975138 0.000000
vt 0.850829 0.000000
vt 0.770718 0.000000
vt 0.848066 0.000000
vt 0.574586 0.000000
vt 0.977901 0.000000
vt 0.845304 0.000000
vt 0.773481 0.000000
vt 0.842541 0.000000
vt 0.980663 0.000000
vt 0.839779 0.000000
vt 0.571823 0.000000
vt 0.837017 0.000000
vt 0.776243 0.000000
vt 0.983425 0.000000
vt 0.834254 0.000000
vt 0.569061 0.000000
vt 0.831492 0.000000
vt 0.779006 0.000000
vt 0.986188 0.000000
vt 0.828729 0.000000
vt 0.566298 0.000000
vt 0.781768 0.000000
vt 0.825967 0.000000
vt 0.988950 0.000000
vt 0.823204 0.000000
vt 0.784530 0.000000
vt 0.563536 0.000000
vt 0.820442 0.000000
vt 0.991713 0.000000
vt 0.817680 0.000000
vt 0.787293 0.000000
vt 0.560773 0.000000
vt 0.814917 0.000000
vt 0.994475 0.000000
vt 0.812155 0.000000
vt 0.790055 0.000000
vt 0.558011 0.000000
vt 0.809392 0.000000
vt 0.997238 0.000000
vt 0.792818 0.000000
vt 0.806630 0.000000
vt 0.555249 0.000000
vt 0.803867 0.000000
vt 0.795580 0.000000
vt 0.801105 0.000000
vt 0.552486 0.000000
vt 0.798343 0.000000
vt 0.549724 0.000000
vt 0.546961 0.000000
vt 0.002762 0.000000
vt 0.005525 0.000000
vt 0.008287 0.000000
vt 0.011050 0.000000
vt 0.013812 0.000000
vt 0.544199 0.000000
vt 0.016575 0.000000
vt 0.019337 0.000000
vt 0.022099 0.000000
vt 0.541436 0.000000
vt 0.024862 0.000000
vt 0.027624 0.000000
vt 0.030387 0.000000
vt 0.538674 0.000000
vt 0.033149 0.000000
vt 0.035912 0.000000
vt 0.038674 0.000000
vt 0.041436 0.000000
vt 0.535912 0.000000
vt 0.044199 0.000000
vt 0.046961 0.000000
vt 0.049724 0.000000
vt 0.533149 0.000000
vt 0.052486 0.000000
vt 0.055249 0.000000
vt 0.058011 0.000000
vt 0.530387 0.000000
vt 0.060773 0.000000
vt 0.063536 0.000000
vt 0.066298 0.000000
vt 0.527624 0.000000
vt 0.069061 0.000000
vt 0.071823 0.000000
vt 0.074586 0.000000
vt 0.524862 0.000000
vt 0.077348 0.000000
vt 0.080110 0.000000
vt 0.522099 0.000000
vt 0.082873 0.000000
vt 0.085635 0.000000
vt 0.519337 0.000000
vt 0.088398 0.000000
vt 0.091160 0.000000
vt 0.516575 0.000000
vt 0.093923 0.000000
vt 0.096685 0.000000
vt 0.513812 0.000000
vt 0.099448 0.000000
vt 0.102210 0.000000
vt 0.511050 0.000000
vt 0.104972 0.000000
vt 0.107735 0.000000
vt 0.508287 0.000000
vt 0.110497 0.000000
vt 0.113260 0.000000
vt 0.505525 0.000000
vt 0.116022 0.000000
vt 0.118785 0.000000
vt 0.502762 0.000000
vt 0.121547 0.000000
vt 0.124309 0.000000
vt 0.127072 0.000000
vt 0.129834 0.000000
vt 0.132597 0.000000
vt 0.497238 0.000000
vt 0.135359 0.000000
vt 0.138122 0.000000
vt 0.140884 0.000000
vt 0.494475 0.000000
vt 0.143646 0.000000
vt 0.146409 0.000000
vt 0.491713 0.000000
vt 0.149171 0.000000
vt 0.265193 0.000000
vt 0.270718 0.000000
vt 0.267956 0.000000
vt 0.262431 0.000000
vt 0.151934 0.000000
vt 0.259668 0.000000
vt 0.154696 0.000000
vt 0.256906 0.000000
vt 0.157459 0.000000
vt 0.488950 0.000000
vt 0.254144 0.000000
vt 0.160221 0.000000
vt 0.251381 0.000000
vt 0.162983 0.000000
vt 0.248619 0.000000
vt 0.165746 0.000000
vt 0.245856 0.000000
vt 0.486188 0.000000
vt 0.168508 0.000000
vt 0.243094 0.000000
vt 0.240331 0.000000
vt 0.171271 0.000000
vt 0.237569 0.000000
vt 0.174033 0.000000
vt 0.234807 0.000000
vt 0.176796 0.000000
vt 0.232044 0.000000
vt 0.179558 0.000000
vt 0.229282 0.000000
vt 0.182320 0.000000
vt 0.226519 0.000000
vt 0.483425 0.000000
vt 0.223757 0.000000
vt 0.185083 0.000000
vt 0.220994 0.000000
vt 0.187845 0.000000
vt 0.218232 0.000000
vt 0.190608 0.000000
vt 0.215470 0.000000
vt 0.193370 0.000000
vt 0.212707 0.000000
vt 0.209945 0.000000
vt 0.196133 0.000000
vt 0.207182 0.000000
vt 0.198895 0.000000
vt 0.204420 0.000000
vt 0.201657 0.000000
vt 0.480663 0.000000
vt 0.477901 0.000000
vt 0.475138 0.000000
vt 0.472376 0.000000
vt 0.469613 0.000000
vt 0.466851 0.000000
vt 0.464088 0.000000
vt 0.461326 0.000000
vt 0.458564 0.000000
vt 0.455801 0.000000
vt 0.453039 0.000000
vt 0.450276 0.000000
vt 0.447514 0.000000
vt 0.444751 0.000000
vt 0.441989 0.000000
vt 0.273481 0.000000
vt 0.276243 0.000000
vt 0.279006 0.000000
vt 0.439227 0.000000
vt 0.281768 0.000000
vt 0.284530 0.000000
vt 0.287293 0.000000
vt 0.290055 0.000000
vt 0.436464 0.000000
vt 0.292818 0.000000
vt 0.295580 0.000000
vt 0.298343 0.000000
vt 0.301105 0.000000
vt 0.433702 0.000000
vt 0.303867 0.000000
vt 0.306630 0.000000
vt 0.309392 0.000000
vt 0.430939 0.000000
vt 0.312155 0.000000
vt 0.314917 0.000000
vt 0.317680 0.000000
vt 0.428177 0.000000
vt 0.320442 0.000000
vt 0.323204 0.000000
vt 0.325967 0.000000
vt 0.328729 0.000000
vt 0.425414 0.000000
vt 0.331492 0.000000
vt 0.334254 0.000000
vt 0.337017 0.000000
vt 0.422652 0.000000
vt 0.339779 0.000000
vt 0.342541 0.000000
vt 0.345304 0.000000
vt 0.419890 0.000000
vt 0.348066 0.000000
vt 0.350829 0.000000
vt 0.353591 0.000000
vt 0.417127 0.000000
vt 0.356354 0.000000
vt 0.359116 0.000000
vt 0.361878 0.000000
vt 0.414365 0.000000
vt 0.364641 0.000000
vt 0.367403 0.000000
vt 0.370166 0.000000
vt 0.411602 0.000000
vt 0.372928 0.000000
vt 0.375691 0.000000
vt 0.378453 0.000000
vt 0.408840 0.000000
vt 0.381215 0.000000
vt 0.383978 0.000000
vt 0.386740 0.000000
vt 0.406077 0.000000
vt 0.389503 0.000000
vt 0.392265 0.000000
vt 0.395028 0.000000
vt 0.403315 0.000000
vt 0.397790 0.000000
vt 0.400552 0.000000
vt 0.380192 0.000000
vt 0.386581 0.000000
vt 0.383387 0.000000
vt 0.389776 0.000000
vt 0.376997 0.000000
vt 0.392971 0.000000
vt 0.396166 0.000000
vt 0.373802 0.000000
vt 0.399361 0.000000
vt 0.402556 0.000000
vt 0.370607 0.000000
vt 0.405751 0.000000
vt 0.408946 0.000000
vt 0.367412 0.000000
vt 0.412141 0.000000
vt 0.415335 0.000000
vt 0.364217 0.000000
vt 0.418530 0.000000
vt 0.421725 0.000000
vt 0.361022 0.000000
vt 0.424920 0.000000
vt 0.428115 0.000000
vt 0.357827 0.000000
vt 0.431310 0.000000
vt 0.434505 0.000000
vt 0.354633 0.000000
vt 0.437700 0.000000
vt 0.440895 0.000000
vt 0.351438 0.000000
vt 0.444089 0.000000
vt 0.447284 0.000000
vt 0.348243 0.000000
vt 0.450479 0.000000
vt 0.453674 0.000000
vt 0.456869 0.000000
vt 0.345048 0.000000
vt 0.460064 0.000000
vt 0.466454 0.000000
vt 0.463259 0.000000
vt 0.341853 0.000000
vt 0.472843 0.000000
vt 0.469649 0.000000
vt 0.338658 0.000000
vt 0.476038 0.000000
vt 0.335463 0.000000
vt 0.479233 0.000000
vt 0.332268 0.000000
vt 0.482428 0.000000
vt 0.329073 0.000000
vt 0.485623 0.000000
vt 0.325879 0.000000
vt 0.492013 0.000000
vt 0.488818 0.000000
vt 0.322684 0.000000
vt 0.495208 0.000000
vt 0.319489 0.000000
vt 0.498403 0.000000
vt 0.316294 0.000000
vt 0.504792 0.000000
vt 0.501597 0.000000
vt 0.313099 0.000000
vt 0.507987 0.000000
vt 0.309904 0.000000
vt 0.514377 0.000000
vt 0.511182 0.000000
vt 0.306709 0.000000
vt 0.517572 0.000000
vt 0.303514 0.000000
vt 0.520767 0.000000
vt 0.300319 0.000000
vt 0.527157 0.000000
vt 0.523962 0.000000
vt 0.297125 0.000000
vt 0.530351 0.000000
vt 0.293930 0.000000
vt 0.536741 0.000000
vt 0.533546 0.000000
vt 0.290735 0.000000
vt 0.539936 0.000000
vt 0.543131 0.000000
vt 0.546326 0.000000
vt 0.287540 0.000000
vt 0.549521 0.000000
vt 0.552716 0.000000
vt 0.555911 0.000000
vt 0.559105 0.000000
vt 0.562300 0.000000
vt 0.565495 0.000000
vt 0.568690 0.000000
vt 0.571885 0.000000
vt 0.284345 0.000000
vt 0.575080 0.000000
vt 0.578275 0.000000
vt 0.581470 0.000000
vt 0.584665 0.000000
vt 0.281150 0.000000
vt 0.587859 0.000000
vt 0.591054 0.000000
vt 0.594249 0.000000
vt 0.277955 0.000000
vt 0.597444 0.000000
vt 0.600639 0.000000
vt 0.603834 0.000000
vt 0.274760 0.000000
vt 0.607029 0.000000
vt 0.610224 0.000000
vt 0.271565 0.000000
vt 0.613419 0.000000
vt 0.616613 0.000000
vt 0.619808 0.000000
vt 0.268371 0.000000
vt 0.623003 0.000000
vt 0.626198 0.000000
vt 0.265176 0.000000
vt 0.629393 0.000000
vt 0.632588 0.000000
vt 0.261981 0.000000
vt 0.635783 0.000000
vt 0.638978 0.000000
vt 0.258786 0.000000
vt 0.642173 0.000000
vt 0.645367 0.000000
vt 0.255591 0.000000
vt 0.648562 0.000000
vt 0.651757 0.000000
vt 0.252396 0.000000
vt 0.654952 0.000000
vt 0.658147 0.000000
vt 0.249201 0.000000
vt 0.661342 0.000000
vt 0.664537 0.000000
vt 0.246006 0.000000
vt 0.667732 0.000000
vt 0.670927 0.000000
vt 0.242812 0.000000
vt 0.674121 0.000000
vt 0.677316 0.000000
vt 0.239617 0.000000
vt 0.680511 0.000000
vt 0.236422 0.000000
vt 0.683706 0.000000
vt 0.686901 0.000000
vt 0.233227 0.000000
vt 0.690096 0.000000
vt 0.693291 0.000000
vt 0.230032 0.000000
vt 0.696486 0.000000
vt 0.226837 0.000000
vt 0.699681 0.000000
vt 0.702875 0.000000
vt 0.223642 0.000000
vt 0.706070 0.000000
vt 0.709265 0.000000
vt 0.220447 0.000000
vt 0.712460 0.000000
vt 0.715655 0.000000
vt 0.217252 0.000000
vt 0.718850 0.000000
vt 0.722045 0.000000
vt 0.214058 0.000000
vt 0.725240 0.000000
vt 0.728435 0.000000
vt 0.210863 0.000000
vt 0.731629 0.000000
vt 0.207668 0.000000
vt 0.734824 0.000000
vt 0.738019 0.000000
vt 0.204473 0.000000
vt 0.741214 0.000000
vt 0.744409 0.000000
vt 0.201278 0.000000
vt 0.747604 0.000000
vt 0.750799 0.000000
vt 0.198083 0.000000
vt 0.753994 0.000000
vt 0.757188 0.000000
vt 0.760383 0.000000
vt 0.194888 0.000000
vt 0.763578 0.000000
vt 0.766773 0.000000
vt 0.191693 0.000000
vt 0.769968 0.000000
vt 0.773163 0.000000
vt 0.188498 0.000000
vt 0.776358 0.000000
vt 0.779553 0.000000
vt 0.782748 0.000000
vt 0.185304 0.000000
vt 0.996805 0.000000
vt 0.993610 0.000000
vt 0.785942 0.000000
vt 0.990415 0.000000
vt 0.987220 0.000000
vt 0.789137 0.000000
vt 0.984026 0.000000
vt 0.980831 0.000000
vt 0.977636 0.000000
vt 0.182109 0.000000
vt 0.792332 0.000000
vt 0.974441 0.000000
vt 0.971246 0.000000
vt 0.795527 0.000000
vt 0.968051 0.000000
vt 0.964856 0.000000
vt 0.961661 0.000000
vt 0.798722 0.000000
vt 0.958466 0.000000
vt 0.955272 0.000000
vt 0.801917 0.000000
vt 0.952077 0.000000
vt 0.178914 0.000000
vt 0.948882 0.000000
vt 0.945687 0.000000
vt 0.805112 0.000000
vt 0.942492 0.000000
vt 0.939297 0.000000
vt 0.808307 0.000000
vt 0.936102 0.000000
vt 0.932907 0.000000
vt 0.929712 0.000000
vt 0.811502 0.000000
vt 0.926518 0.000000
vt 0.923323 0.000000
vt 0.175719 0.000000
vt 0.814696 0.000000
vt 0.920128 0.000000
vt 0.916933 0.000000
vt 0.817891 0.000000
vt 0.913738 0.000000
vt 0.910543 0.000000
vt 0.907348 0.000000
vt 0.821086 0.000000
vt 0.904153 0.000000
vt 0.900958 0.000000
vt 0.824281 0.000000
vt 0.897764 0.000000
vt 0.894569 0.000000
vt 0.827476 0.000000
vt 0.891374 0.000000
vt 0.888179 0.000000
vt 0.830671 0.000000
vt 0.884984 0.000000
vt 0.881789 0.000000
vt 0.172524 0.000000
vt 0.878594 0.000000
vt 0.833866 0.000000
vt 0.875399 0.000000
vt 0.872204 0.000000
vt 0.837061 0.000000
vt 0.869010 0.000000
vt 0.865815 0.000000
vt 0.840256 0.000000
vt 0.862620 0.000000
vt 0.859425 0.000000
vt 0.843450 0.000000
vt 0.856230 0.000000
vt 0.853035 0.000000
vt 0.846645 0.000000
vt 0.849840 0.000000
vt 0.169329 0.000000
vt 0.166134 0.000000
vt 0.162939 0.000000
vt 0.159744 0.000000
vt 0.156550 0.000000
vt 0.153355 0.000000
vt 0.150160 0.000000
vt 0.146965 0.000000
vt 0.143770 0.000000
vt 0.140575 0.000000
vt 0.137380 0.000000
vt 0.134185 0.000000
vt 0.130990 0.000000
vt 0.127796 0.000000
vt 0.124601 0.000000
vt 0.003195 0.000000
vt 0.006390 0.000000
vt 0.121406 0.000000
vt 0.009585 0.000000
vt 0.118211 0.000000
vt 0.012780 0.000000
vt 0.015974 0.000000
vt 0.115016 0.000000
vt 0.019169 0.000000
vt 0.111821 0.000000
vt 0.022364 0.000000
vt 0.025559 0.000000
vt 0.108626 0.000000
vt 0.028754 0.000000
vt 0.105431 0.000000
vt 0.031949 0.000000
vt 0.035144 0.000000
vt 0.102236 0.000000
vt 0.038339 0.000000
vt 0.099042 0.000000
vt 0.041534 0.000000
vt 0.044728 0.000000
vt 0.095847 0.000000
vt 0.047923 0.000000
vt 0.092652 0.000000
vt 0.051118 0.000000
vt 0.054313 0.000000
vt 0.089457 0.000000
vt 0.057508 0.000000
vt 0.086262 0.000000
vt 0.060703 0.000000
vt 0.063898 0.000000
vt 0.083067 0.000000
vt 0.067093 0.000000
vt 0.079872 0.000000
vt 0.070288 0.000000
vt 0.073482 0.000000
vt 0.076677 0.000000
vt 0.609700 0.000000
vt 0.614319 0.000000
vt 0.612009 0.000000
vt 0.616628 0.000000
vt 0.607390 0.000000
vt 0.618938 0.000000
vt 0.621247 0.000000
vt 0.605081 0.000000
vt 0.623557 0.000000
vt 0.602771 0.000000
vt 0.625866 0.000000
vt 0.628175 0.000000
vt 0.600462 0.000000
vt 0.630485 0.000000
vt 0.598152 0.000000
vt 0.632794 0.000000
vt 0.635104 0.000000
vt 0.595843 0.000000
vt 0.637413 0.000000
vt 0.593534 0.000000
vt 0.639723 0.000000
vt 0.642032 0.000000
vt 0.591224 0.000000
vt 0.644342 0.000000
vt 0.646651 0.000000
vt 0.588915 0.000000
vt 0.648961 0.000000
vt 0.586605 0.000000
vt 0.651270 0.000000
vt 0.653580 0.000000
vt 0.584296 0.000000
vt 0.655889 0.000000
vt 0.658199 0.000000
vt 0.581986 0.000000
vt 0.660508 0.000000
vt 0.662818 0.000000
vt 0.665127 0.000000
vt 0.579677 0.000000
vt 0.667436 0.000000
vt 0.669746 0.000000
vt 0.577367 0.000000
vt 0.575058 0.000000
vt 0.572748 0.000000
vt 0.570439 0.000000
vt 0.672055 0.000000
vt 0.568129 0.000000
vt 0.674365 0.000000
vt 0.565820 0.000000
vt 0.676674 0.000000
vt 0.563510 0.000000
vt 0.678984 0.000000
vt 0.561201 0.000000
vt 0.683603 0.000000
vt 0.681293 0.000000
vt 0.558891 0.000000
vt 0.685912 0.000000
vt 0.556582 0.000000
vt 0.688222 0.000000
vt 0.554273 0.000000
vt 0.690531 0.000000
vt 0.551963 0.000000
vt 0.692841 0.000000
vt 0.549654 0.000000
vt 0.695150 0.000000
vt 0.547344 0.000000
vt 0.697460 0.000000
vt 0.545035 0.000000
vt 0.702079 0.000000
vt 0.699769 0.000000
vt 0.542725 0.000000
vt 0.704388 0.000000
vt 0.540416 0.000000
vt 0.709007 0.000000
vt 0.706697 0.000000
vt 0.538106 0.000000
vt 0.711316 0.000000
vt 0.535797 0.000000
vt 0.715935 0.000000
vt 0.713626 0.000000
vt 0.533487 0.000000
vt 0.720554 0.000000
vt 0.718245 0.000000
vt 0.531178 0.000000
vt 0.722864 0.000000
vt 0.528868 0.000000
vt 0.725173 0.000000
vt 0.727483 0.000000
vt 0.729792 0.000000
vt 0.732102 0.000000
vt 0.734411 0.000000
vt 0.736721 0.000000
vt 0.739030 0.000000
vt 0.526559 0.000000
vt 0.741340 0.000000
vt 0.743649 0.000000
vt 0.745958 0.000000
vt 0.748268 0.000000
vt 0.524249 0.000000
vt 0.750577 0.000000
vt 0.752887 0.000000
vt 0.521940 0.000000
vt 0.755196 0.000000
vt 0.757506 0.000000
vt 0.519630 0.000000
vt 0.759815 0.000000
vt 0.762125 0.000000
vt 0.517321 0.000000
vt 0.764434 0.000000
vt 0.515012 0.000000
vt 0.766744 0.000000
vt 0.769053 0.000000
vt 0.512702 0.000000
vt 0.771363 0.000000
vt 0.773672 0.000000
vt 0.510393 0.000000
vt 0.775982 0.000000
vt 0.508083 0.000000
vt 0.778291 0.000000
vt 0.505774 0.000000
vt 0.780600 0.000000
vt 0.782910 0.000000
vt 0.503464 0.000000
vt 0.785219 0.000000
vt 0.787529 0.000000
vt 0.501155 0.000000
vt 0.789838 0.000000
vt 0.792148 0.000000
vt 0.794457 0.000000
vt 0.498845 0.000000
vt 0.796767 0.000000
vt 0.799076 0.000000
vt 0.801386 0.000000
vt 0.496536 0.000000
vt 0.803695 0.000000
vt 0.806005 0.000000
vt 0.808314 0.000000
vt 0.810624 0.000000
vt 0.494226 0.000000
vt 0.812933 0.000000
vt 0.815242 0.000000
vt 0.817552 0.000000
vt 0.491917 0.000000
vt 0.819861 0.000000
vt 0.822171 0.000000
vt 0.824480 0.000000
vt 0.826790 0.000000
vt 0.489607 0.000000
vt 0.829099 0.000000
vt 0.831409 0.000000
vt 0.833718 0.000000
vt 0.487298 0.000000
vt 0.836028 0.000000
vt 0.838337 0.000000
vt 0.840647 0.000000
vt 0.484988 0.000000
vt 0.842956 0.000000
vt 0.845266 0.000000
vt 0.847575 0.000000
vt 0.482679 0.000000
vt 0.849885 0.000000
vt 0.852194 0.000000
vt 0.854503 0.000000
vt 0.480370 0.000000
vt 0.856813 0.000000
vt 0.859122 0.000000
vt 0.861432 0.000000
vt 0.478060 0.000000
vt 0.863741 0.000000
vt 0.866051 0.000000
vt 0.868360 0.000000
vt 0.475751 0.000000
vt 0.870670 0.000000
vt 0.872979 0.000000
vt 0.875289 0.000000
vt 0.473441 0.000000
vt 0.877598 0.000000
vt 0.879908 0.000000
vt 0.471132 0.000000
vt 0.882217 0.000000
vt 0.884527 0.000000
vt 0.468822 0.000000
vt 0.886836 0.000000
vt 0.889145 0.000000
vt 0.466513 0.000000
vt 0.891455 0.000000
vt 0.893764 0.000000
vt 0.464203 0.000000
vt 0.896074 0.000000
vt 0.898383 0.000000
vt 0.461894 0.000000
vt 0.900693 0.000000
vt 0.903002 0.000000
vt 0.459584 0.000000
vt 0.905312 0.000000
vt 0.457275 0.000000
vt 0.907621 0.000000
vt 0.909931 0.000000
vt 0.454965 0.000000
vt 0.912240 0.000000
vt 0.452656 0.000000
vt 0.914550 0.000000
vt 0.916859 0.000000
vt 0.450346 0.000000
vt 0.919169 0.000000
vt 0.448037 0.000000
vt 0.921478 0.000000
vt 0.445727 0.000000
vt 0.923788 0.000000
vt 0.926097 0.000000
vt 0.443418 0.000000
vt 0.928406 0.000000
vt 0.441109 0.000000
vt 0.930716 0.000000
vt 0.438799 0.000000
vt 0.933025 0.000000
vt 0.436490 0.000000
vt 0.935335 0.000000
vt 0.434180 0.000000
vt 0.937644 0.000000
vt 0.431871 0.000000
vt 0.939954 0.000000
vt 0.429561 0.000000
vt 0.942263 0.000000
vt 0.427252 0.000000
vt 0.944573 0.000000
vt 0.424942 0.000000
vt 0.946882 0.000000
vt 0.422633 0.000000
vt 0.420323 0.000000
vt 0.949192 0.000000
vt 0.418014 0.000000
vt 0.951501 0.000000
vt 0.415704 0.000000
vt 0.953811 0.000000
vt 0.413395 0.000000
vt 0.411085 0.000000
vt 0.956120 0.000000
vt 0.408776 0.000000
vt 0.958430 0.000000
vt 0.406467 0.000000
vt 0.404157 0.000000
vt 0.960739 0.000000
vt 0.401848 0.000000
vt 0.399538 0.000000
vt 0.963049 0.000000
vt 0.397229 0.000000
vt 0.394919 0.000000
vt 0.965358 0.000000
vt 0.392610 0.000000
vt 0.967667 0.000000
vt 0.390300 0.000000
vt 0.387991 0.000000
vt 0.969977 0.000000
vt 0.385681 0.000000
vt 0.383372 0.000000
vt 0.972286 0.000000
vt 0.381062 0.000000
vt 0.378753 0.000000
vt 0.376443 0.000000
vt 0.974596 0.000000
vt 0.374134 0.000000
vt 0.371824 0.000000
vt 0.976905 0.000000
vt 0.369515 0.000000
vt 0.367206 0.000000
vt 0.979215 0.000000
vt 0.364896 0.000000
vt 0.362587 0.000000
vt 0.360277 0.000000
vt 0.981524 0.000000
vt 0.357968 0.000000
vt 0.355658 0.000000
vt 0.983834 0.000000
vt 0.353349 0.000000
vt 0.351039 0.000000
vt 0.348730 0.000000
vt 0.986143 0.000000
vt 0.346420 0.000000
vt 0.344111 0.000000
vt 0.341801 0.000000
vt 0.988453 0.000000
vt 0.339492 0.000000
vt 0.337182 0.000000
vt 0.334873 0.000000
vt 0.990762 0.000000
vt 0.332564 0.000000
vt 0.330254 0.000000
vt 0.327945 0.000000
vt 0.993072 0.000000
vt 0.325635 0.000000
vt 0.323326 0.000000
vt 0.321016 0.000000
vt 0.995381 0.000000
vt 0.318707 0.000000
vt 0.316397 0.000000
vt 0.314088 0.000000
vt 0.997691 0.000000
vt 0.311778 0.000000
vt 0.309469 0.000000
vt 0.307159 0.000000
vt 0.304850 0.000000
vt 0.302540 0.000000
vt 0.300231 0.000000
vt 0.297921 0.000000
vt 0.295612 0.000000
vt 0.293303 0.000000
vt 0.002309 0.000000
vt 0.290993 0.000000
vt 0.288684 0.000000
vt 0.286374 0.000000
vt 0.284065 0.000000
vt 0.004619 0.000000
vt 0.281755 0.000000
vt 0.279446 0.000000
vt 0.277136 0.000000
vt 0.006928 0.000000
vt 0.274827 0.000000
vt 0.272517 0.000000
vt 0.009238 0.000000
vt 0.270208 0.000000
vt 0.011547 0.000000
vt 0.267898 0.000000
vt 0.166282 0.000000
vt 0.170901 0.000000
vt 0.168591 0.000000
vt 0.265589 0.000000
vt 0.173210 0.000000
vt 0.013857 0.000000
vt 0.263279 0.000000
vt 0.175520 0.000000
vt 0.260970 0.000000
vt 0.177829 0.000000
vt 0.016166 0.000000
vt 0.258660 0.000000
vt 0.180139 0.000000
vt 0.256351 0.000000
vt 0.182448 0.000000
vt 0.018476 0.000000
vt 0.254042 0.000000
vt 0.184758 0.000000
vt 0.187067 0.000000
vt 0.251732 0.000000
vt 0.189376 0.000000
vt 0.249423 0.000000
vt 0.020785 0.000000
vt 0.191686 0.000000
vt 0.247113 0.000000
vt 0.193995 0.000000
vt 0.244804 0.000000
vt 0.196305 0.000000
vt 0.023095 0.000000
vt 0.198614 0.000000
vt 0.242494 0.000000
vt 0.200924 0.000000
vt 0.240185 0.000000
vt 0.203233 0.000000
vt 0.237875 0.000000
vt 0.205543 0.000000
vt 0.207852 0.000000
vt 0.025404 0.000000
vt 0.235566 0.000000
vt 0.210162 0.000000
vt 0.233256 0.000000
vt 0.212471 0.000000
vt 0.230947 0.000000
vt 0.214781 0.000000
vt 0.217090 0.000000
vt 0.228637 0.000000
vt 0.219400 0.000000
vt 0.226328 0.000000
vt 0.221709 0.000000
vt 0.224018 0.000000
vt 0.027714 0.000000
vt 0.030023 0.000000
vt 0.032333 0.000000
vt 0.034642 0.000000
vt 0.036952 0.000000
vt 0.039261 0.000000
vt 0.041570 0.000000
vt 0.043880 0.000000
vt 0.046189 0.000000
vt 0.048499 0.000000
vt 0.050808 0.000000
vt 0.053118 0.000000
vt 0.055427 0.000000
vt 0.057737 0.000000
vt 0.060046 0.000000
vt 0.062356 0.000000
vt 0.064665 0.000000
vt 0.066975 0.000000
vt 0.069284 0.000000
vt 0.163972 0.000000
vt 0.071594 0.000000
vt 0.161663 0.000000
vt 0.073903 0.000000
vt 0.159353 0.000000
vt 0.157044 0.000000
vt 0.076212 0.000000
vt 0.154734 0.000000
vt 0.078522 0.000000
vt 0.152425 0.000000
vt 0.080831 0.000000
vt 0.150115 0.000000
vt 0.147806 0.000000
vt 0.083141 0.000000
vt 0.145497 0.000000
vt 0.085450 0.000000
vt 0.143187 0.000000
vt 0.087760 0.000000
vt 0.140878 0.000000
vt 0.138568 0.000000
vt 0.090069 0.000000
vt 0.136259 0.000000
vt 0.092379 0.000000
vt 0.133949 0.000000
vt 0.094688 0.000000
vt 0.131640 0.000000
vt 0.096998 0.000000
vt 0.129330 0.000000
vt 0.127021 0.000000
vt 0.099307 0.000000
vt 0.124711 0.000000
vt 0.101617 0.000000
vt 0.122402 0.000000
vt 0.103926 0.000000
vt 0.120092 0.000000
vt 0.117783 0.000000
vt 0.106236 0.000000
vt 0.115473 0.000000
vt 0.108545 0.000000
vt 0.113164 0.000000
vt 0.110855 0.000000
s 0
f 212/64/81 214/65/81 213/66/81
f 212/64/82 215/67/82 214/65/82
f 187/68/83 189/69/83 188/70/83
f 187/68/84 190/71/84 189/69/84
f 187/68/85 191/72/85 190/71/85
f 186/73/86 191/72/86 187/68/86
f 186/73/87 192/74/87 191/72/87
f 186/73/88 193/75/88 192/74/88
f 186/73/89 194/76/89 193/75/89
f 185/77/90 194/76/90 186/73/90
f 185/77/91 195/78/91 194/76/91
f 185/77/92 196/79/92 195/78/92
f 184/80/93 196/79/93 185/77/93
f 184/80/94 197/81/94 196/79/94
f 184/80/95 198/82/95 197/81/95
f 184/80/96 199/83/96 198/82/96
f 183/84/97 199/83/97 184/80/97
f 183/84/98 200/85/98 199/83/98
f 183/84/99 201/86/99 200/85/99
f 182/87/100 201/86/100 183/84/100
f 182/87/101 202/88/101 201/86/101
f 182/87/102 203/89/102 202/88/102
f 182/87/103 204/90/103 203/89/103
f 181/91/104 204/90/104 182/87/104
f 181/91/105 205/92/105 204/90/105
f 181/91/106 206/93/106 205/92/106
f 181/91/107 207/94/107 206/93/107
f 180/95/108 207/94/108 181/91/108
f 180/95/109 208/96/109 207/94/109
f 180/95/110 209/97/110 208/96/110
f 180/95/111 210/98/111 209/97/111
f 179/99/112 210/98/112 180/95/112
f 179/99/113 211/100/113 210/98/113
f 179/99/114 212/64/114 211/100/114
f 179/99/115 289/101/115 212/64/115
f 289/101/116 215/67/116 212/64/116
f 178/102/117 289/101/117 179/99/117
f 177/103/118 289/101/118 178/102/118
f 176/104/119 289/101/119 177/103/119
f 175/105/120 289/101/120 176/104/120
f 174/106/121 289/101/121 175/105/121
f 173/107/122 289/101/122 174/106/122
f 172/108/123 289/101/123 173/107/123
f 171/109/124 290/110/124 172/108/124
f 290/110/125 289/101/125 172/108/125
f 170/111/126 291/112/126 171/109/126
f 291/112/127 290/110/127 171/109/127
f 169/113/128 293/114/128 170/111/128
f 293/114/129 292/115/129 170/111/129
f 292/115/130 291/112/130 170/111/130
f 168/116/131 294/117/131 169/113/131
f 294/117/132 293/114/132 169/113/132
f 167/118/133 296/119/133 168/116/133
f 296/119/134 295/120/134 168/116/134
f 295/120/135 294/117/135 168/116/135
f 166/121/136 298/122/136 167/118/136
f 298/122/137 297/123/137 167/118/137
f 297/123/138 296/119/138 167/118/138
f 165/124/139 300/125/139 166/121/139
f 300/125/140 299/126/140 166/121/140
f 299/126/141 298/122/141 166/121/141
f 164/127/142 302/128/142 165/124/142
f 302/128/143 301/129/143 165/124/143
f 301/129/144 300/125/144 165/124/144
f 163/130/145 304/131/145 164/127/145
f 304/131/146 303/132/146 164/127/146
f 303/132/147 302/128/147 164/127/147
f 162/133/148 307/134/148 163/130/148
f 307/134/149 306/135/149 163/130/149
f 306/135/150 305/136/150 163/130/150
f 305/136/151 304/131/151 163/130/151
f 161/137/152 309/138/152 162/133/152
f 309/138/153 308/139/153 162/133/153
f 308/139/154 307/134/154 162/133/154
f 160/140/155 311/141/155 161/137/155
f 311/141/156 310/142/156 161/137/156
f 310/142/157 309/138/157 161/137/157
f 159/143/158 313/144/158 160/140/158
f 313/144/159 312/145/159 160/140/159
f 312/145/160 311/141/160 160/140/160
f 159/143/161 314/146/161 313/144/161
f 159/143/162 315/147/162 314/146/162
f 159/143/163 316/148/163 315/147/163
f 159/143/164 317/149/164 316/148/164
f 159/143/165 318/150/165 317/149/165
f 158/151/166 318/150/166 159/143/166
f 158/151/167 319/152/167 318/150/167
f 158/151/168 320/153/168 319/152/168
f 158/151/169 321/154/169 320/153/169
f 158/151/170 322/155/170 321/154/170
f 158/151/171 323/156/171 322/155/171
f 158/151/172 324/157/172 323/156/172
f 157/158/173 324/157/173 158/151/173
f 157/158/174 325/159/174 324/157/174
f 157/158/175 326/160/175 325/159/175
f 288/161/176 215/67/176 289/101/176
f 157/158/177 327/162/177 326/160/177
f 156/163/178 327/162/178 157/158/178
f 156/163/179 328/164/179 327/162/179
f 156/163/180 329/165/180 328/164/180
f 156/163/181 330/166/181 329/165/181
f 155/167/182 330/166/182 156/163/182
f 155/167/183 331/168/183 330/166/183
f 155/167/184 332/169/184 331/168/184
f 155/167/184 333/170/184 332/169/184
f 154/171/185 333/170/185 155/167/185
f 154/171/186 334/172/186 333/170/186
f 154/171/187 335/173/187 334/172/187
f 153/174/188 335/173/188 154/171/188
f 153/174/189 336/175/189 335/173/189
f 153/174/190 337/176/190 336/175/190
f 153/174/191 338/177/191 337/176/191
f 152/178/192 338/177/192 153/174/192
f 152/178/193 339/179/193 338/177/193
f 152/178/194 340/180/194 339/179/194
f 151/181/195 340/180/195 152/178/195
f 151/181/196 341/182/196 340/180/196
f 151/181/197 342/183/197 341/182/197
f 150/184/198 342/183/198 151/181/198
f 150/184/199 343/185/199 342/183/199
f 150/184/200 344/186/200 343/185/200
f 149/187/201 344/186/201 150/184/201
f 149/187/202 345/188/202 344/186/202
f 149/187/203 346/189/203 345/188/203
f 148/190/204 346/189/204 149/187/204
f 148/190/205 347/191/205 346/189/205
f 148/190/206 348/192/206 347/191/206
f 147/193/207 348/192/207 148/190/207
f 147/193/208 349/194/208 348/192/208
f 147/193/209 350/195/209 349/194/209
f 146/196/210 350/195/210 147/193/210
f 146/196/211 351/197/211 350/195/211
f 146/196/212 352/198/212 351/197/212
f 145/199/213 352/198/213 146/196/213
f 145/199/214 353/200/214 352/198/214
f 144/201/215 353/200/215 145/199/215
f 144/201/216 354/202/216 353/200/216
f 144/201/217 355/203/217 354/202/217
f 143/204/218 355/203/218 144/201/218
f 143/204/219 356/205/219 355/203/219
f 143/204/220 357/206/220 356/205/220
f 142/207/221 357/206/221 143/204/221
f 142/207/222 358/208/222 357/206/222
f 142/207/223 359/209/223 358/208/223
f 141/210/224 359/209/224 142/207/224
f 141/210/225 360/211/225 359/209/225
f 141/210/226 216/212/226 360/211/226
f 140/213/227 216/212/227 141/210/227
f 140/213/228 217/214/228 216/212/228
f 139/215/226 217/214/226 140/213/226
f 139/215/229 218/216/229 217/214/229
f 139/215/227 219/217/227 218/216/227
f 138/218/230 219/217/230 139/215/230
f 138/218/231 220/219/231 219/217/231
f 137/220/232 220/219/232 138/218/232
f 137/220/233 221/221/233 220/219/233
f 137/220/234 222/222/234 221/221/234
f 136/223/235 222/222/235 137/220/235
f 136/223/236 223/224/236 222/222/236
f 135/225/237 223/224/237 136/223/237
f 135/225/238 224/226/238 223/224/238
f 135/225/239 225/227/239 224/226/239
f 134/228/240 225/227/240 135/225/240
f 134/228/241 226/229/241 225/227/241
f 133/230/242 226/229/242 134/228/242
f 133/230/243 227/231/243 226/229/243
f 287/232/244 215/67/244 288/161/244
f 133/230/245 228/233/245 227/231/245
f 132/234/246 228/233/246 133/230/246
f 286/235/244 215/67/244 287/232/244
f 132/234/247 229/236/247 228/233/247
f 132/234/248 230/237/248 229/236/248
f 285/238/249 215/67/249 286/235/249
f 131/239/250 230/237/250 132/234/250
f 131/239/251 231/240/251 230/237/251
f 284/241/252 215/67/252 285/238/252
f 131/239/253 232/242/253 231/240/253
f 130/243/254 232/242/254 131/239/254
f 130/243/255 233/244/255 232/242/255
f 283/245/256 215/67/256 284/241/256
f 130/243/257 234/246/257 233/244/257
f 129/247/258 234/246/258 130/243/258
f 282/248/259 215/67/259 283/245/259
f 129/247/260 235/249/260 234/246/260
f 281/250/261 215/67/261 282/248/261
f 129/247/262 236/251/262 235/249/262
f 128/252/263 236/251/263 129/247/263
f 128/252/264 237/253/264 236/251/264
f 280/254/265 215/67/265 281/250/265
f 128/252/266 238/255/266 237/253/266
f 127/256/267 238/255/267 128/252/267
f 279/257/268 215/67/268 280/254/268
f 127/256/269 239/258/269 238/255/269
f 127/256/270 240/259/270 239/258/270
f 278/260/271 215/67/271 279/257/271
f 126/261/272 240/259/272 127/256/272
f 126/261/273 241/262/273 240/259/273
f 277/263/274 215/67/274 278/260/274
f 126/261/275 242/264/275 241/262/275
f 126/261/276 243/265/276 242/264/276
f 125/266/277 243/265/277 126/261/277
f 276/267/278 44/268/278 277/263/278
f 44/268/279 215/67/279 277/263/279
f 125/266/280 244/269/280 243/265/280
f 275/270/281 44/268/281 276/267/281
f 125/266/282 245/271/282 244/269/282
f 124/272/283 245/271/283 125/266/283
f 124/272/284 246/273/284 245/271/284
f 274/274/281 44/268/281 275/270/281
f 124/272/285 247/275/285 246/273/285
f 124/272/286 248/276/286 247/275/286
f 273/277/287 44/268/287 274/274/287
f 124/272/288 249/278/288 248/276/288
f 123/279/289 249/278/289 124/272/289
f 272/280/287 44/268/287 273/277/287
f 123/279/290 250/281/290 249/278/290
f 123/279/291 251/282/291 250/281/291
f 271/283/292 44/268/292 272/280/292
f 123/279/293 252/284/293 251/282/293
f 123/279/294 253/285/294 252/284/294
f 270/286/295 44/268/295 271/283/295
f 122/287/296 253/285/296 123/279/296
f 122/287/297 254/288/297 253/285/297
f 269/289/298 44/268/298 270/286/298
f 122/287/299 255/290/299 254/288/299
f 122/287/300 256/291/300 255/290/300
f 268/292/301 44/268/301 269/289/301
f 122/287/302 257/293/302 256/291/302
f 122/287/303 258/294/303 257/293/303
f 267/295/304 44/268/304 268/292/304
f 122/287/305 259/296/305 258/294/305
f 121/297/306 259/296/306 122/287/306
f 266/298/307 44/268/307 267/295/307
f 121/297/308 260/299/308 259/296/308
f 121/297/309 261/300/309 260/299/309
f 265/301/310 44/268/310 266/298/310
f 121/297/311 262/302/311 261/300/311
f 121/297/312 263/303/312 262/302/312
f 264/304/313 44/268/313 265/301/313
f 121/297/314 264/304/314 263/303/314
f 121/297/315 44/268/315 264/304/315
f 120/305/316 44/268/316 121/297/316
f 119/306/317 44/268/317 120/305/317
f 118/307/318 44/268/318 119/306/318
f 118/307/319 45/308/319 44/268/319
f 43/309/320 215/67/320 44/268/320
f 118/307/321 46/310/321 45/308/321
f 117/311/322 46/310/322 118/307/322
f 117/311/323 47/312/323 46/310/323
f 117/311/324 48/313/324 47/312/324
f 116/314/325 48/313/325 117/311/325
f 116/314/326 49/315/326 48/313/326
f 116/314/327 50/316/327 49/315/327
f 115/317/328 50/316/328 116/314/328
f 115/317/329 51/318/329 50/316/329
f 115/317/330 52/319/330 51/318/330
f 114/320/331 52/319/331 115/317/331
f 114/320/332 53/321/332 52/319/332
f 114/320/333 54/322/333 53/321/333
f 113/323/334 54/322/334 114/320/334
f 113/323/335 55/324/335 54/322/335
f 113/323/336 56/325/336 55/324/336
f 112/326/337 56/325/337 113/323/337
f 112/326/338 57/327/338 56/325/338
f 111/328/339 57/327/339 112/326/339
f 111/328/340 58/329/340 57/327/340
f 111/328/341 59/330/341 58/329/341
f 110/331/342 59/330/342 111/328/342
f 110/331/343 60/332/343 59/330/343
f 110/331/344 61/333/344 60/332/344
f 109/334/345 61/333/345 110/331/345
f 109/334/346 62/335/346 61/333/346
f 109/334/347 63/336/347 62/335/347
f 108/337/348 63/336/348 109/334/348
f 108/337/349 64/338/349 63/336/349
f 108/337/350 65/339/350 64/338/350
f 107/340/351 65/339/351 108/337/351
f 107/340/352 66/341/352 65/339/352
f 106/342/353 66/341/353 107/340/353
f 106/342/354 67/343/354 66/341/354
f 106/342/355 68/344/355 67/343/355
f 105/345/356 68/344/356 106/342/356
f 105/345/357 69/346/357 68/344/357
f 105/345/358 70/347/358 69/346/358
f 104/348/359 70/347/359 105/345/359
f 104/348/360 71/349/360 70/347/360
f 104/348/361 72/350/361 71/349/361
f 103/351/362 72/350/362 104/348/362
f 103/351/363 73/352/363 72/350/363
f 103/351/364 74/353/364 73/352/364
f 102/354/365 74/353/365 103/351/365
f 102/354/366 75/355/366 74/353/366
f 101/356/367 75/355/367 102/354/367
f 101/356/368 76/357/368 75/355/368
f 101/356/369 77/358/369 76/357/369
f 100/359/370 77/358/370 101/356/370
f 100/359/371 78/360/371 77/358/371
f 100/359/372 79/361/372 78/360/372
f 99/362/373 79/361/373 100/359/373
f 99/362/374 80/363/374 79/361/374
f 99/362/375 81/364/375 80/363/375
f 98/365/376 81/364/376 99/362/376
f 98/365/377 82/366/377 81/364/377
f 97/367/378 82/366/378 98/365/378
f 97/367/379 83/368/379 82/366/379
f 97/367/380 84/369/380 83/368/380
f 96/370/381 84/369/381 97/367/381
f 96/370/382 85/371/382 84/369/382
f 96/370/380 86/372/380 85/371/380
f 95/373/381 86/372/381 96/370/381
f 95/373/383 87/374/383 86/372/383
f 94/375/384 87/374/384 95/373/384
f 94/375/385 88/376/385 87/374/385
f 94/375/386 89/377/386 88/376/386
f 93/378/387 89/377/387 94/375/387
f 93/378/388 90/379/388 89/377/388
f 93/378/389 91/380/389 90/379/389
f 92/381/390 91/380/390 93/378/390
f 450/382/391 452/383/391 451/384/391
f 449/385/392 452/383/392 450/382/392
f 449/385/393 453/386/393 452/383/393
f 448/387/394 453/386/394 449/385/394
f 448/387/395 454/388/395 453/386/395
f 447/389/396 454/388/396 448/387/396
f 446/390/397 454/388/397 447/389/397
f 446/390/398 455/391/398 454/388/398
f 445/392/399 455/391/399 446/390/399
f 445/392/400 456/393/400 455/391/400
f 444/394/401 456/393/401 445/392/401
f 443/395/402 456/393/402 444/394/402
f 443/395/403 457/396/403 456/393/403
f 442/397/404 457/396/404 443/395/404
f 442/397/405 458/398/405 457/396/405
f 441/399/405 458/398/405 442/397/405
f 440/400/406 458/398/406 441/399/406
f 440/400/407 459/401/407 458/398/407
f 439/402/408 459/401/408 440/400/408
f 439/402/409 460/403/409 459/401/409
f 438/404/410 460/403/410 439/402/410
f 437/405/411 460/403/411 438/404/411
f 437/405/411 461/406/411 460/403/411
f 436/407/412 461/406/412 437/405/412
f 436/407/413 462/408/413 461/406/413
f 435/409/414 462/408/414 436/407/414
f 434/410/415 462/408/415 435/409/415
f 434/410/416 463/411/416 462/408/416
f 400/412/417 402/413/417 401/414/417
f 400/412/418 403/415/418 402/413/418
f 433/416/419 463/411/419 434/410/419
f 433/416/420 464/417/420 463/411/420
f 432/418/421 464/417/421 433/416/421
f 431/419/422 464/417/422 432/418/422
f 431/419/423 465/420/423 464/417/423
f 430/421/424 465/420/424 431/419/424
f 430/421/425 466/422/425 465/420/425
f 429/423/426 466/422/426 430/421/426
f 428/424/427 466/422/427 429/423/427
f 428/424/428 467/425/428 466/422/428
f 427/426/429 467/425/429 428/424/429
f 427/426/430 468/427/430 467/425/430
f 426/428/431 468/427/431 427/426/431
f 425/429/432 468/427/432 426/428/432
f 425/429/433 469/430/433 468/427/433
f 424/431/434 469/430/434 425/429/434
f 424/431/435 470/432/435 469/430/435
f 423/433/436 470/432/436 424/431/436
f 423/433/437 471/434/437 470/432/437
f 422/435/438 471/434/438 423/433/438
f 421/436/439 471/434/439 422/435/439
f 421/436/440 472/437/440 471/434/440
f 420/438/441 472/437/441 421/436/441
f 420/438/442 473/439/442 472/437/442
f 419/440/443 473/439/443 420/438/443
f 418/441/444 473/439/444 419/440/444
f 418/441/445 474/442/445 473/439/445
f 417/443/446 474/442/446 418/441/446
f 417/443/447 475/444/447 474/442/447
f 416/445/448 475/444/448 417/443/448
f 415/446/449 475/444/449 416/445/449
f 415/446/450 476/447/450 475/444/450
f 414/448/451 476/447/451 415/446/451
f 414/448/452 477/449/452 476/447/452
f 413/450/453 477/449/453 414/448/453
f 412/451/454 477/449/454 413/450/454
f 412/451/455 478/452/455 477/449/455
f 411/453/456 478/452/456 412/451/456
f 411/453/457 479/454/457 478/452/457
f 410/455/458 479/454/458 411/453/458
f 409/456/459 479/454/459 410/455/459
f 409/456/460 480/457/460 479/454/460
f 408/458/461 480/457/461 409/456/461
f 408/458/462 481/459/462 480/457/462
f 407/460/463 481/459/463 408/458/463
f 406/461/464 481/459/464 407/460/464
f 406/461/465 482/462/465 481/459/465
f 405/463/466 482/462/466 406/461/466
f 405/463/467 483/464/467 482/462/467
f 404/465/468 483/464/468 405/463/468
f 403/415/469 483/464/469 404/465/469
f 403/415/470 484/466/470 483/464/470
f 400/412/471 398/467/471 403/415/471
f 398/467/472 397/468/472 403/415/472
f 397/468/473 396/469/473 403/415/473
f 396/469/474 395/470/474 403/415/474
f 395/470/475 394/471/475 403/415/475
f 394/471/476 393/472/476 403/415/476
f 393/472/477 392/473/477 403/415/477
f 392/473/478 391/474/478 403/415/478
f 391/474/479 390/475/479 403/415/479
f 390/475/480 389/476/480 403/415/480
f 389/476/481 388/477/481 403/415/481
f 388/477/482 387/478/482 403/415/482
f 387/478/483 386/479/483 403/415/483
f 386/479/484 385/480/484 403/415/484
f 385/480/485 384/481/485 403/415/485
f 384/481/486 383/482/486 403/415/486
f 383/482/487 382/483/487 403/415/487
f 382/483/488 381/484/488 403/415/488
f 381/484/489 380/485/489 403/415/489
f 380/485/490 379/486/490 403/415/490
f 379/486/491 378/487/491 403/415/491
f 378/487/492 377/488/492 403/415/492
f 377/488/493 376/489/493 403/415/493
f 376/489/494 375/490/494 403/415/494
f 375/490/495 484/466/495 403/415/495
f 375/490/496 485/491/496 484/466/496
f 375/490/497 374/492/497 485/491/497
f 374/492/498 486/493/498 485/491/498
f 374/492/499 487/494/499 486/493/499
f 373/495/500 487/494/500 374/492/500
f 373/495/501 488/496/501 487/494/501
f 372/497/502 488/496/502 373/495/502
f 371/498/503 488/496/503 372/497/503
f 370/499/504 488/496/504 371/498/504
f 370/499/505 489/500/505 488/496/505
f 369/501/506 489/500/506 370/499/506
f 369/501/507 490/502/507 489/500/507
f 368/503/508 490/502/508 369/501/508
f 368/503/509 491/504/509 490/502/509
f 367/505/510 491/504/510 368/503/510
f 367/505/511 492/506/511 491/504/511
f 366/507/512 492/506/512 367/505/512
f 366/507/513 493/508/513 492/506/513
f 366/507/514 494/509/514 493/508/514
f 365/510/515 494/509/515 366/507/515
f 365/510/516 495/511/516 494/509/516
f 364/512/517 495/511/517 365/510/517
f 364/512/518 496/513/518 495/511/518
f 364/512/519 497/514/519 496/513/519
f 363/515/520 497/514/520 364/512/520
f 363/515/521 498/516/521 497/514/521
f 363/515/522 499/517/522 498/516/522
f 362/518/523 499/517/523 363/515/523
f 362/518/524 500/211/524 499/517/524
f 361/309/525 500/211/525 362/518/525
f 400/412/526 399/519/526 398/467/526
f 644/520/527 646/521/527 645/522/527
f 644/520/528 647/523/528 646/521/528
f 643/524/529 647/523/529 644/520/529
f 643/524/530 648/525/530 647/523/530
f 642/526/531 648/525/531 643/524/531
f 642/526/532 649/527/532 648/525/532
f 641/528/533 649/527/533 642/526/533
f 641/528/534 650/529/534 649/527/534
f 640/530/535 650/529/535 641/528/535
f 640/530/536 651/531/536 650/529/536
f 639/532/537 651/531/537 640/530/537
f 639/532/538 652/533/538 651/531/538
f 638/534/539 652/533/539 639/532/539
f 638/534/540 653/535/540 652/533/540
f 637/536/541 653/535/541 638/534/541
f 637/536/542 654/537/542 653/535/542
f 636/538/543 654/537/543 637/536/543
f 636/538/544 655/539/544 654/537/544
f 635/540/545 655/539/545 636/538/545
f 635/540/546 656/541/546 655/539/546
f 634/542/547 656/541/547 635/540/547
f 634/542/548 657/543/548 656/541/548
f 633/544/549 657/543/549 634/542/549
f 633/544/550 658/545/550 657/543/550
f 632/546/551 658/545/551 633/544/551
f 632/546/552 659/547/552 658/545/552
f 631/548/553 659/547/553 632/546/553
f 631/548/554 660/549/554 659/547/554
f 630/550/555 660/549/555 631/548/555
f 630/550/556 661/551/556 660/549/556
f 630/550/557 662/552/557 661/551/557
f 629/553/558 662/552/558 630/550/558
f 629/553/559 663/554/559 662/552/559
f 628/555/560 663/554/560 629/553/560
f 628/555/561 664/556/561 663/554/561
f 627/557/562 664/556/562 628/555/562
f 627/557/563 665/558/563 664/556/563
f 626/559/564 665/558/564 627/557/564
f 626/559/565 666/560/565 665/558/565
f 625/561/566 666/560/566 626/559/566
f 625/561/567 667/562/567 666/560/567
f 624/563/568 667/562/568 625/561/568
f 624/563/569 668/564/569 667/562/569
f 623/565/570 668/564/570 624/563/570
f 623/565/571 669/566/571 668/564/571
f 622/567/572 669/566/572 623/565/572
f 622/567/573 670/568/573 669/566/573
f 621/569/574 670/568/574 622/567/574
f 621/569/575 671/570/575 670/568/575
f 620/571/576 671/570/576 621/569/576
f 620/571/577 672/572/577 671/570/577
f 619/573/578 672/572/578 620/571/578
f 619/573/579 673/574/579 672/572/579
f 618/575/580 673/574/580 619/573/580
f 618/575/581 674/576/581 673/574/581
f 617/577/582 674/576/582 618/575/582
f 617/577/583 675/578/583 674/576/583
f 616/579/584 675/578/584 617/577/584
f 616/579/585 717/580/585 675/578/585
f 717/580/586 676/581/586 675/578/586
f 615/582/587 718/583/587 616/579/587
f 718/583/588 717/580/588 616/579/588
f 716/584/589 676/581/589 717/580/589
f 615/582/590 719/585/590 718/583/590
f 715/586/591 676/581/591 716/584/591
f 615/582/592 720/587/592 719/585/592
f 615/582/593 721/588/593 720/587/593
f 714/589/594 676/581/594 715/586/594
f 615/582/595 722/590/595 721/588/595
f 615/582/596 723/591/596 722/590/596
f 713/592/597 676/581/597 714/589/597
f 615/582/598 724/593/598 723/591/598
f 615/582/599 725/594/599 724/593/599
f 712/595/600 676/581/600 713/592/600
f 712/595/601 677/596/601 676/581/601
f 615/582/602 726/597/602 725/594/602
f 614/598/603 726/597/603 615/582/603
f 711/599/604 677/596/604 712/595/604
f 614/598/605 727/600/605 726/597/605
f 614/598/606 728/601/606 727/600/606
f 710/602/607 677/596/607 711/599/607
f 614/598/608 729/603/608 728/601/608
f 710/602/609 678/604/609 677/596/609
f 614/598/610 730/605/610 729/603/610
f 709/606/611 678/604/611 710/602/611
f 613/607/612 730/605/612 614/598/612
f 613/607/613 731/608/613 730/605/613
f 613/607/614 732/609/614 731/608/614
f 708/610/615 678/604/615 709/606/615
f 613/607/616 733/611/616 732/609/616
f 708/610/617 679/612/617 678/604/617
f 612/613/618 733/611/618 613/607/618
f 612/613/619 734/614/619 733/611/619
f 707/615/620 679/612/620 708/610/620
f 612/613/621 735/616/621 734/614/621
f 707/615/622 680/617/622 679/612/622
f 612/613/623 736/618/623 735/616/623
f 706/619/624 680/617/624 707/615/624
f 611/620/625 736/618/625 612/613/625
f 611/620/626 737/621/626 736/618/626
f 611/620/626 738/622/626 737/621/626
f 705/623/627 680/617/627 706/619/627
f 705/623/628 681/624/628 680/617/628
f 610/625/629 738/622/629 611/620/629
f 610/625/630 739/626/630 738/622/630
f 704/627/631 681/624/631 705/623/631
f 610/625/632 740/628/632 739/626/632
f 704/627/633 682/629/633 681/624/633
f 610/625/634 741/630/634 740/628/634
f 609/631/635 741/630/635 610/625/635
f 703/632/636 682/629/636 704/627/636
f 609/631/637 742/633/637 741/630/637
f 609/631/638 743/634/638 742/633/638
f 703/632/639 683/635/639 682/629/639
f 608/636/640 743/634/640 609/631/640
f 702/637/641 683/635/641 703/632/641
f 608/636/642 744/638/642 743/634/642
f 608/636/643 745/639/643 744/638/643
f 702/637/644 684/640/644 683/635/644
f 607/641/645 745/639/645 608/636/645
f 607/641/646 746/642/646 745/639/646
f 701/643/647 684/640/647 702/637/647
f 607/641/648 747/644/648 746/642/648
f 701/643/649 685/645/649 684/640/649
f 606/646/650 747/644/650 607/641/650
f 606/646/651 748/647/651 747/644/651
f 700/648/652 685/645/652 701/643/652
f 606/646/653 749/649/653 748/647/653
f 700/648/654 686/650/654 685/645/654
f 605/651/655 749/649/655 606/646/655
f 605/651/656 750/652/656 749/649/656
f 699/653/657 686/650/657 700/648/657
f 605/651/658 751/654/658 750/652/658
f 699/653/659 687/655/659 686/650/659
f 604/656/660 751/654/660 605/651/660
f 604/656/661 752/657/661 751/654/661
f 698/658/662 687/655/662 699/653/662
f 604/656/663 753/659/663 752/657/663
f 698/658/664 688/660/664 687/655/664
f 603/661/665 753/659/665 604/656/665
f 603/661/666 754/662/666 753/659/666
f 697/663/667 688/660/667 698/658/667
f 603/661/668 755/664/668 754/662/668
f 602/665/669 755/664/669 603/661/669
f 697/663/670 689/666/670 688/660/670
f 602/665/671 756/667/671 755/664/671
f 696/668/672 689/666/672 697/663/672
f 602/665/673 757/669/673 756/667/673
f 601/670/674 757/669/674 602/665/674
f 696/668/675 690/671/675 689/666/675
f 601/670/676 758/672/676 757/669/676
f 695/673/677 690/671/677 696/668/677
f 601/670/678 759/674/678 758/672/678
f 600/675/679 759/674/679 601/670/679
f 695/673/680 691/676/680 690/671/680
f 600/675/681 760/677/681 759/674/681
f 600/675/682 761/678/682 760/677/682
f 599/679/683 761/678/683 600/675/683
f 694/680/684 691/676/684 695/673/684
f 694/680/685 692/681/685 691/676/685
f 599/679/686 762/682/686 761/678/686
f 598/683/687 762/682/687 599/679/687
f 598/683/688 763/684/688 762/682/688
f 694/680/689 501/309/689 692/681/689
f 693/685/690 501/309/690 694/680/690
f 598/683/691 764/686/691 763/684/691
f 597/687/692 764/686/692 598/683/692
f 597/687/693 765/688/693 764/686/693
f 693/685/694 502/689/694 501/309/694
f 836/211/689 502/689/689 693/685/689
f 597/687/695 766/690/695 765/688/695
f 596/691/696 766/690/696 597/687/696
f 835/692/697 502/689/697 836/211/697
f 835/692/698 503/693/698 502/689/698
f 834/694/699 503/693/699 835/692/699
f 596/691/692 767/695/692 766/690/692
f 595/696/700 767/695/700 596/691/700
f 834/694/701 504/697/701 503/693/701
f 833/698/702 504/697/702 834/694/702
f 832/699/703 504/697/703 833/698/703
f 594/700/704 767/695/704 595/696/704
f 832/699/705 505/701/705 504/697/705
f 594/700/706 768/702/706 767/695/706
f 831/703/707 505/701/707 832/699/707
f 830/704/708 505/701/708 831/703/708
f 593/705/709 768/702/709 594/700/709
f 830/704/710 506/706/710 505/701/710
f 829/707/711 506/706/711 830/704/711
f 593/705/712 769/708/712 768/702/712
f 828/709/713 506/706/713 829/707/713
f 828/709/714 507/710/714 506/706/714
f 592/711/715 769/708/715 593/705/715
f 827/712/716 507/710/716 828/709/716
f 592/711/717 770/713/717 769/708/717
f 826/714/718 507/710/718 827/712/718
f 826/714/719 508/715/719 507/710/719
f 591/716/720 770/713/720 592/711/720
f 825/717/721 508/715/721 826/714/721
f 591/716/722 771/718/722 770/713/722
f 824/719/723 508/715/723 825/717/723
f 824/719/724 509/720/724 508/715/724
f 590/721/725 771/718/725 591/716/725
f 823/722/726 509/720/726 824/719/726
f 590/721/727 772/723/727 771/718/727
f 823/722/728 510/724/728 509/720/728
f 822/725/729 510/724/729 823/722/729
f 589/726/730 772/723/730 590/721/730
f 821/727/731 510/724/731 822/725/731
f 589/726/732 773/728/732 772/723/732
f 821/727/733 511/729/733 510/724/733
f 820/730/734 511/729/734 821/727/734
f 588/731/735 773/728/735 589/726/735
f 819/732/736 511/729/736 820/730/736
f 588/731/737 774/733/737 773/728/737
f 819/732/738 512/734/738 511/729/738
f 818/735/739 512/734/739 819/732/739
f 587/736/740 774/733/740 588/731/740
f 817/737/741 512/734/741 818/735/741
f 587/736/742 775/738/742 774/733/742
f 817/737/743 513/739/743 512/734/743
f 816/740/744 513/739/744 817/737/744
f 586/741/745 775/738/745 587/736/745
f 815/742/746 513/739/746 816/740/746
f 586/741/747 776/743/747 775/738/747
f 815/742/748 514/744/748 513/739/748
f 814/745/749 514/744/749 815/742/749
f 585/746/750 776/743/750 586/741/750
f 813/747/751 514/744/751 814/745/751
f 585/746/752 777/748/752 776/743/752
f 812/749/753 514/744/753 813/747/753
f 812/749/754 515/750/754 514/744/754
f 811/751/755 515/750/755 812/749/755
f 584/752/756 777/748/756 585/746/756
f 584/752/757 778/753/757 777/748/757
f 810/754/758 515/750/758 811/751/758
f 810/754/759 516/755/759 515/750/759
f 809/756/760 516/755/760 810/754/760
f 583/757/761 778/753/761 584/752/761
f 583/757/762 779/758/762 778/753/762
f 808/759/763 516/755/763 809/756/763
f 808/759/764 517/760/764 516/755/764
f 807/761/765 517/760/765 808/759/765
f 583/757/766 780/762/766 779/758/766
f 806/763/767 517/760/767 807/761/767
f 582/764/768 780/762/768 583/757/768
f 805/765/769 517/760/769 806/763/769
f 805/765/770 518/766/770 517/760/770
f 582/764/771 781/767/771 780/762/771
f 804/768/772 518/766/772 805/765/772
f 803/769/773 518/766/773 804/768/773
f 581/770/774 781/767/774 582/764/774
f 581/770/775 782/771/775 781/767/775
f 802/772/776 518/766/776 803/769/776
f 802/772/777 519/773/777 518/766/777
f 801/774/778 519/773/778 802/772/778
f 581/770/779 783/775/779 782/771/779
f 800/776/780 519/773/780 801/774/780
f 580/777/781 783/775/781 581/770/781
f 799/778/782 519/773/782 800/776/782
f 580/777/783 784/779/783 783/775/783
f 798/780/784 519/773/784 799/778/784
f 798/780/785 520/781/785 519/773/785
f 580/777/786 785/782/786 784/779/786
f 797/783/787 520/781/787 798/780/787
f 796/784/788 520/781/788 797/783/788
f 580/777/789 786/785/789 785/782/789
f 795/786/790 520/781/790 796/784/790
f 579/787/791 786/785/791 580/777/791
f 794/788/792 520/781/792 795/786/792
f 579/787/793 787/789/793 786/785/793
f 793/790/794 520/781/794 794/788/794
f 792/791/795 520/781/795 793/790/795
f 579/787/796 788/792/796 787/789/796
f 792/791/797 521/793/797 520/781/797
f 791/794/798 521/793/798 792/791/798
f 790/795/799 521/793/799 791/794/799
f 579/787/800 789/796/800 788/792/800
f 789/796/801 521/793/801 790/795/801
f 579/787/802 521/793/802 789/796/802
f 578/797/803 521/793/803 579/787/803
f 578/797/804 522/798/804 521/793/804
f 577/799/805 522/798/805 578/797/805
f 577/799/806 523/800/806 522/798/806
f 576/801/807 523/800/807 577/799/807
f 576/801/808 524/802/808 523/800/808
f 575/803/809 524/802/809 576/801/809
f 575/803/810 525/804/810 524/802/810
f 574/805/811 525/804/811 575/803/811
f 574/805/812 526/806/812 525/804/812
f 573/807/813 526/806/813 574/805/813
f 573/807/814 527/808/814 526/806/814
f 572/809/815 527/808/815 573/807/815
f 572/809/816 528/810/816 527/808/816
f 571/811/817 528/810/817 572/809/817
f 571/811/818 529/812/818 528/810/818
f 570/813/819 529/812/819 571/811/819
f 570/813/820 530/814/820 529/812/820
f 569/815/821 530/814/821 570/813/821
f 569/815/822 531/816/822 530/814/822
f 568/817/823 531/816/823 569/815/823
f 568/817/823 532/818/823 531/816/823
f 567/819/824 532/818/824 568/817/824
f 567/819/824 533/820/824 532/818/824
f 566/821/825 533/820/825 567/819/825
f 566/821/826 534/822/826 533/820/826
f 565/823/827 534/822/827 566/821/827
f 565/823/828 535/824/828 534/822/828
f 564/825/829 535/824/829 565/823/829
f 564/825/830 536/826/830 535/824/830
f 563/827/831 536/826/831 564/825/831
f 563/827/832 537/828/832 536/826/832
f 562/829/833 537/828/833 563/827/833
f 562/829/834 538/830/834 537/828/834
f 561/831/835 538/830/835 562/829/835
f 560/832/836 538/830/836 561/831/836
f 560/832/837 539/833/837 538/830/837
f 559/834/838 539/833/838 560/832/838
f 559/834/839 540/835/839 539/833/839
f 558/836/840 540/835/840 559/834/840
f 558/836/841 541/837/841 540/835/841
f 557/838/842 541/837/842 558/836/842
f 557/838/843 542/839/843 541/837/843
f 556/840/844 542/839/844 557/838/844
f 556/840/845 543/841/845 542/839/845
f 555/842/846 543/841/846 556/840/846
f 555/842/847 544/843/847 543/841/847
f 554/844/848 544/843/848 555/842/848
f 554/844/849 545/845/849 544/843/849
f 553/846/850 545/845/850 554/844/850
f 553/846/851 546/847/851 545/845/851
f 552/848/852 546/847/852 553/846/852
f 552/848/853 547/849/853 546/847/853
f 551/850/854 547/849/854 552/848/854
f 551/850/855 548/851/855 547/849/855
f 550/852/856 548/851/856 551/850/856
f 550/852/857 549/853/857 548/851/857
f 1037/854/858 1039/855/858 1038/856/858
f 1109/857/859 1111/858/859 1110/859/859
f 1036/860/860 1039/855/860 1037/854/860
f 1108/861/861 1111/858/861 1109/857/861
f 1035/862/862 1039/855/862 1036/860/862
f 1107/863/863 1111/858/863 1108/861/863
f 1035/862/864 1040/864/864 1039/855/864
f 1107/863/865 1112/865/865 1111/858/865
f 1034/866/866 1040/864/866 1035/862/866
f 1106/867/867 1112/865/867 1107/863/867
f 1033/868/868 1040/864/868 1034/866/868
f 1105/869/869 1112/865/869 1106/867/869
f 1033/868/870 1041/870/870 1040/864/870
f 1032/871/871 1041/870/871 1033/868/871
f 1104/872/872 1112/865/872 1105/869/872
f 1104/872/873 1113/873/873 1112/865/873
f 1031/874/874 1041/870/874 1032/871/874
f 1103/875/875 1113/873/875 1104/872/875
f 1031/874/876 1042/876/876 1041/870/876
f 1030/877/877 1042/876/877 1031/874/877
f 1102/878/878 1113/873/878 1103/875/878
f 1029/879/879 1042/876/879 1030/877/879
f 1101/880/880 1113/873/880 1102/878/880
f 1101/880/881 1114/881/881 1113/873/881
f 1029/879/882 1043/882/882 1042/876/882
f 1028/883/883 1043/882/883 1029/879/883
f 1100/884/884 1114/881/884 1101/880/884
f 1027/885/885 1043/882/885 1028/883/885
f 1099/886/886 1114/881/886 1100/884/886
f 1026/887/887 1043/882/887 1027/885/887
f 1098/888/888 1114/881/888 1099/886/888
f 1026/887/889 1044/889/889 1043/882/889
f 1098/888/890 1115/890/890 1114/881/890
f 1025/891/891 1044/889/891 1026/887/891
f 1097/892/892 1115/890/892 1098/888/892
f 1024/893/893 1044/889/893 1025/891/893
f 1096/894/894 1115/890/894 1097/892/894
f 1024/893/895 1045/895/895 1044/889/895
f 1023/896/896 1045/895/896 1024/893/896
f 1095/897/897 1115/890/897 1096/894/897
f 1095/897/898 1116/898/898 1115/890/898
f 1022/899/899 1045/895/899 1023/896/899
f 1094/900/900 1116/898/900 1095/897/900
f 1022/899/901 1046/901/901 1045/895/901
f 1021/902/902 1046/901/902 1022/899/902
f 1093/903/903 1116/898/903 1094/900/903
f 1020/904/904 1046/901/904 1021/902/904
f 1092/905/905 1116/898/905 1093/903/905
f 1092/905/906 1117/906/906 1116/898/906
f 1020/904/907 1047/907/907 1046/901/907
f 987/908/908 989/909/908 988/910/908
f 987/908/909 990/911/909 989/909/909
f 1019/912/910 1047/907/910 1020/904/910
f 1091/913/911 1117/906/911 1092/905/911
f 1018/914/912 1047/907/912 1019/912/912
f 1090/915/913 1117/906/913 1091/913/913
f 1018/914/914 1048/916/914 1047/907/914
f 1017/917/915 1048/916/915 1018/914/915
f 1089/918/916 1117/906/916 1090/915/916
f 1089/918/917 1118/919/917 1117/906/917
f 1016/920/918 1048/916/918 1017/917/918
f 1088/921/919 1118/919/919 1089/918/919
f 1016/920/920 1049/922/920 1048/916/920
f 1015/923/921 1049/922/921 1016/920/921
f 1087/924/922 1118/919/922 1088/921/922
f 1087/924/923 1119/925/923 1118/919/923
f 1014/926/924 1049/922/924 1015/923/924
f 1086/927/925 1119/925/925 1087/924/925
f 1014/926/926 1050/928/926 1049/922/926
f 1013/929/927 1050/928/927 1014/926/927
f 1085/930/928 1119/925/928 1086/927/928
f 1012/931/929 1050/928/929 1013/929/929
f 1084/932/930 1119/925/930 1085/930/930
f 1084/932/931 1120/933/931 1119/925/931
f 1012/931/932 1051/934/932 1050/928/932
f 1011/935/933 1051/934/933 1012/931/933
f 1083/936/934 1120/933/934 1084/932/934
f 1010/937/935 1051/934/935 1011/935/935
f 1082/938/936 1120/933/936 1083/936/936
f 1010/937/937 1052/939/937 1051/934/937
f 1009/940/938 1052/939/938 1010/937/938
f 1081/941/939 1120/933/939 1082/938/939
f 1081/941/940 1121/942/940 1120/933/940
f 1008/943/941 1052/939/941 1009/940/941
f 1080/944/942 1121/942/942 1081/941/942
f 1008/943/943 1053/945/943 1052/939/943
f 1007/946/944 1053/945/944 1008/943/944
f 1079/947/945 1121/942/945 1080/944/945
f 1079/947/946 1122/948/946 1121/942/946
f 1006/949/947 1053/945/947 1007/946/947
f 1078/950/948 1122/948/948 1079/947/948
f 1006/949/949 1054/951/949 1053/945/949
f 1005/952/950 1054/951/950 1006/949/950
f 1077/953/951 1122/948/951 1078/950/951
f 1004/954/952 1054/951/952 1005/952/952
f 1076/955/953 1122/948/953 1077/953/953
f 1076/955/954 1123/956/954 1122/948/954
f 1004/954/955 1055/957/955 1054/951/955
f 1003/958/956 1055/957/956 1004/954/956
f 1075/959/957 1123/956/957 1076/955/957
f 1002/960/958 1055/957/958 1003/958/958
f 1074/961/959 1123/956/959 1075/959/959
f 1002/960/960 1056/962/960 1055/957/960
f 1074/961/959 1124/963/959 1123/956/959
f 1001/964/961 1056/962/961 1002/960/961
f 1073/965/962 1124/963/962 1074/961/962
f 1000/966/963 1056/962/963 1001/964/963
f 1072/967/964 1124/963/964 1073/965/964
f 1000/966/965 1057/968/965 1056/962/965
f 999/969/966 1057/968/966 1000/966/966
f 1071/970/967 1124/963/967 1072/967/967
f 1071/970/968 1125/971/968 1124/963/968
f 998/972/969 1057/968/969 999/969/969
f 1070/973/970 1125/971/970 1071/970/970
f 998/972/971 1058/974/971 1057/968/971
f 997/975/972 1058/974/972 998/972/972
f 1069/976/973 1125/971/973 1070/973/973
f 997/975/974 1059/977/974 1058/974/974
f 996/978/975 1059/977/975 997/975/975
f 1068/979/976 1125/971/976 1069/976/976
f 1068/979/977 1126/980/977 1125/971/977
f 995/981/978 1059/977/978 996/978/978
f 1067/982/979 1126/980/979 1068/979/979
f 995/981/980 1060/983/980 1059/977/980
f 994/984/981 1060/983/981 995/981/981
f 1066/985/982 1126/980/982 1067/982/982
f 1066/985/983 1127/986/983 1126/980/983
f 993/987/984 1060/983/984 994/984/984
f 1065/988/985 1127/986/985 1066/985/985
f 993/987/986 1061/989/986 1060/983/986
f 992/990/987 1061/989/987 993/987/987
f 1064/991/988 1127/986/988 1065/988/988
f 991/992/989 1061/989/989 992/990/989
f 1063/993/990 1127/986/990 1064/991/990
f 1063/993/991 1128/994/991 1127/986/991
f 991/992/992 1062/995/992 1061/989/992
f 990/911/993 1062/995/993 991/992/993
f 1062/995/994 1128/994/994 1063/993/994
f 987/908/995 985/996/995 990/911/995
f 985/996/996 984/997/996 990/911/996
f 984/997/997 983/998/997 990/911/997
f 983/998/997 982/999/997 990/911/997
f 982/999/998 981/1000/998 990/911/998
f 981/1000/998 980/1001/998 990/911/998
f 980/1001/999 979/1002/999 990/911/999
f 979/1002/1000 978/1003/1000 990/911/1000
f 978/1003/1000 977/1004/1000 990/911/1000
f 977/1004/1001 976/1005/1001 990/911/1001
f 976/1005/1002 975/1006/1002 990/911/1002
f 975/1006/1003 974/1007/1003 990/911/1003
f 974/1007/1004 973/1008/1004 990/911/1004
f 973/1008/1005 972/1009/1005 990/911/1005
f 972/1009/1006 971/1010/1006 990/911/1006
f 971/1010/1007 970/1011/1007 990/911/1007
f 970/1011/1008 969/1012/1008 990/911/1008
f 969/1012/1009 968/1013/1009 990/911/1009
f 968/1013/1010 967/1014/1010 990/911/1010
f 967/1014/1011 966/1015/1011 990/911/1011
f 966/1015/1012 965/1016/1012 990/911/1012
f 965/1016/1013 964/1017/1013 990/911/1013
f 964/1017/1014 963/1018/1014 990/911/1014
f 963/1018/1015 962/1019/1015 990/911/1015
f 962/1019/1016 1062/995/1016 990/911/1016
f 962/1019/1017 961/1020/1017 1062/995/1017
f 961/1020/1018 1128/994/1018 1062/995/1018
f 961/1020/1019 886/1021/1019 1128/994/1019
f 886/1021/1020 1129/1022/1020 1128/994/1020
f 960/1023/1021 886/1021/1021 961/1020/1021
f 960/1023/1022 887/1024/1022 886/1021/1022
f 885/1025/1023 1129/1022/1023 886/1021/1023
f 959/1026/1024 887/1024/1024 960/1023/1024
f 884/1027/1025 1129/1022/1025 885/1025/1025
f 958/1028/1026 887/1024/1026 959/1026/1026
f 883/1029/1027 1129/1022/1027 884/1027/1027
f 958/1028/1028 888/1030/1028 887/1024/1028
f 957/1031/1029 888/1030/1029 958/1028/1029
f 882/1032/1030 1129/1022/1030 883/1029/1030
f 956/1033/1031 888/1030/1031 957/1031/1031
f 881/1034/1032 1129/1022/1032 882/1032/1032
f 956/1033/1033 889/1035/1033 888/1030/1033
f 881/1034/1034 1130/1036/1034 1129/1022/1034
f 955/1037/1035 889/1035/1035 956/1033/1035
f 880/1038/1036 1130/1036/1036 881/1034/1036
f 954/1039/1037 889/1035/1037 955/1037/1037
f 879/1040/1038 1130/1036/1038 880/1038/1038
f 954/1039/1039 890/1041/1039 889/1035/1039
f 953/1042/1040 890/1041/1040 954/1039/1040
f 878/1043/1041 1130/1036/1041 879/1040/1041
f 952/1044/1042 890/1041/1042 953/1042/1042
f 877/1045/1043 1130/1036/1043 878/1043/1043
f 952/1044/1044 891/1046/1044 890/1041/1044
f 951/1047/1045 891/1046/1045 952/1044/1045
f 876/1048/1046 1130/1036/1046 877/1045/1046
f 950/1049/1047 891/1046/1047 951/1047/1047
f 875/1050/1048 1130/1036/1048 876/1048/1048
f 950/1049/1049 892/1051/1049 891/1046/1049
f 949/1052/1050 892/1051/1050 950/1049/1050
f 874/1053/1051 1130/1036/1051 875/1050/1051
f 948/1054/1052 892/1051/1052 949/1052/1052
f 873/1055/1053 1130/1036/1053 874/1053/1053
f 948/1054/1054 893/1056/1054 892/1051/1054
f 947/1057/1055 893/1056/1055 948/1054/1055
f 872/1058/1056 1130/1036/1056 873/1055/1056
f 946/1059/1057 893/1056/1057 947/1057/1057
f 871/1060/1058 1130/1036/1058 872/1058/1058
f 946/1059/1059 894/1061/1059 893/1056/1059
f 945/1062/1060 894/1061/1060 946/1059/1060
f 870/1063/1061 1130/1036/1061 871/1060/1061
f 944/1064/1062 894/1061/1062 945/1062/1062
f 869/1065/1063 1130/1036/1063 870/1063/1063
f 944/1064/1064 895/1066/1064 894/1061/1064
f 943/1067/1065 895/1066/1065 944/1064/1065
f 868/1068/1066 1130/1036/1066 869/1065/1066
f 942/1069/1067 895/1066/1067 943/1067/1067
f 867/1070/1068 1130/1036/1068 868/1068/1068
f 867/1070/1069 1131/1071/1069 1130/1036/1069
f 942/1069/1070 896/1072/1070 895/1066/1070
f 941/1073/1071 896/1072/1071 942/1069/1071
f 866/1074/1072 1131/1071/1072 867/1070/1072
f 940/1075/1073 896/1072/1073 941/1073/1073
f 865/1076/1074 1131/1071/1074 866/1074/1074
f 939/1077/1075 896/1072/1075 940/1075/1075
f 864/1078/1076 1131/1071/1076 865/1076/1076
f 939/1077/1077 897/1079/1077 896/1072/1077
f 938/1080/1078 897/1079/1078 939/1077/1078
f 863/1081/1079 1131/1071/1079 864/1078/1079
f 937/1082/1080 897/1079/1080 938/1080/1080
f 862/1083/1081 1131/1071/1081 863/1081/1081
f 937/1082/1082 898/1084/1082 897/1079/1082
f 936/1085/1083 898/1084/1083 937/1082/1083
f 861/1086/1084 1131/1071/1084 862/1083/1084
f 935/1087/1085 898/1084/1085 936/1085/1085
f 860/1088/1086 1131/1071/1086 861/1086/1086
f 935/1087/1087 899/1089/1087 898/1084/1087
f 860/1088/1088 1132/1090/1088 1131/1071/1088
f 934/1091/1089 899/1089/1089 935/1087/1089
f 859/1092/1090 1132/1090/1090 860/1088/1090
f 933/1093/1091 899/1089/1091 934/1091/1091
f 858/1094/1092 1132/1090/1092 859/1092/1092
f 933/1093/1093 900/1095/1093 899/1089/1093
f 932/1096/1094 900/1095/1094 933/1093/1094
f 857/1097/1095 1132/1090/1095 858/1094/1095
f 931/1098/1096 900/1095/1096 932/1096/1096
f 856/1099/1097 1132/1090/1097 857/1097/1097
f 931/1098/1098 901/1100/1098 900/1095/1098
f 930/1101/1099 901/1100/1099 931/1098/1099
f 855/1102/1100 1132/1090/1100 856/1099/1100
f 929/1103/1101 901/1100/1101 930/1101/1101
f 854/1104/1102 1132/1090/1102 855/1102/1102
f 854/1104/1103 1133/1105/1103 1132/1090/1103
f 929/1103/1104 902/1106/1104 901/1100/1104
f 928/1107/1105 902/1106/1105 929/1103/1105
f 853/1108/1106 1133/1105/1106 854/1104/1106
f 927/1109/1107 902/1106/1107 928/1107/1107
f 852/1110/1108 1133/1105/1108 853/1108/1108
f 926/1111/1109 902/1106/1109 927/1109/1109
f 851/1112/1110 1133/1105/1110 852/1110/1110
f 926/1111/1111 903/1113/1111 902/1106/1111
f 925/1114/1112 903/1113/1112 926/1111/1112
f 850/1115/1113 1133/1105/1113 851/1112/1113
f 924/1116/1114 903/1113/1114 925/1114/1114
f 849/1117/1115 1133/1105/1115 850/1115/1115
f 924/1116/1111 904/1118/1111 903/1113/1111
f 849/1117/1116 1134/1119/1116 1133/1105/1116
f 923/1120/1111 904/1118/1111 924/1116/1111
f 848/1121/1117 1134/1119/1117 849/1117/1117
f 922/1122/1118 904/1118/1118 923/1120/1118
f 847/1123/1119 1134/1119/1119 848/1121/1119
f 922/1122/1111 905/1124/1111 904/1118/1111
f 921/1125/1120 905/1124/1120 922/1122/1120
f 846/1126/1121 1134/1119/1121 847/1123/1121
f 920/1127/1122 905/1124/1122 921/1125/1122
f 845/1128/1123 1134/1119/1123 846/1126/1123
f 919/1129/1124 905/1124/1124 920/1127/1124
f 844/1130/1125 1134/1119/1125 845/1128/1125
f 919/1129/1111 906/1131/1111 905/1124/1111
f 844/1130/1126 1135/211/1126 1134/1119/1126
f 918/1132/1127 906/1131/1127 919/1129/1127
f 843/1133/1128 1135/211/1128 844/1130/1128
f 917/1134/1129 906/1131/1129 918/1132/1129
f 842/1135/1130 1135/211/1130 843/1133/1130
f 917/1134/1131 907/1136/1131 906/1131/1131
f 916/1137/1132 907/1136/1132 917/1134/1132
f 841/1138/1133 1135/211/1133 842/1135/1133
f 915/1139/1134 907/1136/1134 916/1137/1134
f 840/1140/1135 1135/211/1135 841/1138/1135
f 915/1139/1131 908/1141/1131 907/1136/1131
f 914/1142/1136 908/1141/1136 915/1139/1136
f 839/1143/1103 1135/211/1103 840/1140/1103
f 913/1144/1137 908/1141/1137 914/1142/1137
f 838/1145/1138 1135/211/1138 839/1143/1138
f 912/1146/1139 910/1147/1139 913/1144/1139
f 910/1147/1140 909/1148/1140 913/1144/1140
f 909/1148/1140 908/1141/1140 913/1144/1140
f 837/309/1141 1135/211/1141 838/1145/1141
f 987/908/1142 986/1149/1142 985/996/1142
f 912/1146/1143 911/1150/1143 910/1147/1143
f 1305/1151/1144 1307/1152/1144 1306/1153/1144
f 1305/1151/1145 1308/1154/1145 1307/1152/1145
f 1310/1155/1146 1312/211/1146 1311/1156/1146
f 1310/1155/1147 1136/309/1147 1312/211/1147
f 1305/1151/1148 1309/1157/1148 1308/1154/1148
f 1309/1157/1149 1136/309/1149 1310/1155/1149
f 1305/1151/1150 1136/309/1150 1309/1157/1150
f 1305/1151/1151 1137/1158/1151 1136/309/1151
f 1305/1151/1152 1138/1159/1152 1137/1158/1152
f 1305/1151/1153 1139/1160/1153 1138/1159/1153
f 1305/1151/1154 1140/1161/1154 1139/1160/1154
f 1305/1151/1155 1141/1162/1155 1140/1161/1155
f 1305/1151/1156 1142/1163/1156 1141/1162/1156
f 1304/1164/1157 1142/1163/1157 1305/1151/1157
f 1303/1165/1158 1142/1163/1158 1304/1164/1158
f 1303/1165/1159 1143/1166/1159 1142/1163/1159
f 1302/1167/1160 1143/1166/1160 1303/1165/1160
f 1301/1168/1161 1143/1166/1161 1302/1167/1161
f 1300/1169/1162 1143/1166/1162 1301/1168/1162
f 1300/1169/1163 1144/1170/1163 1143/1166/1163
f 1299/1171/1164 1144/1170/1164 1300/1169/1164
f 1298/1172/1165 1144/1170/1165 1299/1171/1165
f 1298/1172/1166 1145/1173/1166 1144/1170/1166
f 1297/1174/1167 1145/1173/1167 1298/1172/1167
f 1296/1175/1168 1145/1173/1168 1297/1174/1168
f 1295/1176/1169 1145/1173/1169 1296/1175/1169
f 1295/1176/1170 1146/1177/1170 1145/1173/1170
f 1294/1178/1171 1146/1177/1171 1295/1176/1171
f 1293/1179/1172 1146/1177/1172 1294/1178/1172
f 1293/1179/1173 1147/1180/1173 1146/1177/1173
f 1292/1181/1174 1147/1180/1174 1293/1179/1174
f 1291/1182/1175 1147/1180/1175 1292/1181/1175
f 1290/1183/1176 1147/1180/1176 1291/1182/1176
f 1290/1183/1177 1148/1184/1177 1147/1180/1177
f 1289/1185/1178 1148/1184/1178 1290/1183/1178
f 1288/1186/1179 1148/1184/1179 1289/1185/1179
f 1287/1187/1180 1148/1184/1180 1288/1186/1180
f 1287/1187/1181 1149/1188/1181 1148/1184/1181
f 1286/1189/1182 1149/1188/1182 1287/1187/1182
f 1285/1190/1183 1149/1188/1183 1286/1189/1183
f 1284/1191/1184 1149/1188/1184 1285/1190/1184
f 1284/1191/1185 1150/1192/1185 1149/1188/1185
f 1283/1193/1186 1150/1192/1186 1284/1191/1186
f 1282/1194/1187 1150/1192/1187 1283/1193/1187
f 1281/1195/1188 1150/1192/1188 1282/1194/1188
f 1281/1195/1189 1151/1196/1189 1150/1192/1189
f 1280/1197/1190 1151/1196/1190 1281/1195/1190
f 1279/1198/1191 1151/1196/1191 1280/1197/1191
f 1278/1199/1192 1151/1196/1192 1279/1198/1192
f 1277/1200/1193 1151/1196/1193 1278/1199/1193
f 1277/1200/1194 1152/1201/1194 1151/1196/1194
f 1276/1202/1195 1152/1201/1195 1277/1200/1195
f 1275/1203/1196 1152/1201/1196 1276/1202/1196
f 1274/1204/1197 1152/1201/1197 1275/1203/1197
f 1274/1204/1198 1153/1205/1198 1152/1201/1198
f 1273/1206/1199 1153/1205/1199 1274/1204/1199
f 1272/1207/1200 1153/1205/1200 1273/1206/1200
f 1271/1208/1201 1153/1205/1201 1272/1207/1201
f 1270/1209/1202 1153/1205/1202 1271/1208/1202
f 1269/1210/1203 1153/1205/1203 1270/1209/1203
f 1269/1210/1204 1154/1211/1204 1153/1205/1204
f 1268/1212/1205 1154/1211/1205 1269/1210/1205
f 1267/1213/1206 1154/1211/1206 1268/1212/1206
f 1208/1214/1207 1210/1215/1207 1209/1216/1207
f 1208/1214/1208 1211/1217/1208 1210/1215/1208
f 1208/1214/1209 1212/1218/1209 1211/1217/1209
f 1266/1219/1210 1154/1211/1210 1267/1213/1210
f 1208/1214/1208 1213/1220/1208 1212/1218/1208
f 1208/1214/1207 1214/1221/1207 1213/1220/1207
f 1208/1214/1209 1215/1222/1209 1214/1221/1209
f 1208/1214/1211 1216/1223/1211 1215/1222/1211
f 1208/1214/1207 1217/1224/1207 1216/1223/1207
f 1208/1214/1207 1218/1225/1207 1217/1224/1207
f 1265/1226/1212 1154/1211/1212 1266/1219/1212
f 1208/1214/1211 1219/1227/1211 1218/1225/1211
f 1208/1214/1211 1220/1228/1211 1219/1227/1211
f 1208/1214/1213 1221/1229/1213 1220/1228/1213
f 1208/1214/1207 1222/1230/1207 1221/1229/1207
f 1264/1231/1214 1154/1211/1214 1265/1226/1214
f 1208/1214/1213 1223/1232/1213 1222/1230/1213
f 1208/1214/1213 1224/1149/1213 1223/1232/1213
f 1208/1214/1213 1225/1233/1213 1224/1149/1213
f 1208/1214/1215 1226/1234/1215 1225/1233/1215
f 1208/1214/1213 1227/1235/1213 1226/1234/1213
f 1263/1236/1216 1154/1211/1216 1264/1231/1216
f 1208/1214/1213 1228/1237/1213 1227/1235/1213
f 1208/1214/1213 1229/1238/1213 1228/1237/1213
f 1208/1214/1213 1230/1239/1213 1229/1238/1213
f 1208/1214/1213 1231/1240/1213 1230/1239/1213
f 1208/1214/1217 1232/1241/1217 1231/1240/1217
f 1262/1242/1218 1154/1211/1218 1263/1236/1218
f 1208/1214/1219 1233/1243/1219 1232/1241/1219
f 1208/1214/1220 1234/1244/1220 1233/1243/1220
f 1208/1214/1221 1235/1245/1221 1234/1244/1221
f 1262/1242/1222 1155/1246/1222 1154/1211/1222
f 1208/1214/1223 1236/1247/1223 1235/1245/1223
f 1208/1214/1223 1237/1248/1223 1236/1247/1223
f 1261/1249/1224 1155/1246/1224 1262/1242/1224
f 1208/1214/1225 1238/1250/1225 1237/1248/1225
f 1208/1214/1225 1239/1251/1225 1238/1250/1225
f 1208/1214/1226 1240/1252/1226 1239/1251/1226
f 1208/1214/1226 1241/1253/1226 1240/1252/1226
f 1260/1254/1227 1155/1246/1227 1261/1249/1227
f 1208/1214/1228 1242/1255/1228 1241/1253/1228
f 1208/1214/1228 1243/1256/1228 1242/1255/1228
f 1208/1214/1229 1244/1257/1229 1243/1256/1229
f 1208/1214/1230 1245/1258/1230 1244/1257/1230
f 1208/1214/1231 1246/1259/1231 1245/1258/1231
f 1259/1260/1232 1155/1246/1232 1260/1254/1232
f 1208/1214/1233 1247/1261/1233 1246/1259/1233
f 1208/1214/1233 1248/1262/1233 1247/1261/1233
f 1208/1214/1234 1249/1263/1234 1248/1262/1234
f 1258/1264/1235 1155/1246/1235 1259/1260/1235
f 1208/1214/1236 1250/1265/1236 1249/1263/1236
f 1208/1214/1236 1251/1266/1236 1250/1265/1236
f 1208/1214/1237 1252/1267/1237 1251/1266/1237
f 1208/1214/1238 1253/1268/1238 1252/1267/1238
f 1257/1269/1239 1155/1246/1239 1258/1264/1239
f 1208/1214/1238 1254/1270/1238 1253/1268/1238
f 1208/1214/1240 1255/1271/1240 1254/1270/1240
f 1208/1214/1240 1256/1272/1240 1255/1271/1240
f 1208/1214/1241 1257/1269/1241 1256/1272/1241
f 1208/1214/1242 1155/1246/1242 1257/1269/1242
f 1208/1214/1243 1156/1273/1243 1155/1246/1243
f 1208/1214/1244 1157/1274/1244 1156/1273/1244
f 1208/1214/1245 1158/1275/1245 1157/1274/1245
f 1208/1214/1246 1159/1276/1246 1158/1275/1246
f 1208/1214/1247 1160/1277/1247 1159/1276/1247
f 1208/1214/1248 1161/1278/1248 1160/1277/1248
f 1208/1214/1249 1162/1279/1249 1161/1278/1249
f 1208/1214/1250 1163/1280/1250 1162/1279/1250
f 1208/1214/1251 1164/1281/1251 1163/1280/1251
f 1208/1214/1252 1165/1282/1252 1164/1281/1252
f 1208/1214/1253 1166/1283/1253 1165/1282/1253
f 1208/1214/1254 1167/1284/1254 1166/1283/1254
f 1208/1214/1255 1168/1285/1255 1167/1284/1255
f 1208/1214/1256 1169/1286/1256 1168/1285/1256
f 1208/1214/1257 1170/1287/1257 1169/1286/1257
f 1208/1214/1258 1171/1288/1258 1170/1287/1258
f 1208/1214/1259 1172/1289/1259 1171/1288/1259
f 1208/1214/1260 1173/1290/1260 1172/1289/1260
f 1208/1214/1261 1174/1291/1261 1173/1290/1261
f 1208/1214/1262 1175/1292/1262 1174/1291/1262
f 1208/1214/1263 1176/1293/1263 1175/1292/1263
f 1208/1214/1264 1177/1294/1264 1176/1293/1264
f 1208/1214/1265 1178/1295/1265 1177/1294/1265
f 1207/1296/1266 1178/1295/1266 1208/1214/1266
f 1206/1297/1267 1178/1295/1267 1207/1296/1267
f 1205/1298/1268 1178/1295/1268 1206/1297/1268
f 1205/1298/1269 1179/1299/1269 1178/1295/1269
f 1204/1300/1270 1179/1299/1270 1205/1298/1270
f 1203/1301/1271 1179/1299/1271 1204/1300/1271
f 1202/1302/1272 1179/1299/1272 1203/1301/1272
f 1202/1302/1273 1180/1303/1273 1179/1299/1273
f 1201/1304/1274 1180/1303/1274 1202/1302/1274
f 1200/1305/1275 1180/1303/1275 1201/1304/1275
f 1199/1306/1276 1180/1303/1276 1200/1305/1276
f 1198/1307/1277 1180/1303/1277 1199/1306/1277
f 1198/1307/1278 1181/1308/1278 1180/1303/1278
f 1197/1309/1279 1181/1308/1279 1198/1307/1279
f 1196/1310/1280 1181/1308/1280 1197/1309/1280
f 1195/1311/1281 1181/1308/1281 1196/1310/1281
f 1194/1312/1282 1181/1308/1282 1195/1311/1282
f 1194/1312/1283 1182/1313/1283 1181/1308/1283
f 1193/1314/1284 1182/1313/1284 1194/1312/1284
f 1192/1315/1285 1182/1313/1285 1193/1314/1285
f 1191/1316/1286 1182/1313/1286 1192/1315/1286
f 1191/1316/1287 1183/1317/1287 1182/1313/1287
f 1190/1318/1288 1183/1317/1288 1191/1316/1288
f 1189/1319/1289 1183/1317/1289 1190/1318/1289
f 1188/1320/1290 1183/1317/1290 1189/1319/1290
f 1187/1321/1291 1183/1317/1291 1188/1320/1291
f 1187/1321/1292 1184/1322/1292 1183/1317/1292
f 1186/1323/1293 1184/1322/1293 1187/1321/1293
f 1185/1324/1294 1184/1322/1294 1186/1323/1294
f 1556/1325/1295 1558/1326/1295 1557/1327/1295
f 1555/1328/1296 1558/1326/1296 1556/1325/1296
f 1555/1328/1297 1559/1329/1297 1558/1326/1297
f 1554/1330/1298 1559/1329/1298 1555/1328/1298
f 1554/1330/1299 1560/1331/1299 1559/1329/1299
f 1553/1332/1300 1560/1331/1300 1554/1330/1300
f 1553/1332/1301 1561/1333/1301 1560/1331/1301
f 1552/1334/1302 1561/1333/1302 1553/1332/1302
f 1552/1334/1303 1562/1335/1303 1561/1333/1303
f 1551/1336/1304 1562/1335/1304 1552/1334/1304
f 1551/1336/1305 1563/1337/1305 1562/1335/1305
f 1550/1338/1306 1563/1337/1306 1551/1336/1306
f 1550/1338/1307 1564/1339/1307 1563/1337/1307
f 1549/1340/1308 1564/1339/1308 1550/1338/1308
f 1549/1340/1309 1565/1341/1309 1564/1339/1309
f 1548/1342/1310 1565/1341/1310 1549/1340/1310
f 1548/1342/1311 1566/1343/1311 1565/1341/1311
f 1547/1344/1312 1566/1343/1312 1548/1342/1312
f 1547/1344/1313 1567/1345/1313 1566/1343/1313
f 1546/1346/1314 1567/1345/1314 1547/1344/1314
f 1546/1346/1315 1568/1347/1315 1567/1345/1315
f 1545/1348/1316 1568/1347/1316 1546/1346/1316
f 1545/1348/1317 1569/1349/1317 1568/1347/1317
f 1544/1350/1318 1569/1349/1318 1545/1348/1318
f 1544/1350/1319 1570/1351/1319 1569/1349/1319
f 1543/1352/1320 1570/1351/1320 1544/1350/1320
f 1543/1352/1321 1571/1353/1321 1570/1351/1321
f 1542/1354/1322 1571/1353/1322 1543/1352/1322
f 1541/1355/1323 1571/1353/1323 1542/1354/1323
f 1541/1355/1324 1572/1356/1324 1571/1353/1324
f 1540/1357/1325 1572/1356/1325 1541/1355/1325
f 1540/1357/1326 1573/1358/1326 1572/1356/1326
f 1539/1359/1327 1573/1358/1327 1540/1357/1327
f 1539/1359/1328 1574/1360/1328 1573/1358/1328
f 1538/1361/1329 1574/1360/1329 1539/1359/1329
f 1538/1361/1330 1575/1362/1330 1574/1360/1330
f 1537/1363/1331 1575/1362/1331 1538/1361/1331
f 1537/1363/1332 1576/1364/1332 1575/1362/1332
f 1536/1365/1333 1576/1364/1333 1537/1363/1333
f 1535/1366/1334 1576/1364/1334 1536/1365/1334
f 1535/1366/1335 1577/1367/1335 1576/1364/1335
f 1534/1368/1336 1577/1367/1336 1535/1366/1336
f 1534/1368/1337 1578/1369/1337 1577/1367/1337
f 1533/1370/1338 1578/1369/1338 1534/1368/1338
f 1533/1370/1339 1579/1371/1339 1578/1369/1339
f 1532/1372/1340 1531/1373/1340 1533/1370/1340
f 1531/1373/1341 1530/1374/1341 1533/1370/1341
f 1530/1374/1342 1529/1375/1342 1533/1370/1342
f 1529/1375/1343 1528/1376/1343 1533/1370/1343
f 1528/1376/1344 1527/1377/1344 1533/1370/1344
f 1527/1377/1345 1526/1378/1345 1533/1370/1345
f 1526/1378/1346 1525/1379/1346 1533/1370/1346
f 1525/1379/1347 1524/1380/1347 1533/1370/1347
f 1524/1380/1348 1523/1381/1348 1533/1370/1348
f 1523/1381/1349 1522/1382/1349 1533/1370/1349
f 1522/1382/1350 1579/1371/1350 1533/1370/1350
f 1522/1382/1351 1521/1383/1351 1579/1371/1351
f 1521/1383/1352 1580/1384/1352 1579/1371/1352
f 1521/1383/1353 1520/1385/1353 1580/1384/1353
f 1520/1385/1354 1581/1386/1354 1580/1384/1354
f 1520/1385/1355 1519/1387/1355 1581/1386/1355
f 1519/1387/1356 1582/1388/1356 1581/1386/1356
f 1519/1387/1357 1518/1389/1357 1582/1388/1357
f 1518/1389/1358 1583/1390/1358 1582/1388/1358
f 1518/1389/1359 1517/1391/1359 1583/1390/1359
f 1517/1391/1360 1584/1392/1360 1583/1390/1360
f 1517/1391/1361 1516/1393/1361 1584/1392/1361
f 1516/1393/1362 1585/1394/1362 1584/1392/1362
f 1516/1393/1363 1515/1395/1363 1585/1394/1363
f 1515/1395/1364 1586/1396/1364 1585/1394/1364
f 1515/1395/1365 1514/1397/1365 1586/1396/1365
f 1514/1397/1366 1587/1398/1366 1586/1396/1366
f 1514/1397/1367 1513/1399/1367 1587/1398/1367
f 1513/1399/1368 1588/1400/1368 1587/1398/1368
f 1513/1399/1369 1512/1401/1369 1588/1400/1369
f 1512/1401/1370 1589/1402/1370 1588/1400/1370
f 1512/1401/1371 1511/1403/1371 1589/1402/1371
f 1511/1403/1372 1590/1404/1372 1589/1402/1372
f 1511/1403/1373 1510/1405/1373 1590/1404/1373
f 1510/1405/1374 1509/1406/1374 1590/1404/1374
f 1509/1406/1375 1591/1407/1375 1590/1404/1375
f 1509/1406/1376 1508/1408/1376 1591/1407/1376
f 1508/1408/1377 1592/1409/1377 1591/1407/1377
f 1508/1408/1378 1507/1410/1378 1592/1409/1378
f 1507/1410/1379 1593/1411/1379 1592/1409/1379
f 1506/1412/1380 1593/1411/1380 1507/1410/1380
f 1505/1413/1381 1593/1411/1381 1506/1412/1381
f 1504/1414/1382 1593/1411/1382 1505/1413/1382
f 1503/1415/1383 1593/1411/1383 1504/1414/1383
f 1502/1416/1384 1593/1411/1384 1503/1415/1384
f 1501/1417/1385 1593/1411/1385 1502/1416/1385
f 1500/1418/1386 1593/1411/1386 1501/1417/1386
f 1499/1419/1387 1593/1411/1387 1500/1418/1387
f 1498/1420/1388 1593/1411/1388 1499/1419/1388
f 1497/1421/1389 1593/1411/1389 1498/1420/1389
f 1497/1421/1390 1594/1422/1390 1593/1411/1390
f 1496/1423/1391 1594/1422/1391 1497/1421/1391
f 1495/1424/1392 1594/1422/1392 1496/1423/1392
f 1494/1425/1393 1594/1422/1393 1495/1424/1393
f 1493/1426/1394 1594/1422/1394 1494/1425/1394
f 1492/1427/1395 1594/1422/1395 1493/1426/1395
f 1492/1427/1396 1595/1428/1396 1594/1422/1396
f 1491/1429/1397 1595/1428/1397 1492/1427/1397
f 1490/1430/1398 1595/1428/1398 1491/1429/1398
f 1489/1431/1399 1595/1428/1399 1490/1430/1399
f 1488/1432/1400 1595/1428/1400 1489/1431/1400
f 1488/1432/1401 1596/1433/1401 1595/1428/1401
f 1487/1434/1402 1596/1433/1402 1488/1432/1402
f 1486/1435/1403 1596/1433/1403 1487/1434/1403
f 1485/1436/1404 1596/1433/1404 1486/1435/1404
f 1484/1437/1405 1596/1433/1405 1485/1436/1405
f 1484/1437/1406 1597/1438/1406 1596/1433/1406
f 1483/1439/1407 1597/1438/1407 1484/1437/1407
f 1482/1440/1408 1597/1438/1408 1483/1439/1408
f 1481/1441/1409 1597/1438/1409 1482/1440/1409
f 1481/1441/1410 1598/1442/1410 1597/1438/1410
f 1480/1443/1411 1598/1442/1411 1481/1441/1411
f 1479/1444/1412 1598/1442/1412 1480/1443/1412
f 1478/1445/1413 1598/1442/1413 1479/1444/1413
f 1478/1445/1414 1599/1446/1414 1598/1442/1414
f 1477/1447/1415 1599/1446/1415 1478/1445/1415
f 1476/1448/1416 1599/1446/1416 1477/1447/1416
f 1476/1448/1417 1600/1449/1417 1599/1446/1417
f 1475/1450/1418 1600/1449/1418 1476/1448/1418
f 1474/1451/1419 1600/1449/1419 1475/1450/1419
f 1473/1452/1420 1600/1449/1420 1474/1451/1420
f 1473/1452/1421 1601/1453/1421 1600/1449/1421
f 1472/1454/1422 1601/1453/1422 1473/1452/1422
f 1471/1455/1423 1601/1453/1423 1472/1454/1423
f 1470/1456/1424 1601/1453/1424 1471/1455/1424
f 1470/1456/1425 1602/1457/1425 1601/1453/1425
f 1469/1458/1426 1602/1457/1426 1470/1456/1426
f 1468/1459/1427 1602/1457/1427 1469/1458/1427
f 1468/1459/1428 1603/1460/1428 1602/1457/1428
f 1467/1461/1429 1603/1460/1429 1468/1459/1429
f 1466/1462/1430 1603/1460/1430 1467/1461/1430
f 1466/1462/1431 1604/1463/1431 1603/1460/1431
f 1465/1464/1432 1604/1463/1432 1466/1462/1432
f 1464/1465/1433 1604/1463/1433 1465/1464/1433
f 1463/1466/1434 1604/1463/1434 1464/1465/1434
f 1463/1466/1435 1605/1467/1435 1604/1463/1435
f 1462/1468/1436 1605/1467/1436 1463/1466/1436
f 1461/1469/1437 1605/1467/1437 1462/1468/1437
f 1461/1469/1438 1606/1470/1438 1605/1467/1438
f 1460/1471/1439 1606/1470/1439 1461/1469/1439
f 1459/1472/1440 1606/1470/1440 1460/1471/1440
f 1457/1473/1441 1459/1472/1441 1458/1474/1441
f 1457/1473/1442 1607/1475/1442 1459/1472/1442
f 1607/1475/1440 1606/1470/1440 1459/1472/1440
f 1456/1476/1443 1607/1475/1443 1457/1473/1443
f 1455/1477/1444 1607/1475/1444 1456/1476/1444
f 1454/1478/1445 1607/1475/1445 1455/1477/1445
f 1453/1479/1446 1607/1475/1446 1454/1478/1446
f 1452/1480/1447 1607/1475/1447 1453/1479/1447
f 1451/1481/1448 1607/1475/1448 1452/1480/1448
f 1450/1482/1449 1607/1475/1449 1451/1481/1449
f 1449/1483/1450 1607/1475/1450 1450/1482/1450
f 1448/1484/1451 1607/1475/1451 1449/1483/1451
f 1447/1485/1452 1607/1475/1452 1448/1484/1452
f 1446/1486/1453 1607/1475/1453 1447/1485/1453
f 1445/1487/1454 1607/1475/1454 1446/1486/1454
f 1444/1488/1455 1607/1475/1455 1445/1487/1455
f 1443/1489/1456 1607/1475/1456 1444/1488/1456
f 1442/1490/1457 1607/1475/1457 1443/1489/1457
f 1441/1491/1458 1607/1475/1458 1442/1490/1458
f 1440/1492/1459 1607/1475/1459 1441/1491/1459
f 1439/1493/1460 1607/1475/1460 1440/1492/1460
f 1438/1494/1461 1607/1475/1461 1439/1493/1461
f 1437/1495/1462 1607/1475/1462 1438/1494/1462
f 1436/1496/1463 1607/1475/1463 1437/1495/1463
f 1435/1497/1464 1607/1475/1464 1436/1496/1464
f 1434/1498/1465 1607/1475/1465 1435/1497/1465
f 1433/1499/1466 1607/1475/1466 1434/1498/1466
f 1432/1500/1467 1607/1475/1467 1433/1499/1467
f 1431/1501/1468 1607/1475/1468 1432/1500/1468
f 1430/1502/1469 1607/1475/1469 1431/1501/1469
f 1429/1503/1470 1607/1475/1470 1430/1502/1470
f 1428/1504/1471 1607/1475/1471 1429/1503/1471
f 1427/1505/1472 1607/1475/1472 1428/1504/1472
f 1426/1506/1473 1607/1475/1473 1427/1505/1473
f 1425/1507/1474 1607/1475/1474 1426/1506/1474
f 1424/1508/1475 1609/1509/1475 1425/1507/1475
f 1609/1509/1476 1608/1510/1476 1425/1507/1476
f 1608/1510/1477 1607/1475/1477 1425/1507/1477
f 1704/211/1440 1606/1470/1440 1607/1475/1440
f 1424/1508/1478 1610/1511/1478 1609/1509/1478
f 1424/1508/1479 1611/1512/1479 1610/1511/1479
f 1424/1508/1480 1612/1513/1480 1611/1512/1480
f 1424/1508/1481 1613/1514/1481 1612/1513/1481
f 1424/1508/1482 1614/1515/1482 1613/1514/1482
f 1424/1508/1483 1615/1516/1483 1614/1515/1483
f 1424/1508/1484 1616/1517/1484 1615/1516/1484
f 1423/1518/1343 1616/1517/1343 1424/1508/1343
f 1423/1518/1485 1617/1519/1485 1616/1517/1485
f 1423/1518/1486 1618/1520/1486 1617/1519/1486
f 1423/1518/1487 1619/1521/1487 1618/1520/1487
f 1423/1518/1488 1620/1522/1488 1619/1521/1488
f 1423/1518/1489 1621/1523/1489 1620/1522/1489
f 1423/1518/1490 1622/1524/1490 1621/1523/1490
f 1422/1525/1491 1622/1524/1491 1423/1518/1491
f 1422/1525/1492 1623/1526/1492 1622/1524/1492
f 1422/1525/1493 1624/1527/1493 1623/1526/1493
f 1422/1525/1494 1625/1528/1494 1624/1527/1494
f 1422/1525/1495 1626/1529/1495 1625/1528/1495
f 1421/1530/1496 1626/1529/1496 1422/1525/1496
f 1421/1530/1497 1627/1531/1497 1626/1529/1497
f 1421/1530/1498 1628/1532/1498 1627/1531/1498
f 1421/1530/1499 1629/1533/1499 1628/1532/1499
f 1421/1530/1500 1630/1534/1500 1629/1533/1500
f 1420/1535/1501 1630/1534/1501 1421/1530/1501
f 1420/1535/1502 1631/1536/1502 1630/1534/1502
f 1420/1535/1503 1632/1537/1503 1631/1536/1503
f 1420/1535/1504 1633/1538/1504 1632/1537/1504
f 1419/1539/1505 1633/1538/1505 1420/1535/1505
f 1419/1539/1506 1634/1540/1506 1633/1538/1506
f 1419/1539/1507 1635/1541/1507 1634/1540/1507
f 1419/1539/1349 1636/1542/1349 1635/1541/1349
f 1418/1543/1508 1636/1542/1508 1419/1539/1508
f 1418/1543/1509 1637/1544/1509 1636/1542/1509
f 1418/1543/1510 1638/1545/1510 1637/1544/1510
f 1417/1546/1511 1638/1545/1511 1418/1543/1511
f 1417/1546/1512 1639/1547/1512 1638/1545/1512
f 1417/1546/1513 1640/1548/1513 1639/1547/1513
f 1417/1546/1514 1641/1549/1514 1640/1548/1514
f 1416/1550/1515 1641/1549/1515 1417/1546/1515
f 1416/1550/1516 1642/1551/1516 1641/1549/1516
f 1416/1550/1516 1643/1552/1516 1642/1551/1516
f 1415/1553/1517 1643/1552/1517 1416/1550/1517
f 1415/1553/1518 1644/1554/1518 1643/1552/1518
f 1415/1553/1519 1645/1555/1519 1644/1554/1519
f 1415/1553/1520 1646/1556/1520 1645/1555/1520
f 1414/1557/1521 1646/1556/1521 1415/1553/1521
f 1414/1557/1522 1647/1558/1522 1646/1556/1522
f 1414/1557/1523 1648/1559/1523 1647/1558/1523
f 1413/1560/1524 1648/1559/1524 1414/1557/1524
f 1413/1560/1525 1649/1561/1525 1648/1559/1525
f 1413/1560/1526 1650/1562/1526 1649/1561/1526
f 1413/1560/1527 1651/1563/1527 1650/1562/1527
f 1412/1564/1528 1651/1563/1528 1413/1560/1528
f 1412/1564/1529 1652/1565/1529 1651/1563/1529
f 1412/1564/1530 1653/1566/1530 1652/1565/1530
f 1411/1567/1531 1653/1566/1531 1412/1564/1531
f 1703/1568/1532 1606/1470/1532 1704/211/1532
f 1411/1567/1533 1654/1569/1533 1653/1566/1533
f 1411/1567/1533 1655/1570/1533 1654/1569/1533
f 1410/1571/1534 1655/1570/1534 1411/1567/1534
f 1410/1571/1535 1656/1572/1535 1655/1570/1535
f 1702/1573/1536 1606/1470/1536 1703/1568/1536
f 1410/1571/1537 1657/1574/1537 1656/1572/1537
f 1409/1575/1533 1657/1574/1533 1410/1571/1533
f 1701/1576/1538 1606/1470/1538 1702/1573/1538
f 1409/1575/1539 1658/1577/1539 1657/1574/1539
f 1700/1578/1540 1606/1470/1540 1701/1576/1540
f 1408/1579/1541 1658/1577/1541 1409/1575/1541
f 1408/1579/1542 1659/1580/1542 1658/1577/1542
f 1699/1581/1543 1606/1470/1543 1700/1578/1543
f 1407/1582/1544 1659/1580/1544 1408/1579/1544
f 1407/1582/1545 1660/1583/1545 1659/1580/1545
f 1698/1584/1546 1606/1470/1546 1699/1581/1546
f 1407/1582/1547 1661/1585/1547 1660/1583/1547
f 1406/1586/1548 1661/1585/1548 1407/1582/1548
f 1697/1587/1549 1606/1470/1549 1698/1584/1549
f 1406/1586/1550 1662/1588/1550 1661/1585/1550
f 1405/1589/1551 1662/1588/1551 1406/1586/1551
f 1696/1590/1552 1606/1470/1552 1697/1587/1552
f 1405/1589/1553 1663/1591/1553 1662/1588/1553
f 1695/1592/1554 1606/1470/1554 1696/1590/1554
f 1404/1593/1555 1663/1591/1555 1405/1589/1555
f 1404/1593/1556 1664/1594/1556 1663/1591/1556
f 1694/1595/1557 1606/1470/1557 1695/1592/1557
f 1404/1593/1558 1665/1596/1558 1664/1594/1558
f 1403/1597/1559 1665/1596/1559 1404/1593/1559
f 1403/1597/1560 1666/1598/1560 1665/1596/1560
f 1693/1599/1561 1314/1600/1561 1694/1595/1561
f 1314/1600/1562 1606/1470/1562 1694/1595/1562
f 1403/1597/1563 1667/1601/1563 1666/1598/1563
f 1402/1602/1564 1667/1601/1564 1403/1597/1564
f 1692/1603/1561 1314/1600/1561 1693/1599/1561
f 1402/1602/1565 1668/1604/1565 1667/1601/1565
f 1691/1605/1566 1314/1600/1566 1692/1603/1566
f 1401/1606/1567 1668/1604/1567 1402/1602/1567
f 1401/1606/1568 1669/1607/1568 1668/1604/1568
f 1690/1608/1566 1314/1600/1566 1691/1605/1566
f 1401/1606/1568 1670/1609/1568 1669/1607/1568
f 1689/1610/1566 1314/1600/1566 1690/1608/1566
f 1400/1611/1569 1670/1609/1569 1401/1606/1569
f 1400/1611/1570 1671/1612/1570 1670/1609/1570
f 1688/1613/1571 1314/1600/1571 1689/1610/1571
f 1400/1611/1572 1672/1614/1572 1671/1612/1572
f 1687/1615/1573 1314/1600/1573 1688/1613/1573
f 1400/1611/1574 1673/1616/1574 1672/1614/1574
f 1399/1617/1575 1673/1616/1575 1400/1611/1575
f 1686/1618/1576 1314/1600/1576 1687/1615/1576
f 1399/1617/1577 1674/1619/1577 1673/1616/1577
f 1685/1620/1578 1314/1600/1578 1686/1618/1578
f 1399/1617/1579 1675/1621/1579 1674/1619/1579
f 1684/1622/1580 1314/1600/1580 1685/1620/1580
f 1399/1617/1581 1676/1623/1581 1675/1621/1581
f 1683/1624/1582 1314/1600/1582 1684/1622/1582
f 1399/1617/1583 1677/1625/1583 1676/1623/1583
f 1398/1626/1584 1677/1625/1584 1399/1617/1584
f 1682/1627/1585 1314/1600/1585 1683/1624/1585
f 1398/1626/1586 1678/1628/1586 1677/1625/1586
f 1681/1629/1587 1314/1600/1587 1682/1627/1587
f 1398/1626/1588 1679/1630/1588 1678/1628/1588
f 1680/1631/1589 1314/1600/1589 1681/1629/1589
f 1398/1626/1590 1680/1631/1590 1679/1630/1590
f 1398/1626/1591 1314/1600/1591 1680/1631/1591
f 1397/1632/1592 1314/1600/1592 1398/1626/1592
f 1396/1633/1593 1314/1600/1593 1397/1632/1593
f 1395/1634/1594 1314/1600/1594 1396/1633/1594
f 1394/1635/1595 1314/1600/1595 1395/1634/1595
f 1394/1635/1596 1315/1636/1596 1314/1600/1596
f 1313/309/1597 1606/1470/1597 1314/1600/1597
f 1394/1635/1598 1316/1637/1598 1315/1636/1598
f 1393/1638/1599 1316/1637/1599 1394/1635/1599
f 1393/1638/1600 1317/1639/1600 1316/1637/1600
f 1392/1640/1601 1317/1639/1601 1393/1638/1601
f 1392/1640/1602 1318/1641/1602 1317/1639/1602
f 1392/1640/1603 1319/1642/1603 1318/1641/1603
f 1391/1643/1604 1319/1642/1604 1392/1640/1604
f 1391/1643/1605 1320/1644/1605 1319/1642/1605
f 1390/1645/1606 1320/1644/1606 1391/1643/1606
f 1390/1645/1607 1321/1646/1607 1320/1644/1607
f 1390/1645/1608 1322/1647/1608 1321/1646/1608
f 1389/1648/1609 1322/1647/1609 1390/1645/1609
f 1389/1648/1610 1323/1649/1610 1322/1647/1610
f 1388/1650/1611 1323/1649/1611 1389/1648/1611
f 1388/1650/1612 1324/1651/1612 1323/1649/1612
f 1388/1650/1613 1325/1652/1613 1324/1651/1613
f 1387/1653/1614 1325/1652/1614 1388/1650/1614
f 1387/1653/1615 1326/1654/1615 1325/1652/1615
f 1386/1655/1616 1326/1654/1616 1387/1653/1616
f 1386/1655/1617 1327/1656/1617 1326/1654/1617
f 1386/1655/1618 1328/1657/1618 1327/1656/1618
f 1385/1658/1619 1328/1657/1619 1386/1655/1619
f 1385/1658/1620 1329/1659/1620 1328/1657/1620
f 1384/1660/1621 1329/1659/1621 1385/1658/1621
f 1384/1660/1622 1330/1661/1622 1329/1659/1622
f 1384/1660/1623 1331/1662/1623 1330/1661/1623
f 1383/1663/1624 1331/1662/1624 1384/1660/1624
f 1383/1663/1625 1332/1664/1625 1331/1662/1625
f 1382/1665/1626 1332/1664/1626 1383/1663/1626
f 1382/1665/1627 1333/1666/1627 1332/1664/1627
f 1382/1665/1628 1334/1667/1628 1333/1666/1628
f 1381/1668/1629 1334/1667/1629 1382/1665/1629
f 1381/1668/1630 1335/1669/1630 1334/1667/1630
f 1380/1670/1631 1335/1669/1631 1381/1668/1631
f 1380/1670/1632 1336/1671/1632 1335/1669/1632
f 1380/1670/1633 1337/1672/1633 1336/1671/1633
f 1379/1673/1634 1337/1672/1634 1380/1670/1634
f 1379/1673/1635 1338/1674/1635 1337/1672/1635
f 1378/1675/1636 1338/1674/1636 1379/1673/1636
f 1378/1675/1637 1339/1676/1637 1338/1674/1637
f 1378/1675/1638 1340/1677/1638 1339/1676/1638
f 1377/1678/1639 1340/1677/1639 1378/1675/1639
f 1377/1678/1640 1341/1679/1640 1340/1677/1640
f 1376/1680/1641 1341/1679/1641 1377/1678/1641
f 1376/1680/1642 1342/1681/1642 1341/1679/1642
f 1375/1682/1643 1342/1681/1643 1376/1680/1643
f 1375/1682/1644 1343/1683/1644 1342/1681/1644
f 1375/1682/1645 1344/1684/1645 1343/1683/1645
f 1374/1685/1646 1344/1684/1646 1375/1682/1646
f 1374/1685/1647 1345/1686/1647 1344/1684/1647
f 1373/1687/1648 1345/1686/1648 1374/1685/1648
f 1373/1687/1649 1346/1688/1649 1345/1686/1649
f 1373/1687/1650 1347/1689/1650 1346/1688/1650
f 1372/1690/1651 1347/1689/1651 1373/1687/1651
f 1372/1690/1652 1348/1691/1652 1347/1689/1652
f 1371/1692/1653 1348/1691/1653 1372/1690/1653
f 1371/1692/1654 1349/1693/1654 1348/1691/1654
f 1371/1692/1655 1350/1694/1655 1349/1693/1655
f 1370/1695/1656 1350/1694/1656 1371/1692/1656
f 1370/1695/1657 1351/1696/1657 1350/1694/1657
f 1369/1697/1658 1351/1696/1658 1370/1695/1658
f 1369/1697/1659 1352/1698/1659 1351/1696/1659
f 1369/1697/1660 1353/1699/1660 1352/1698/1660
f 1368/1700/1661 1353/1699/1661 1369/1697/1661
f 1368/1700/1662 1354/1701/1662 1353/1699/1662
f 1367/1702/1663 1354/1701/1663 1368/1700/1663
f 1367/1702/1664 1355/1703/1664 1354/1701/1664
f 1366/1704/1665 1355/1703/1665 1367/1702/1665
f 1366/1704/1666 1356/1705/1666 1355/1703/1666
f 1366/1704/1666 1357/1706/1666 1356/1705/1666
f 1365/1707/1667 1357/1706/1667 1366/1704/1667
f 1365/1707/1668 1358/1708/1668 1357/1706/1668
f 1364/1709/1665 1358/1708/1665 1365/1707/1665
f 1364/1709/1669 1359/1710/1669 1358/1708/1669
f 1364/1709/1670 1360/1711/1670 1359/1710/1670
f 1363/1712/1671 1360/1711/1671 1364/1709/1671
f 1363/1712/1667 1361/1713/1667 1360/1711/1667
f 1362/1714/1672 1361/1713/1672 1363/1712/1672
f 1829/1715/1673 1831/1716/1673 1830/1717/1673
f 1828/1718/1674 1831/1716/1674 1829/1715/1674
f 1828/1718/1675 1832/1719/1675 1831/1716/1675
f 1827/1720/1676 1832/1719/1676 1828/1718/1676
f 1827/1720/1677 1833/1721/1677 1832/1719/1677
f 1826/1722/1678 1833/1721/1678 1827/1720/1678
f 1825/1723/1679 1833/1721/1679 1826/1722/1679
f 1825/1723/1680 1834/1724/1680 1833/1721/1680
f 1824/1725/1681 1834/1724/1681 1825/1723/1681
f 1824/1725/1682 1835/1726/1682 1834/1724/1682
f 1823/1727/1683 1835/1726/1683 1824/1725/1683
f 1822/1728/1677 1835/1726/1677 1823/1727/1677
f 1822/1728/1684 1836/1729/1684 1835/1726/1684
f 1821/1730/1685 1836/1729/1685 1822/1728/1685
f 1821/1730/1686 1837/1731/1686 1836/1729/1686
f 1820/1732/1687 1837/1731/1687 1821/1730/1687
f 1819/1733/1682 1837/1731/1682 1820/1732/1682
f 1819/1733/1688 1838/1734/1688 1837/1731/1688
f 1818/1735/1689 1838/1734/1689 1819/1733/1689
f 1818/1735/1690 1839/1736/1690 1838/1734/1690
f 1817/1737/1691 1839/1736/1691 1818/1735/1691
f 1816/1738/1686 1839/1736/1686 1817/1737/1686
f 1816/1738/1692 1840/1739/1692 1839/1736/1692
f 1815/1740/1693 1840/1739/1693 1816/1738/1693
f 1815/1740/1694 1841/1741/1694 1840/1739/1694
f 1814/1742/1695 1841/1741/1695 1815/1740/1695
f 1813/1743/1696 1841/1741/1696 1814/1742/1696
f 1779/1744/1697 1781/1745/1697 1780/1746/1697
f 1779/1744/1698 1782/1747/1698 1781/1745/1698
f 1813/1743/1699 1842/1748/1699 1841/1741/1699
f 1812/1749/1700 1842/1748/1700 1813/1743/1700
f 1812/1749/1701 1843/1750/1701 1842/1748/1701
f 1811/1751/1702 1843/1750/1702 1812/1749/1702
f 1810/1752/1703 1843/1750/1703 1811/1751/1703
f 1810/1752/1704 1844/1753/1704 1843/1750/1704
f 1809/1754/1705 1844/1753/1705 1810/1752/1705
f 1808/1755/1706 1844/1753/1706 1809/1754/1706
f 1808/1755/1707 1845/1756/1707 1844/1753/1707
f 1807/1757/1708 1845/1756/1708 1808/1755/1708
f 1807/1757/1709 1846/1758/1709 1845/1756/1709
f 1806/1759/1710 1846/1758/1710 1807/1757/1710
f 1805/1760/1711 1846/1758/1711 1806/1759/1711
f 1805/1760/1712 1847/1761/1712 1846/1758/1712
f 1804/1762/1713 1847/1761/1713 1805/1760/1713
f 1804/1762/1714 1848/1763/1714 1847/1761/1714
f 1803/1764/1715 1848/1763/1715 1804/1762/1715
f 1802/1765/1716 1848/1763/1716 1803/1764/1716
f 1802/1765/1717 1849/1766/1717 1848/1763/1717
f 1801/1767/1718 1849/1766/1718 1802/1765/1718
f 1801/1767/1719 1850/1768/1719 1849/1766/1719
f 1800/1769/1720 1850/1768/1720 1801/1767/1720
f 1799/1770/1721 1850/1768/1721 1800/1769/1721
f 1799/1770/1722 1851/1771/1722 1850/1768/1722
f 1798/1772/1723 1851/1771/1723 1799/1770/1723
f 1797/1773/1724 1851/1771/1724 1798/1772/1724
f 1797/1773/1725 1852/1774/1725 1851/1771/1725
f 1796/1775/1726 1852/1774/1726 1797/1773/1726
f 1796/1775/1727 1853/1776/1727 1852/1774/1727
f 1795/1777/1728 1853/1776/1728 1796/1775/1728
f 1794/1778/1729 1853/1776/1729 1795/1777/1729
f 1794/1778/1730 1854/1779/1730 1853/1776/1730
f 1793/1780/1731 1854/1779/1731 1794/1778/1731
f 1793/1780/1732 1855/1781/1732 1854/1779/1732
f 1792/1782/1733 1855/1781/1733 1793/1780/1733
f 1791/1783/1734 1855/1781/1734 1792/1782/1734
f 1791/1783/1735 1856/1784/1735 1855/1781/1735
f 1790/1785/1736 1856/1784/1736 1791/1783/1736
f 1789/1786/1737 1856/1784/1737 1790/1785/1737
f 1789/1786/1738 1857/1787/1738 1856/1784/1738
f 1788/1788/1739 1857/1787/1739 1789/1786/1739
f 1788/1788/1740 1858/1789/1740 1857/1787/1740
f 1787/1790/1741 1858/1789/1741 1788/1788/1741
f 1786/1791/1742 1858/1789/1742 1787/1790/1742
f 1786/1791/1743 1859/1792/1743 1858/1789/1743
f 1785/1793/1744 1859/1792/1744 1786/1791/1744
f 1784/1794/1745 1859/1792/1745 1785/1793/1745
f 1784/1794/1746 1860/1795/1746 1859/1792/1746
f 1783/1796/1747 1860/1795/1747 1784/1794/1747
f 1782/1747/1748 1860/1795/1748 1783/1796/1748
f 1782/1747/1749 1861/1797/1749 1860/1795/1749
f 1779/1744/1698 1777/1798/1698 1782/1747/1698
f 1777/1798/1750 1776/1799/1750 1782/1747/1750
f 1776/1799/1751 1775/1800/1751 1782/1747/1751
f 1775/1800/1752 1774/1801/1752 1782/1747/1752
f 1774/1801/1753 1773/1802/1753 1782/1747/1753
f 1773/1802/1754 1772/1803/1754 1782/1747/1754
f 1772/1803/1755 1771/1804/1755 1782/1747/1755
f 1771/1804/1756 1770/1805/1756 1782/1747/1756
f 1770/1805/1757 1769/1806/1757 1782/1747/1757
f 1769/1806/1758 1768/1807/1758 1782/1747/1758
f 1768/1807/1759 1767/1808/1759 1782/1747/1759
f 1767/1808/1760 1766/1809/1760 1782/1747/1760
f 1766/1809/1761 1765/1810/1761 1782/1747/1761
f 1765/1810/1762 1764/1811/1762 1782/1747/1762
f 1764/1811/1763 1763/1812/1763 1782/1747/1763
f 1763/1812/1764 1762/1813/1764 1782/1747/1764
f 1762/1813/1765 1761/1814/1765 1782/1747/1765
f 1761/1814/1766 1760/1815/1766 1782/1747/1766
f 1760/1815/1767 1759/1816/1767 1782/1747/1767
f 1759/1816/1768 1758/1817/1768 1782/1747/1768
f 1758/1817/1769 1757/1818/1769 1782/1747/1769
f 1757/1818/1770 1756/1819/1770 1782/1747/1770
f 1756/1819/1771 1755/1820/1771 1782/1747/1771
f 1755/1820/1772 1754/1821/1772 1782/1747/1772
f 1754/1821/1773 1861/1797/1773 1782/1747/1773
f 1754/1821/1774 1862/1822/1774 1861/1797/1774
f 1754/1821/1775 1753/1823/1775 1862/1822/1775
f 1753/1823/1776 1863/1824/1776 1862/1822/1776
f 1753/1823/1777 1752/1825/1777 1863/1824/1777
f 1752/1825/1778 1864/1826/1778 1863/1824/1778
f 1751/1827/1779 1864/1826/1779 1752/1825/1779
f 1750/1828/1780 1864/1826/1780 1751/1827/1780
f 1749/1829/1781 1864/1826/1781 1750/1828/1781
f 1748/1830/1782 1864/1826/1782 1749/1829/1782
f 1747/1831/1783 1864/1826/1783 1748/1830/1783
f 1746/1832/1784 1864/1826/1784 1747/1831/1784
f 1745/1833/1785 1864/1826/1785 1746/1832/1785
f 1744/1834/1786 1864/1826/1786 1745/1833/1786
f 1744/1834/1787 1865/1835/1787 1864/1826/1787
f 1743/1836/1788 1865/1835/1788 1744/1834/1788
f 1742/1837/1789 1865/1835/1789 1743/1836/1789
f 1741/1838/1790 1865/1835/1790 1742/1837/1790
f 1740/1839/1791 1865/1835/1791 1741/1838/1791
f 1739/1840/1792 1865/1835/1792 1740/1839/1792
f 1738/1841/1793 1865/1835/1793 1739/1840/1793
f 1738/1841/1794 1866/1842/1794 1865/1835/1794
f 1737/1843/1795 1866/1842/1795 1738/1841/1795
f 1736/1844/1796 1866/1842/1796 1737/1843/1796
f 1735/1845/1797 1866/1842/1797 1736/1844/1797
f 1734/1846/1798 1866/1842/1798 1735/1845/1798
f 1733/1847/1799 1866/1842/1799 1734/1846/1799
f 1733/1847/1800 1867/1848/1800 1866/1842/1800
f 1732/1849/1801 1867/1848/1801 1733/1847/1801
f 1731/1850/1802 1867/1848/1802 1732/1849/1802
f 1730/1851/1803 1867/1848/1803 1731/1850/1803
f 1730/1851/1804 1868/1852/1804 1867/1848/1804
f 1729/1853/1805 1868/1852/1805 1730/1851/1805
f 1728/1854/1806 1868/1852/1806 1729/1853/1806
f 1727/1855/1807 1868/1852/1807 1728/1854/1807
f 1727/1855/1808 1869/1856/1808 1868/1852/1808
f 1726/1857/1809 1869/1856/1809 1727/1855/1809
f 1725/1858/1810 1869/1856/1810 1726/1857/1810
f 1724/1859/1811 1869/1856/1811 1725/1858/1811
f 1724/1859/1812 1870/1860/1812 1869/1856/1812
f 1723/1861/1813 1870/1860/1813 1724/1859/1813
f 1722/1862/1814 1870/1860/1814 1723/1861/1814
f 1721/1863/1815 1870/1860/1815 1722/1862/1815
f 1721/1863/1816 1871/1864/1816 1870/1860/1816
f 1720/1865/1817 1871/1864/1817 1721/1863/1817
f 1719/1866/1818 1871/1864/1818 1720/1865/1818
f 1719/1866/1819 1872/1867/1819 1871/1864/1819
f 1718/1868/1820 1872/1867/1820 1719/1866/1820
f 1717/1869/1821 1872/1867/1821 1718/1868/1821
f 1716/1870/1822 1872/1867/1822 1717/1869/1822
f 1716/1870/1823 1873/1871/1823 1872/1867/1823
f 1715/1872/1824 1873/1871/1824 1716/1870/1824
f 1714/1873/1825 1873/1871/1825 1715/1872/1825
f 1714/1873/1826 1874/1874/1826 1873/1871/1826
f 1713/1875/1827 1874/1874/1827 1714/1873/1827
f 1712/1876/1828 1874/1874/1828 1713/1875/1828
f 1712/1876/1829 1875/1877/1829 1874/1874/1829
f 1711/1878/1830 1875/1877/1830 1712/1876/1830
f 1710/1879/1831 1875/1877/1831 1711/1878/1831
f 1710/1879/1832 1876/1880/1832 1875/1877/1832
f 1709/1881/1833 1876/1880/1833 1710/1879/1833
f 1708/1882/1834 1876/1880/1834 1709/1881/1834
f 1708/1882/1835 1877/1883/1835 1876/1880/1835
f 1707/1884/1836 1877/1883/1836 1708/1882/1836
f 1779/1744/1837 1778/1885/1837 1777/1798/1837
f 1706/1886/1838 1877/1883/1838 1707/1884/1838
f 1706/1886/1839 1878/211/1839 1877/1883/1839
f 1705/309/1840 1878/211/1840 1706/1886/1840
f 2003/1715/1841 2005/1716/1841 2004/1717/1841
f 2002/1718/1842 2005/1716/1842 2003/1715/1842
f 2002/1718/1843 2006/1719/1843 2005/1716/1843
f 2001/1720/1844 2006/1719/1844 2002/1718/1844
f 2001/1720/1845 2007/1721/1845 2006/1719/1845
f 2000/1722/1846 2007/1721/1846 2001/1720/1846
f 1999/1723/1847 2007/1721/1847 2000/1722/1847
f 1999/1723/1848 2008/1724/1848 2007/1721/1848
f 1998/1725/1843 2008/1724/1843 1999/1723/1843
f 1998/1725/1849 2009/1726/1849 2008/1724/1849
f 1997/1727/1850 2009/1726/1850 1998/1725/1850
f 1996/1728/1851 2009/1726/1851 1997/1727/1851
f 1996/1728/1852 2010/1729/1852 2009/1726/1852
f 1995/1730/1853 2010/1729/1853 1996/1728/1853
f 1995/1730/1854 2011/1731/1854 2010/1729/1854
f 1994/1732/1848 2011/1731/1848 1995/1730/1848
f 1993/1733/1855 2011/1731/1855 1994/1732/1855
f 1993/1733/1856 2012/1734/1856 2011/1731/1856
f 1992/1735/1857 2012/1734/1857 1993/1733/1857
f 1992/1735/1858 2013/1736/1858 2012/1734/1858
f 1991/1737/1859 2013/1736/1859 1992/1735/1859
f 1990/1738/1860 2013/1736/1860 1991/1737/1860
f 1990/1738/1861 2014/1739/1861 2013/1736/1861
f 1989/1740/1862 2014/1739/1862 1990/1738/1862
f 1989/1740/1863 2015/1741/1863 2014/1739/1863
f 1988/1742/1864 2015/1741/1864 1989/1740/1864
f 1987/1743/1865 2015/1741/1865 1988/1742/1865
f 1953/1744/1866 1955/1745/1866 1954/1746/1866
f 1953/1744/1867 1956/1747/1867 1955/1745/1867
f 1987/1743/1868 2016/1748/1868 2015/1741/1868
f 1986/1749/1869 2016/1748/1869 1987/1743/1869
f 1986/1749/1870 2017/1750/1870 2016/1748/1870
f 1985/1751/1871 2017/1750/1871 1986/1749/1871
f 1984/1752/1872 2017/1750/1872 1985/1751/1872
f 1984/1752/1873 2018/1753/1873 2017/1750/1873
f 1983/1754/1874 2018/1753/1874 1984/1752/1874
f 1982/1755/1875 2018/1753/1875 1983/1754/1875
f 1982/1755/1876 2019/1756/1876 2018/1753/1876
f 1981/1757/1877 2019/1756/1877 1982/1755/1877
f 1981/1757/1878 2020/1758/1878 2019/1756/1878
f 1980/1759/1879 2020/1758/1879 1981/1757/1879
f 1979/1760/1880 2020/1758/1880 1980/1759/1880
f 1979/1760/1881 2021/1761/1881 2020/1758/1881
f 1978/1762/1882 2021/1761/1882 1979/1760/1882
f 1978/1762/1883 2022/1763/1883 2021/1761/1883
f 1977/1764/1884 2022/1763/1884 1978/1762/1884
f 1976/1765/1885 2022/1763/1885 1977/1764/1885
f 1976/1765/1886 2023/1766/1886 2022/1763/1886
f 1975/1767/1887 2023/1766/1887 1976/1765/1887
f 1975/1767/1888 2024/1768/1888 2023/1766/1888
f 1974/1769/1889 2024/1768/1889 1975/1767/1889
f 1973/1770/1890 2024/1768/1890 1974/1769/1890
f 1973/1770/1891 2025/1771/1891 2024/1768/1891
f 1972/1772/1892 2025/1771/1892 1973/1770/1892
f 1971/1773/1893 2025/1771/1893 1972/1772/1893
f 1971/1773/1894 2026/1774/1894 2025/1771/1894
f 1970/1775/1895 2026/1774/1895 1971/1773/1895
f 1970/1775/1896 2027/1776/1896 2026/1774/1896
f 1969/1777/1897 2027/1776/1897 1970/1775/1897
f 1968/1778/1898 2027/1776/1898 1969/1777/1898
f 1968/1778/1899 2028/1779/1899 2027/1776/1899
f 1967/1780/1900 2028/1779/1900 1968/1778/1900
f 1967/1780/1901 2029/1781/1901 2028/1779/1901
f 1966/1782/1902 2029/1781/1902 1967/1780/1902
f 1965/1783/1903 2029/1781/1903 1966/1782/1903
f 1965/1783/1904 2030/1784/1904 2029/1781/1904
f 1964/1785/1905 2030/1784/1905 1965/1783/1905
f 1963/1786/1906 2030/1784/1906 1964/1785/1906
f 1963/1786/1907 2031/1787/1907 2030/1784/1907
f 1962/1788/1908 2031/1787/1908 1963/1786/1908
f 1962/1788/1909 2032/1789/1909 2031/1787/1909
f 1961/1790/1910 2032/1789/1910 1962/1788/1910
f 1960/1791/1911 2032/1789/1911 1961/1790/1911
f 1960/1791/1912 2033/1792/1912 2032/1789/1912
f 1959/1793/1913 2033/1792/1913 1960/1791/1913
f 1958/1794/1914 2033/1792/1914 1959/1793/1914
f 1958/1794/1915 2034/1795/1915 2033/1792/1915
f 1957/1796/1916 2034/1795/1916 1958/1794/1916
f 1956/1747/1917 2034/1795/1917 1957/1796/1917
f 1956/1747/1918 2035/1797/1918 2034/1795/1918
f 1953/1744/1867 1951/1798/1867 1956/1747/1867
f 1951/1798/1919 1950/1799/1919 1956/1747/1919
f 1950/1799/1920 1949/1800/1920 1956/1747/1920
f 1949/1800/1921 1948/1801/1921 1956/1747/1921
f 1948/1801/1922 1947/1802/1922 1956/1747/1922
f 1947/1802/1923 1946/1803/1923 1956/1747/1923
f 1946/1803/1924 1945/1804/1924 1956/1747/1924
f 1945/1804/1925 1944/1805/1925 1956/1747/1925
f 1944/1805/1926 1943/1806/1926 1956/1747/1926
f 1943/1806/1927 1942/1807/1927 1956/1747/1927
f 1942/1807/1928 1941/1808/1928 1956/1747/1928
f 1941/1808/1929 1940/1809/1929 1956/1747/1929
f 1940/1809/1930 1939/1810/1930 1956/1747/1930
f 1939/1810/1931 1938/1811/1931 1956/1747/1931
f 1938/1811/1932 1937/1812/1932 1956/1747/1932
f 1937/1812/1933 1936/1813/1933 1956/1747/1933
f 1936/1813/1934 1935/1814/1934 1956/1747/1934
f 1935/1814/1935 1934/1815/1935 1956/1747/1935
f 1934/1815/1936 1933/1816/1936 1956/1747/1936
f 1933/1816/1937 1932/1817/1937 1956/1747/1937
f 1932/1817/1938 1931/1818/1938 1956/1747/1938
f 1931/1818/1939 1930/1819/1939 1956/1747/1939
f 1930/1819/1940 1929/1820/1940 1956/1747/1940
f 1929/1820/1941 1928/1821/1941 1956/1747/1941
f 1928/1821/1942 2035/1797/1942 1956/1747/1942
f 1928/1821/1943 2036/1822/1943 2035/1797/1943
f 1928/1821/1944 1927/1823/1944 2036/1822/1944
f 1927/1823/1945 2037/1824/1945 2036/1822/1945
f 1927/1823/1946 1926/1825/1946 2037/1824/1946
f 1926/1825/1947 2038/1826/1947 2037/1824/1947
f 1925/1827/1948 2038/1826/1948 1926/1825/1948
f 1924/1828/1949 2038/1826/1949 1925/1827/1949
f 1923/1829/1950 2038/1826/1950 1924/1828/1950
f 1922/1830/1951 2038/1826/1951 1923/1829/1951
f 1921/1831/1952 2038/1826/1952 1922/1830/1952
f 1920/1832/1953 2038/1826/1953 1921/1831/1953
f 1919/1833/1954 2038/1826/1954 1920/1832/1954
f 1918/1834/1955 2038/1826/1955 1919/1833/1955
f 1918/1834/1956 2039/1835/1956 2038/1826/1956
f 1917/1836/1957 2039/1835/1957 1918/1834/1957
f 1916/1837/1958 2039/1835/1958 1917/1836/1958
f 1915/1838/1959 2039/1835/1959 1916/1837/1959
f 1914/1839/1960 2039/1835/1960 1915/1838/1960
f 1913/1840/1961 2039/1835/1961 1914/1839/1961
f 1912/1841/1962 2039/1835/1962 1913/1840/1962
f 1912/1841/1963 2040/1842/1963 2039/1835/1963
f 1911/1843/1964 2040/1842/1964 1912/1841/1964
f 1910/1844/1965 2040/1842/1965 1911/1843/1965
f 1909/1845/1966 2040/1842/1966 1910/1844/1966
f 1908/1846/1967 2040/1842/1967 1909/1845/1967
f 1907/1847/1968 2040/1842/1968 1908/1846/1968
f 1907/1847/1969 2041/1848/1969 2040/1842/1969
f 1906/1849/1970 2041/1848/1970 1907/1847/1970
f 1905/1850/1971 2041/1848/1971 1906/1849/1971
f 1904/1851/1972 2041/1848/1972 1905/1850/1972
f 1904/1851/1973 2042/1852/1973 2041/1848/1973
f 1903/1853/1974 2042/1852/1974 1904/1851/1974
f 1902/1854/1975 2042/1852/1975 1903/1853/1975
f 1901/1855/1976 2042/1852/1976 1902/1854/1976
f 1901/1855/1977 2043/1856/1977 2042/1852/1977
f 1900/1857/1978 2043/1856/1978 1901/1855/1978
f 1899/1858/1979 2043/1856/1979 1900/1857/1979
f 1898/1859/1980 2043/1856/1980 1899/1858/1980
f 1898/1859/1981 2044/1860/1981 2043/1856/1981
f 1897/1861/1982 2044/1860/1982 1898/1859/1982
f 1896/1862/1983 2044/1860/1983 1897/1861/1983
f 1895/1863/1984 2044/1860/1984 1896/1862/1984
f 1895/1863/1985 2045/1864/1985 2044/1860/1985
f 1894/1865/1986 2045/1864/1986 1895/1863/1986
f 1893/1866/1987 2045/1864/1987 1894/1865/1987
f 1893/1866/1988 2046/1867/1988 2045/1864/1988
f 1892/1868/1989 2046/1867/1989 1893/1866/1989
f 1891/1869/1990 2046/1867/1990 1892/1868/1990
f 1890/1870/1991 2046/1867/1991 1891/1869/1991
f 1890/1870/1992 2047/1871/1992 2046/1867/1992
f 1889/1872/1993 2047/1871/1993 1890/1870/1993
f 1888/1873/1994 2047/1871/1994 1889/1872/1994
f 1888/1873/1995 2048/1874/1995 2047/1871/1995
f 1887/1875/1996 2048/1874/1996 1888/1873/1996
f 1886/1876/1997 2048/1874/1997 1887/1875/1997
f 1886/1876/1998 2049/1877/1998 2048/1874/1998
f 1885/1878/1999 2049/1877/1999 1886/1876/1999
f 1884/1879/2000 2049/1877/2000 1885/1878/2000
f 1884/1879/2001 2050/1880/2001 2049/1877/2001
f 1883/1881/2002 2050/1880/2002 1884/1879/2002
f 1882/1882/2003 2050/1880/2003 1883/1881/2003
f 1882/1882/2004 2051/1883/2004 2050/1880/2004
f 1881/1884/2005 2051/1883/2005 1882/1882/2005
f 1953/1744/2006 1952/1885/2006 1951/1798/2006
f 1880/1886/2007 2051/1883/2007 1881/1884/2007
f 1880/1886/2004 2052/211/2004 2051/1883/2004
f 1879/309/2008 2052/211/2008 1880/1886/2008
f 2294/1887/2009 2296/1888/2009 2295/1889/2009
f 2294/1887/2010 2297/1890/2010 2296/1888/2010
f 2293/1891/2011 2297/1890/2011 2294/1887/2011
f 2293/1891/2012 2298/1892/2012 2297/1890/2012
f 2292/1893/2013 2298/1892/2013 2293/1891/2013
f 2292/1893/2014 2299/1894/2014 2298/1892/2014
f 2291/1895/2015 2299/1894/2015 2292/1893/2015
f 2291/1895/2016 2300/1896/2016 2299/1894/2016
f 2290/1897/2017 2300/1896/2017 2291/1895/2017
f 2290/1897/2018 2301/1898/2018 2300/1896/2018
f 2289/1899/2019 2301/1898/2019 2290/1897/2019
f 2289/1899/2020 2302/1900/2020 2301/1898/2020
f 2288/1901/2021 2302/1900/2021 2289/1899/2021
f 2288/1901/2022 2303/1902/2022 2302/1900/2022
f 2287/1903/2023 2303/1902/2023 2288/1901/2023
f 2287/1903/2024 2304/1904/2024 2303/1902/2024
f 2286/1905/2025 2304/1904/2025 2287/1903/2025
f 2286/1905/2026 2305/1906/2026 2304/1904/2026
f 2285/1907/2027 2305/1906/2027 2286/1905/2027
f 2285/1907/2028 2306/1908/2028 2305/1906/2028
f 2284/1909/2029 2306/1908/2029 2285/1907/2029
f 2284/1909/2030 2307/1910/2030 2306/1908/2030
f 2283/1911/2031 2307/1910/2031 2284/1909/2031
f 2283/1911/2032 2308/1912/2032 2307/1910/2032
f 2283/1911/2033 2309/1913/2033 2308/1912/2033
f 2282/1914/2034 2309/1913/2034 2283/1911/2034
f 2282/1914/2035 2310/1915/2035 2309/1913/2035
f 2281/1916/2036 2310/1915/2036 2282/1914/2036
f 2281/1916/2037 2311/1917/2037 2310/1915/2037
f 2280/1918/2038 2311/1917/2038 2281/1916/2038
f 2280/1918/2039 2312/1919/2039 2311/1917/2039
f 2279/1920/2040 2312/1919/2040 2280/1918/2040
f 2279/1920/2041 2313/1921/2041 2312/1919/2041
f 2278/1922/2042 2313/1921/2042 2279/1920/2042
f 2278/1922/2043 2314/1923/2043 2313/1921/2043
f 2277/1924/2044 2314/1923/2044 2278/1922/2044
f 2277/1924/2045 2315/1925/2045 2314/1923/2045
f 2276/1926/2046 2315/1925/2046 2277/1924/2046
f 2276/1926/2047 2316/1927/2047 2315/1925/2047
f 2275/1928/2048 2316/1927/2048 2276/1926/2048
f 2275/1928/2049 2317/1929/2049 2316/1927/2049
f 2274/1930/2050 2317/1929/2050 2275/1928/2050
f 2274/1930/2051 2318/1931/2051 2317/1929/2051
f 2274/1930/2052 2319/1932/2052 2318/1931/2052
f 2273/1933/2053 2319/1932/2053 2274/1930/2053
f 2273/1933/2054 2320/1934/2054 2319/1932/2054
f 2272/1935/2055 2320/1934/2055 2273/1933/2055
f 2272/1935/2056 2321/1936/2056 2320/1934/2056
f 2271/1937/2057 2321/1936/2057 2272/1935/2057
f 2271/1937/2058 2322/1938/2058 2321/1936/2058
f 2270/1939/2059 2322/1938/2059 2271/1937/2059
f 2270/1939/2060 2323/1940/2060 2322/1938/2060
f 2269/1941/2061 2323/1940/2061 2270/1939/2061
f 2269/1941/2062 2324/1942/2062 2323/1940/2062
f 2268/1943/2063 2391/1944/2063 2269/1941/2063
f 2391/1944/2064 2324/1942/2064 2269/1941/2064
f 2391/1944/2065 2390/1945/2065 2324/1942/2065
f 2390/1945/2066 2325/1946/2066 2324/1942/2066
f 2268/1943/2067 2392/1947/2067 2391/1944/2067
f 2389/1948/2068 2325/1946/2068 2390/1945/2068
f 2388/1949/2069 2325/1946/2069 2389/1948/2069
f 2268/1943/2070 2393/1950/2070 2392/1947/2070
f 2387/1951/2071 2325/1946/2071 2388/1949/2071
f 2386/1952/2072 2325/1946/2072 2387/1951/2072
f 2268/1943/2073 2394/1953/2073 2393/1950/2073
f 2385/1954/2074 2325/1946/2074 2386/1952/2074
f 2384/1955/2075 2325/1946/2075 2385/1954/2075
f 2268/1943/2076 2395/1956/2076 2394/1953/2076
f 2383/1957/2077 2325/1946/2077 2384/1955/2077
f 2382/1958/2078 2325/1946/2078 2383/1957/2078
f 2268/1943/2079 2396/1959/2079 2395/1956/2079
f 2267/1960/2080 2396/1959/2080 2268/1943/2080
f 2381/1961/2081 2325/1946/2081 2382/1958/2081
f 2380/1962/2082 2325/1946/2082 2381/1961/2082
f 2267/1960/2083 2397/1963/2083 2396/1959/2083
f 2380/1962/2084 2326/1964/2084 2325/1946/2084
f 2379/1965/2085 2326/1964/2085 2380/1962/2085
f 2378/1966/2086 2326/1964/2086 2379/1965/2086
f 2267/1960/2087 2398/1967/2087 2397/1963/2087
f 2377/1968/2088 2326/1964/2088 2378/1966/2088
f 2376/1969/2089 2326/1964/2089 2377/1968/2089
f 2267/1960/2090 2399/1970/2090 2398/1967/2090
f 2266/1971/2091 2399/1970/2091 2267/1960/2091
f 2375/1972/2092 2326/1964/2092 2376/1969/2092
f 2375/1972/2093 2327/1973/2093 2326/1964/2093
f 2374/1974/2094 2327/1973/2094 2375/1972/2094
f 2266/1971/2095 2400/1975/2095 2399/1970/2095
f 2373/1976/2096 2327/1973/2096 2374/1974/2096
f 2372/1977/2097 2327/1973/2097 2373/1976/2097
f 2266/1971/2098 2401/1978/2098 2400/1975/2098
f 2265/1979/2099 2401/1978/2099 2266/1971/2099
f 2372/1977/2100 2328/1980/2100 2327/1973/2100
f 2371/1981/2101 2328/1980/2101 2372/1977/2101
f 2370/1982/2102 2328/1980/2102 2371/1981/2102
f 2265/1979/2103 2402/1983/2103 2401/1978/2103
f 2369/1984/2104 2328/1980/2104 2370/1982/2104
f 2368/1985/2105 2328/1980/2105 2369/1984/2105
f 2368/1985/2106 2329/1986/2106 2328/1980/2106
f 2264/1987/2107 2402/1983/2107 2265/1979/2107
f 2264/1987/2108 2403/1988/2108 2402/1983/2108
f 2367/1989/2109 2329/1986/2109 2368/1985/2109
f 2366/1990/2110 2329/1986/2110 2367/1989/2110
f 2366/1990/2111 2330/1991/2111 2329/1986/2111
f 2264/1987/2112 2404/1992/2112 2403/1988/2112
f 2365/1993/2113 2330/1991/2113 2366/1990/2113
f 2263/1994/2114 2404/1992/2114 2264/1987/2114
f 2364/1995/2115 2330/1991/2115 2365/1993/2115
f 2263/1994/2116 2405/1996/2116 2404/1992/2116
f 2363/1997/2117 2330/1991/2117 2364/1995/2117
f 2363/1997/2118 2331/1998/2118 2330/1991/2118
f 2362/1999/2119 2331/1998/2119 2363/1997/2119
f 2262/2000/2120 2405/1996/2120 2263/1994/2120
f 2262/2000/2121 2406/2001/2121 2405/1996/2121
f 2361/2002/2122 2331/1998/2122 2362/1999/2122
f 2361/2002/2123 2332/2003/2123 2331/1998/2123
f 2360/2004/2124 2332/2003/2124 2361/2002/2124
f 2261/2005/2125 2406/2001/2125 2262/2000/2125
f 2261/2005/2126 2407/2006/2126 2406/2001/2126
f 2359/2007/2127 2332/2003/2127 2360/2004/2127
f 2359/2007/2128 2333/2008/2128 2332/2003/2128
f 2358/2009/2129 2333/2008/2129 2359/2007/2129
f 2261/2005/2130 2408/2010/2130 2407/2006/2130
f 2357/2011/2131 2333/2008/2131 2358/2009/2131
f 2260/2012/2132 2408/2010/2132 2261/2005/2132
f 2356/2013/2133 2333/2008/2133 2357/2011/2133
f 2356/2013/2134 2334/2014/2134 2333/2008/2134
f 2260/2012/2135 2409/2015/2135 2408/2010/2135
f 2355/2016/2136 2334/2014/2136 2356/2013/2136
f 2259/2017/2137 2409/2015/2137 2260/2012/2137
f 2354/2018/2138 2334/2014/2138 2355/2016/2138
f 2354/2018/2139 2335/2019/2139 2334/2014/2139
f 2259/2017/2140 2410/2020/2140 2409/2015/2140
f 2353/2021/2141 2335/2019/2141 2354/2018/2141
f 2258/2022/2142 2410/2020/2142 2259/2017/2142
f 2353/2021/2143 2336/2023/2143 2335/2019/2143
f 2352/2024/2144 2336/2023/2144 2353/2021/2144
f 2258/2022/2145 2411/2025/2145 2410/2020/2145
f 2351/2026/2146 2336/2023/2146 2352/2024/2146
f 2351/2026/2147 2337/2027/2147 2336/2023/2147
f 2257/2028/2148 2411/2025/2148 2258/2022/2148
f 2350/2029/2149 2337/2027/2149 2351/2026/2149
f 2257/2028/2150 2412/2030/2150 2411/2025/2150
f 2349/2031/2151 2337/2027/2151 2350/2029/2151
f 2349/2031/2152 2338/2032/2152 2337/2027/2152
f 2256/2033/2153 2412/2030/2153 2257/2028/2153
f 2348/2034/2154 2338/2032/2154 2349/2031/2154
f 2256/2033/2155 2413/2035/2155 2412/2030/2155
f 2347/2036/2156 2338/2032/2156 2348/2034/2156
f 2347/2036/2157 2339/2037/2157 2338/2032/2157
f 2255/2038/2158 2413/2035/2158 2256/2033/2158
f 2346/2039/2159 2339/2037/2159 2347/2036/2159
f 2255/2038/2160 2414/2040/2160 2413/2035/2160
f 2346/2039/2161 2340/2041/2161 2339/2037/2161
f 2345/2042/2162 2340/2041/2162 2346/2039/2162
f 2254/2043/2163 2414/2040/2163 2255/2038/2163
f 2344/2044/2164 2340/2041/2164 2345/2042/2164
f 2254/2043/2165 2415/211/2165 2414/2040/2165
f 2344/2044/2166 2341/2045/2166 2340/2041/2166
f 2343/2046/2167 2341/2045/2167 2344/2044/2167
f 2253/2047/2163 2415/211/2163 2254/2043/2163
f 2253/2047/2168 2343/2046/2168 2415/211/2168
f 2253/2047/2169 2341/2045/2169 2343/2046/2169
f 2253/2047/2170 2342/2048/2170 2341/2045/2170
f 2252/2049/2171 2342/2048/2171 2253/2047/2171
f 2252/2049/2172 2053/309/2172 2342/2048/2172
f 2251/2050/2173 2053/309/2173 2252/2049/2173
f 2251/2050/2174 2054/2051/2174 2053/309/2174
f 2251/2050/2175 2055/2052/2175 2054/2051/2175
f 2251/2050/2176 2056/2053/2176 2055/2052/2176
f 2251/2050/2177 2057/2054/2177 2056/2053/2177
f 2251/2050/2178 2058/2055/2178 2057/2054/2178
f 2250/2056/2179 2058/2055/2179 2251/2050/2179
f 2250/2056/2180 2059/2057/2180 2058/2055/2180
f 2250/2056/2181 2060/2058/2181 2059/2057/2181
f 2250/2056/2182 2061/2059/2182 2060/2058/2182
f 2249/2060/2183 2061/2059/2183 2250/2056/2183
f 2249/2060/2184 2062/2061/2184 2061/2059/2184
f 2249/2060/2185 2063/2062/2185 2062/2061/2185
f 2249/2060/2186 2064/2063/2186 2063/2062/2186
f 2248/2064/2187 2064/2063/2187 2249/2060/2187
f 2248/2064/2188 2065/2065/2188 2064/2063/2188
f 2248/2064/2189 2066/2066/2189 2065/2065/2189
f 2248/2064/2190 2067/2067/2190 2066/2066/2190
f 2248/2064/2191 2068/2068/2191 2067/2067/2191
f 2247/2069/2192 2068/2068/2192 2248/2064/2192
f 2247/2069/2193 2069/2070/2193 2068/2068/2193
f 2247/2069/2194 2070/2071/2194 2069/2070/2194
f 2247/2069/2195 2071/2072/2195 2070/2071/2195
f 2246/2073/2196 2071/2072/2196 2247/2069/2196
f 2246/2073/2197 2072/2074/2197 2071/2072/2197
f 2246/2073/2198 2073/2075/2198 2072/2074/2198
f 2246/2073/2199 2074/2076/2199 2073/2075/2199
f 2245/2077/2200 2074/2076/2200 2246/2073/2200
f 2245/2077/2201 2075/2078/2201 2074/2076/2201
f 2245/2077/2202 2076/2079/2202 2075/2078/2202
f 2245/2077/2203 2077/2080/2203 2076/2079/2203
f 2244/2081/2155 2078/2082/2155 2245/2077/2155
f 2078/2082/2204 2077/2080/2204 2245/2077/2204
f 2244/2081/2205 2079/2083/2205 2078/2082/2205
f 2244/2081/2205 2080/2084/2205 2079/2083/2205
f 2243/2085/2206 2080/2084/2206 2244/2081/2206
f 2243/2085/2205 2081/2086/2205 2080/2084/2205
f 2243/2085/2207 2082/2087/2207 2081/2086/2207
f 2242/2088/2206 2082/2087/2206 2243/2085/2206
f 2242/2088/2208 2083/2089/2208 2082/2087/2208
f 2242/2088/2208 2084/2090/2208 2083/2089/2208
f 2241/2091/2209 2084/2090/2209 2242/2088/2209
f 2241/2091/2208 2085/2092/2208 2084/2090/2208
f 2241/2091/2210 2086/2093/2210 2085/2092/2210
f 2240/2094/2209 2086/2093/2209 2241/2091/2209
f 2240/2094/2211 2087/2095/2211 2086/2093/2211
f 2240/2094/2212 2088/2096/2212 2087/2095/2212
f 2239/2097/2213 2088/2096/2213 2240/2094/2213
f 2239/2097/2214 2089/2098/2214 2088/2096/2214
f 2239/2097/2214 2090/2099/2214 2089/2098/2214
f 2238/2100/2215 2090/2099/2215 2239/2097/2215
f 2238/2100/2214 2091/2101/2214 2090/2099/2214
f 2238/2100/2216 2092/2102/2216 2091/2101/2216
f 2237/2103/2215 2092/2102/2215 2238/2100/2215
f 2237/2103/2217 2093/2104/2217 2092/2102/2217
f 2237/2103/2218 2094/2105/2218 2093/2104/2218
f 2236/2106/2219 2094/2105/2219 2237/2103/2219
f 2236/2106/2218 2095/2107/2218 2094/2105/2218
f 2236/2106/2218 2096/2108/2218 2095/2107/2218
f 2235/2109/2219 2096/2108/2219 2236/2106/2219
f 2235/2109/2220 2097/2110/2220 2096/2108/2220
f 2235/2109/2221 2098/2111/2221 2097/2110/2221
f 2235/2109/2221 2099/2112/2221 2098/2111/2221
f 2234/1149/2222 2099/2112/2222 2235/2109/2222
f 2234/1149/2223 2100/2113/2223 2099/2112/2223
f 2234/1149/2224 2101/2114/2224 2100/2113/2224
f 2233/2115/2225 2101/2114/2225 2234/1149/2225
f 2233/2115/2224 2102/2116/2224 2101/2114/2224
f 2233/2115/2226 2103/2117/2226 2102/2116/2226
f 2233/2115/2227 2104/2118/2227 2103/2117/2227
f 2232/2119/2228 2104/2118/2228 2233/2115/2228
f 2232/2119/2227 2105/2120/2227 2104/2118/2227
f 2232/2119/2229 2106/2121/2229 2105/2120/2229
f 2231/2122/2230 2106/2121/2230 2232/2119/2230
f 2231/2122/2231 2107/2123/2231 2106/2121/2231
f 2149/2124/2232 2151/2125/2232 2150/2126/2232
f 2148/2127/2232 2151/2125/2232 2149/2124/2232
f 2231/2122/2233 2108/2128/2233 2107/2123/2233
f 2147/2129/2234 2151/2125/2234 2148/2127/2234
f 2231/2122/2235 2109/2130/2235 2108/2128/2235
f 2146/2131/2234 2151/2125/2234 2147/2129/2234
f 2231/2122/2236 2110/2132/2236 2109/2130/2236
f 2230/2133/2237 2110/2132/2237 2231/2122/2237
f 2145/2134/2238 2151/2125/2238 2146/2131/2238
f 2230/2133/2239 2111/2135/2239 2110/2132/2239
f 2144/2136/2238 2151/2125/2238 2145/2134/2238
f 2230/2133/2240 2112/2137/2240 2111/2135/2240
f 2143/2138/2238 2151/2125/2238 2144/2136/2238
f 2230/2133/2241 2113/2139/2241 2112/2137/2241
f 2142/2140/2242 2151/2125/2242 2143/2138/2242
f 2229/2141/2243 2113/2139/2243 2230/2133/2243
f 2229/2141/2244 2114/2142/2244 2113/2139/2244
f 2141/2143/2242 2151/2125/2242 2142/2140/2242
f 2140/2144/2245 2151/2125/2245 2141/2143/2245
f 2229/2141/2246 2115/2145/2246 2114/2142/2246
f 2139/2146/2247 2151/2125/2247 2140/2144/2247
f 2229/2141/2248 2116/2147/2248 2115/2145/2248
f 2138/2148/2249 2151/2125/2249 2139/2146/2249
f 2229/2141/2250 2117/2149/2250 2116/2147/2250
f 2137/2150/2251 2151/2125/2251 2138/2148/2251
f 2229/2141/2252 2118/2151/2252 2117/2149/2252
f 2136/2152/2253 2151/2125/2253 2137/2150/2253
f 2229/2141/2254 2119/2153/2254 2118/2151/2254
f 2135/2154/2255 2151/2125/2255 2136/2152/2255
f 2228/2155/2256 2119/2153/2256 2229/2141/2256
f 2134/2156/2257 2151/2125/2257 2135/2154/2257
f 2228/2155/2258 2120/2157/2258 2119/2153/2258
f 2133/2158/2259 2151/2125/2259 2134/2156/2259
f 2228/2155/2260 2121/2159/2260 2120/2157/2260
f 2132/2160/2261 2151/2125/2261 2133/2158/2261
f 2228/2155/2262 2122/2161/2262 2121/2159/2262
f 2131/2162/2263 2151/2125/2263 2132/2160/2263
f 2228/2155/2264 2123/2163/2264 2122/2161/2264
f 2130/2164/2265 2151/2125/2265 2131/2162/2265
f 2129/2165/2266 2151/2125/2266 2130/2164/2266
f 2228/2155/2267 2124/2166/2267 2123/2163/2267
f 2128/2167/2268 2151/2125/2268 2129/2165/2268
f 2228/2155/2269 2125/2168/2269 2124/2166/2269
f 2127/2169/2270 2151/2125/2270 2128/2167/2270
f 2228/2155/2271 2126/2170/2271 2125/2168/2271
f 2126/2170/2272 2151/2125/2272 2127/2169/2272
f 2228/2155/2273 2151/2125/2273 2126/2170/2273
f 2227/2171/2274 2151/2125/2274 2228/2155/2274
f 2226/2172/2275 2151/2125/2275 2227/2171/2275
f 2225/2173/2276 2151/2125/2276 2226/2172/2276
f 2224/2174/2277 2151/2125/2277 2225/2173/2277
f 2223/2175/2278 2151/2125/2278 2224/2174/2278
f 2222/2176/2279 2151/2125/2279 2223/2175/2279
f 2221/2177/2280 2151/2125/2280 2222/2176/2280
f 2220/2178/2281 2151/2125/2281 2221/2177/2281
f 2219/2179/2282 2151/2125/2282 2220/2178/2282
f 2218/2180/2283 2151/2125/2283 2219/2179/2283
f 2217/2181/2284 2151/2125/2284 2218/2180/2284
f 2216/2182/2285 2151/2125/2285 2217/2181/2285
f 2215/2183/2286 2151/2125/2286 2216/2182/2286
f 2214/2184/2287 2151/2125/2287 2215/2183/2287
f 2213/2185/2288 2151/2125/2288 2214/2184/2288
f 2213/2185/2289 2152/2186/2289 2151/2125/2289
f 2213/2185/2290 2153/2187/2290 2152/2186/2290
f 2213/2185/2291 2154/2188/2291 2153/2187/2291
f 2212/2189/2292 2154/2188/2292 2213/2185/2292
f 2212/2189/2293 2155/2190/2293 2154/2188/2293
f 2212/2189/2294 2156/2191/2294 2155/2190/2294
f 2212/2189/2295 2157/2192/2295 2156/2191/2295
f 2212/2189/2296 2158/2193/2296 2157/2192/2296
f 2211/2194/2297 2158/2193/2297 2212/2189/2297
f 2211/2194/2298 2159/2195/2298 2158/2193/2298
f 2211/2194/2299 2160/2196/2299 2159/2195/2299
f 2211/2194/2300 2161/2197/2300 2160/2196/2300
f 2211/2194/2301 2162/2198/2301 2161/2197/2301
f 2210/2199/2302 2162/2198/2302 2211/2194/2302
f 2210/2199/2303 2163/2200/2303 2162/2198/2303
f 2210/2199/2304 2164/2201/2304 2163/2200/2304
f 2210/2199/2305 2165/2202/2305 2164/2201/2305
f 2209/2203/2306 2165/2202/2306 2210/2199/2306
f 2209/2203/2307 2166/2204/2307 2165/2202/2307
f 2209/2203/2308 2167/2205/2308 2166/2204/2308
f 2209/2203/2309 2168/2206/2309 2167/2205/2309
f 2208/2207/2310 2168/2206/2310 2209/2203/2310
f 2208/2207/2311 2169/2208/2311 2168/2206/2311
f 2208/2207/2312 2170/2209/2312 2169/2208/2312
f 2208/2207/2313 2171/2210/2313 2170/2209/2313
f 2208/2207/2314 2172/2211/2314 2171/2210/2314
f 2207/2212/2315 2172/2211/2315 2208/2207/2315
f 2207/2212/2316 2173/2213/2316 2172/2211/2316
f 2207/2212/2317 2174/2214/2317 2173/2213/2317
f 2207/2212/2317 2175/2215/2317 2174/2214/2317
f 2206/2216/2318 2175/2215/2318 2207/2212/2318
f 2206/2216/2319 2176/2217/2319 2175/2215/2319
f 2206/2216/2320 2177/2218/2320 2176/2217/2320
f 2206/2216/2321 2178/2219/2321 2177/2218/2321
f 2205/2220/2322 2178/2219/2322 2206/2216/2322
f 2205/2220/2323 2179/2221/2323 2178/2219/2323
f 2205/2220/2324 2180/2222/2324 2179/2221/2324
f 2205/2220/2325 2181/2223/2325 2180/2222/2325
f 2204/2224/2326 2181/2223/2326 2205/2220/2326
f 2204/2224/2327 2182/2225/2327 2181/2223/2327
f 2204/2224/2328 2183/2226/2328 2182/2225/2328
f 2204/2224/2317 2184/2227/2317 2183/2226/2317
f 2203/2228/2321 2184/2227/2321 2204/2224/2321
f 2203/2228/2317 2185/2229/2317 2184/2227/2317
f 2203/2228/2329 2186/2230/2329 2185/2229/2329
f 2203/2228/2327 2187/2231/2327 2186/2230/2327
f 2202/2232/2316 2187/2231/2316 2203/2228/2316
f 2202/2232/2327 2188/2233/2327 2187/2231/2327
f 2202/2232/2330 2189/2234/2330 2188/2233/2330
f 2202/2232/2331 2190/2235/2331 2189/2234/2331
f 2201/2236/2332 2190/2235/2332 2202/2232/2332
f 2201/2236/2327 2191/2237/2327 2190/2235/2327
f 2201/2236/2333 2192/2238/2333 2191/2237/2333
f 2201/2236/2334 2193/2239/2334 2192/2238/2334
f 2200/2240/2335 2193/2239/2335 2201/2236/2335
f 2200/2240/2336 2194/2241/2336 2193/2239/2336
f 2200/2240/2337 2195/2242/2337 2194/2241/2337
f 2200/2240/2338 2196/2243/2338 2195/2242/2338
f 2199/2244/2339 2196/2243/2339 2200/2240/2339
f 2199/2244/2340 2197/2245/2340 2196/2243/2340
f 2199/2244/2341 2198/2246/2341 2197/2245/2341
f 2535/2247/2342 2537/2248/2342 2536/2249/2342
f 2535/2247/2343 2538/2250/2343 2537/2248/2343
f 2534/2251/2344 2538/2250/2344 2535/2247/2344
f 2534/2251/2345 2539/2252/2345 2538/2250/2345
f 2534/2251/2346 2540/2253/2346 2539/2252/2346
f 2533/2254/2344 2540/2253/2344 2534/2251/2344
f 2533/2254/2347 2541/2255/2347 2540/2253/2347
f 2533/2254/2348 2542/2256/2348 2541/2255/2348
f 2532/2257/2349 2542/2256/2349 2533/2254/2349
f 2532/2257/2350 2543/2258/2350 2542/2256/2350
f 2532/2257/2351 2544/2259/2351 2543/2258/2351
f 2531/2260/2352 2544/2259/2352 2532/2257/2352
f 2531/2260/2353 2545/2261/2353 2544/2259/2353
f 2531/2260/2354 2546/2262/2354 2545/2261/2354
f 2530/2263/2355 2546/2262/2355 2531/2260/2355
f 2530/2263/2356 2547/2264/2356 2546/2262/2356
f 2530/2263/2357 2548/2265/2357 2547/2264/2357
f 2529/2266/2358 2548/2265/2358 2530/2263/2358
f 2529/2266/2359 2549/2267/2359 2548/2265/2359
f 2529/2266/2360 2550/2268/2360 2549/2267/2360
f 2528/2269/2361 2550/2268/2361 2529/2266/2361
f 2528/2269/2362 2551/2270/2362 2550/2268/2362
f 2528/2269/2363 2552/2271/2363 2551/2270/2363
f 2527/2272/2364 2552/2271/2364 2528/2269/2364
f 2527/2272/2365 2553/2273/2365 2552/2271/2365
f 2527/2272/2366 2554/2274/2366 2553/2273/2366
f 2526/2275/2367 2554/2274/2367 2527/2272/2367
f 2526/2275/2368 2555/2276/2368 2554/2274/2368
f 2526/2275/2369 2556/2277/2369 2555/2276/2369
f 2525/2278/2370 2556/2277/2370 2526/2275/2370
f 2525/2278/2371 2557/2279/2371 2556/2277/2371
f 2525/2278/2372 2558/2280/2372 2557/2279/2372
f 2525/2278/2373 2559/2281/2373 2558/2280/2373
f 2524/2282/2374 2559/2281/2374 2525/2278/2374
f 2524/2282/2375 2560/2283/2375 2559/2281/2375
f 2524/2282/2376 2562/2284/2376 2560/2283/2376
f 2562/2284/2377 2561/2285/2377 2560/2283/2377
f 2523/2286/2378 2564/2287/2378 2524/2282/2378
f 2564/2287/2379 2563/2288/2379 2524/2282/2379
f 2563/2288/2380 2562/2284/2380 2524/2282/2380
f 2522/2289/2381 2565/2290/2381 2523/2286/2381
f 2565/2290/2382 2564/2287/2382 2523/2286/2382
f 2521/2291/2383 2566/2292/2383 2522/2289/2383
f 2566/2292/2384 2565/2290/2384 2522/2289/2384
f 2520/2293/2385 2567/2294/2385 2521/2291/2385
f 2567/2294/2386 2566/2292/2386 2521/2291/2386
f 2519/2295/2387 2568/2296/2387 2520/2293/2387
f 2568/2296/2388 2567/2294/2388 2520/2293/2388
f 2518/2297/2389 2570/2298/2389 2519/2295/2389
f 2570/2298/2390 2569/2299/2390 2519/2295/2390
f 2569/2299/2391 2568/2296/2391 2519/2295/2391
f 2517/2300/2392 2571/2301/2392 2518/2297/2392
f 2571/2301/2393 2570/2298/2393 2518/2297/2393
f 2516/2302/2394 2572/2303/2394 2517/2300/2394
f 2572/2303/2395 2571/2301/2395 2517/2300/2395
f 2515/2304/2396 2574/2305/2396 2516/2302/2396
f 2574/2305/2397 2573/2306/2397 2516/2302/2397
f 2573/2306/2398 2572/2303/2398 2516/2302/2398
f 2514/2307/2399 2575/2308/2399 2515/2304/2399
f 2575/2308/2400 2574/2305/2400 2515/2304/2400
f 2513/2309/2401 2577/2310/2401 2514/2307/2401
f 2577/2310/2402 2576/2311/2402 2514/2307/2402
f 2576/2311/2403 2575/2308/2403 2514/2307/2403
f 2512/2312/2404 2578/2313/2404 2513/2309/2404
f 2578/2313/2405 2577/2310/2405 2513/2309/2405
f 2511/2314/2406 2579/2315/2406 2512/2312/2406
f 2579/2315/2407 2578/2313/2407 2512/2312/2407
f 2510/2316/2408 2581/2317/2408 2511/2314/2408
f 2581/2317/2409 2580/2318/2409 2511/2314/2409
f 2580/2318/2410 2579/2315/2410 2511/2314/2410
f 2509/2319/2411 2582/2320/2411 2510/2316/2411
f 2582/2320/2412 2581/2317/2412 2510/2316/2412
f 2508/2321/2413 2584/2322/2413 2509/2319/2413
f 2584/2322/2414 2583/2323/2414 2509/2319/2414
f 2583/2323/2415 2582/2320/2415 2509/2319/2415
f 2507/2324/2416 2585/2325/2416 2508/2321/2416
f 2585/2325/2417 2584/2322/2417 2508/2321/2417
f 2507/2324/2418 2586/2326/2418 2585/2325/2418
f 2507/2324/2419 2587/2327/2419 2586/2326/2419
f 2506/2328/2420 2587/2327/2420 2507/2324/2420
f 2506/2328/2421 2588/2329/2421 2587/2327/2421
f 2506/2328/2422 2589/2330/2422 2588/2329/2422
f 2506/2328/2423 2590/2331/2423 2589/2330/2423
f 2506/2328/2424 2591/2332/2424 2590/2331/2424
f 2506/2328/2425 2592/2333/2425 2591/2332/2425
f 2506/2328/2426 2593/2334/2426 2592/2333/2426
f 2506/2328/2427 2594/2335/2427 2593/2334/2427
f 2506/2328/2428 2595/2336/2428 2594/2335/2428
f 2505/2337/2429 2595/2336/2429 2506/2328/2429
f 2505/2337/2430 2596/2338/2430 2595/2336/2430
f 2505/2337/2431 2597/2339/2431 2596/2338/2431
f 2505/2337/2432 2598/2340/2432 2597/2339/2432
f 2505/2337/2433 2599/2341/2433 2598/2340/2433
f 2504/2342/2434 2599/2341/2434 2505/2337/2434
f 2504/2342/2435 2600/2343/2435 2599/2341/2435
f 2504/2342/2436 2601/2344/2436 2600/2343/2436
f 2504/2342/2437 2602/2345/2437 2601/2344/2437
f 2503/2346/2438 2602/2345/2438 2504/2342/2438
f 2503/2346/2439 2603/2347/2439 2602/2345/2439
f 2503/2346/2440 2604/2348/2440 2603/2347/2440
f 2503/2346/2441 2605/2349/2441 2604/2348/2441
f 2502/2350/2442 2605/2349/2442 2503/2346/2442
f 2502/2350/2443 2606/2351/2443 2605/2349/2443
f 2502/2350/2444 2607/2352/2444 2606/2351/2444
f 2501/2353/2445 2607/2352/2445 2502/2350/2445
f 2501/2353/2446 2608/2354/2446 2607/2352/2446
f 2501/2353/2447 2609/2355/2447 2608/2354/2447
f 2501/2353/2448 2610/2356/2448 2609/2355/2448
f 2500/2357/2449 2610/2356/2449 2501/2353/2449
f 2500/2357/2450 2611/2358/2450 2610/2356/2450
f 2500/2357/2451 2612/2359/2451 2611/2358/2451
f 2499/2360/2452 2612/2359/2452 2500/2357/2452
f 2499/2360/2453 2613/2361/2453 2612/2359/2453
f 2499/2360/2454 2614/2362/2454 2613/2361/2454
f 2498/2363/2455 2614/2362/2455 2499/2360/2455
f 2498/2363/2456 2615/2364/2456 2614/2362/2456
f 2498/2363/2457 2616/2365/2457 2615/2364/2457
f 2497/2366/2458 2616/2365/2458 2498/2363/2458
f 2497/2366/2459 2617/2367/2459 2616/2365/2459
f 2497/2366/2460 2618/2368/2460 2617/2367/2460
f 2496/2369/2461 2618/2368/2461 2497/2366/2461
f 2496/2369/2462 2619/2370/2462 2618/2368/2462
f 2496/2369/2463 2620/2371/2463 2619/2370/2463
f 2495/2372/2464 2620/2371/2464 2496/2369/2464
f 2495/2372/2465 2621/2373/2465 2620/2371/2465
f 2495/2372/2466 2622/2374/2466 2621/2373/2466
f 2494/2375/2467 2622/2374/2467 2495/2372/2467
f 2494/2375/2468 2623/2376/2468 2622/2374/2468
f 2494/2375/2469 2624/2377/2469 2623/2376/2469
f 2493/2378/2470 2624/2377/2470 2494/2375/2470
f 2493/2378/2471 2625/2379/2471 2624/2377/2471
f 2493/2378/2472 2626/2380/2472 2625/2379/2472
f 2492/2381/2473 2626/2380/2473 2493/2378/2473
f 2492/2381/2472 2627/2382/2472 2626/2380/2472
f 2492/2381/2474 2628/2383/2474 2627/2382/2474
f 2491/2384/2473 2628/2383/2473 2492/2381/2473
f 2491/2384/2475 2629/2385/2475 2628/2383/2475
f 2490/2386/2476 2629/2385/2476 2491/2384/2476
f 2490/2386/2475 2630/2387/2475 2629/2385/2475
f 2490/2386/2477 2631/2388/2477 2630/2387/2477
f 2489/2389/2478 2631/2388/2478 2490/2386/2478
f 2489/2389/2477 2632/2390/2477 2631/2388/2477
f 2489/2389/2479 2633/2391/2479 2632/2390/2479
f 2488/2392/2478 2633/2391/2478 2489/2389/2478
f 2488/2392/2479 2634/2393/2479 2633/2391/2479
f 2487/2394/2480 2634/2393/2480 2488/2392/2480
f 2487/2394/2481 2635/2395/2481 2634/2393/2481
f 2487/2394/2481 2636/2396/2481 2635/2395/2481
f 2486/2397/2481 2636/2396/2481 2487/2394/2481
f 2486/2397/2480 2637/2398/2480 2636/2396/2480
f 2486/2397/2478 2638/2399/2478 2637/2398/2478
f 2485/2400/2481 2638/2399/2481 2486/2397/2481
f 2485/2400/2478 2639/2401/2478 2638/2399/2478
f 2485/2400/2478 2640/2402/2478 2639/2401/2478
f 2484/2403/2479 2640/2402/2479 2485/2400/2479
f 2484/2403/2476 2641/2404/2476 2640/2402/2476
f 2484/2403/2482 2642/2405/2482 2641/2404/2482
f 2483/2406/2479 2642/2405/2479 2484/2403/2479
f 2483/2406/2476 2643/2407/2476 2642/2405/2476
f 2483/2406/2473 2644/2408/2473 2643/2407/2473
f 2482/2409/2483 2644/2408/2483 2483/2406/2483
f 2482/2409/2473 2645/2410/2473 2644/2408/2473
f 2481/2411/2484 2645/2410/2484 2482/2409/2484
f 2481/2411/2473 2646/2412/2473 2645/2410/2473
f 2481/2411/2473 2647/2413/2473 2646/2412/2473
f 2480/2414/2484 2647/2413/2484 2481/2411/2484
f 2480/2414/2473 2648/2415/2473 2647/2413/2473
f 2480/2414/2485 2649/2416/2485 2648/2415/2485
f 2479/2417/2484 2649/2416/2484 2480/2414/2484
f 2479/2417/2485 2650/2418/2485 2649/2416/2485
f 2479/2417/2470 2651/2419/2470 2650/2418/2470
f 2478/2420/2484 2651/2419/2484 2479/2417/2484
f 2478/2420/2486 2652/2421/2486 2651/2419/2486
f 2478/2420/2487 2653/2422/2487 2652/2421/2487
f 2478/2420/2488 2654/2423/2488 2653/2422/2488
f 2477/2424/2489 2654/2423/2489 2478/2420/2489
f 2477/2424/2490 2655/2425/2490 2654/2423/2490
f 2477/2424/2491 2656/2426/2491 2655/2425/2491
f 2476/2427/2492 2656/2426/2492 2477/2424/2492
f 2476/2427/2493 2657/2428/2493 2656/2426/2493
f 2476/2427/2494 2658/2429/2494 2657/2428/2494
f 2475/2430/2495 2658/2429/2495 2476/2427/2495
f 2475/2430/2496 2659/2431/2496 2658/2429/2496
f 2475/2430/2497 2660/2432/2497 2659/2431/2497
f 2475/2430/2498 2661/2433/2498 2660/2432/2498
f 2474/2434/2499 2661/2433/2499 2475/2430/2499
f 2728/2435/2500 2416/309/2500 2729/211/2500
f 2727/2436/2500 2416/309/2500 2728/2435/2500
f 2474/2434/2501 2662/2437/2501 2661/2433/2501
f 2726/2438/2500 2416/309/2500 2727/2436/2500
f 2725/2439/2502 2416/309/2502 2726/2438/2502
f 2474/2434/2503 2663/2440/2503 2662/2437/2503
f 2724/2441/2500 2416/309/2500 2725/2439/2500
f 2723/2442/2502 2416/309/2502 2724/2441/2502
f 2722/2443/2502 2416/309/2502 2723/2442/2502
f 2473/2444/2504 2663/2440/2504 2474/2434/2504
f 2473/2444/2505 2664/2445/2505 2663/2440/2505
f 2721/2446/2502 2416/309/2502 2722/2443/2502
f 2720/2447/2502 2416/309/2502 2721/2446/2502
f 2473/2444/2506 2665/2448/2506 2664/2445/2506
f 2719/2449/2502 2416/309/2502 2720/2447/2502
f 2718/2450/2502 2416/309/2502 2719/2449/2502
f 2717/2451/2502 2416/309/2502 2718/2450/2502
f 2473/2444/2507 2666/2452/2507 2665/2448/2507
f 2716/2453/2508 2416/309/2508 2717/2451/2508
f 2715/2454/2508 2416/309/2508 2716/2453/2508
f 2473/2444/2509 2667/2455/2509 2666/2452/2509
f 2714/2456/2510 2416/309/2510 2715/2454/2510
f 2472/2457/2511 2667/2455/2511 2473/2444/2511
f 2713/2458/2510 2416/309/2510 2714/2456/2510
f 2712/2459/2510 2416/309/2510 2713/2458/2510
f 2472/2457/2512 2668/2460/2512 2667/2455/2512
f 2711/2461/2510 2416/309/2510 2712/2459/2510
f 2710/2462/2510 2416/309/2510 2711/2461/2510
f 2472/2457/2513 2669/2463/2513 2668/2460/2513
f 2709/2464/2510 2416/309/2510 2710/2462/2510
f 2708/2465/2510 2416/309/2510 2709/2464/2510
f 2707/2466/2510 2416/309/2510 2708/2465/2510
f 2472/2457/2514 2670/2467/2514 2669/2463/2514
f 2706/2468/2515 2416/309/2515 2707/2466/2515
f 2705/2469/2516 2416/309/2516 2706/2468/2516
f 2471/2470/2517 2670/2467/2517 2472/2457/2517
f 2471/2470/2518 2671/2471/2518 2670/2467/2518
f 2704/2472/2519 2416/309/2519 2705/2469/2519
f 2703/2473/2520 2416/309/2520 2704/2472/2520
f 2471/2470/2521 2672/2474/2521 2671/2471/2521
f 2702/2475/2522 2416/309/2522 2703/2473/2522
f 2701/2476/2523 2416/309/2523 2702/2475/2523
f 2700/2477/2524 2416/309/2524 2701/2476/2524
f 2471/2470/2525 2673/2478/2525 2672/2474/2525
f 2699/2479/2526 2416/309/2526 2700/2477/2526
f 2698/2480/2527 2416/309/2527 2699/2479/2527
f 2471/2470/2528 2674/2481/2528 2673/2478/2528
f 2697/2482/2529 2416/309/2529 2698/2480/2529
f 2696/2483/2530 2416/309/2530 2697/2482/2530
f 2471/2470/2531 2675/2484/2531 2674/2481/2531
f 2695/2485/2532 2416/309/2532 2696/2483/2532
f 2694/2486/2533 2416/309/2533 2695/2485/2533
f 2471/2470/2534 2676/2487/2534 2675/2484/2534
f 2693/2488/2535 2416/309/2535 2694/2486/2535
f 2692/2489/2536 2416/309/2536 2693/2488/2536
f 2470/2490/2537 2676/2487/2537 2471/2470/2537
f 2691/2491/2538 2416/309/2538 2692/2489/2538
f 2470/2490/2539 2677/2492/2539 2676/2487/2539
f 2690/2493/2540 2416/309/2540 2691/2491/2540
f 2689/2494/2541 2416/309/2541 2690/2493/2541
f 2470/2490/2542 2678/2495/2542 2677/2492/2542
f 2688/2496/2543 2416/309/2543 2689/2494/2543
f 2687/2497/2544 2416/309/2544 2688/2496/2544
f 2470/2490/2545 2679/2498/2545 2678/2495/2545
f 2686/2499/2546 2416/309/2546 2687/2497/2546
f 2685/2500/2547 2416/309/2547 2686/2499/2547
f 2470/2490/2548 2680/2501/2548 2679/2498/2548
f 2684/2502/2549 2416/309/2549 2685/2500/2549
f 2683/2503/2550 2416/309/2550 2684/2502/2550
f 2470/2490/2551 2681/2504/2551 2680/2501/2551
f 2682/2505/2552 2416/309/2552 2683/2503/2552
f 2681/2504/2553 2416/309/2553 2682/2505/2553
f 2470/2490/2554 2416/309/2554 2681/2504/2554
f 2469/2506/2555 2416/309/2555 2470/2490/2555
f 2468/2507/2556 2416/309/2556 2469/2506/2556
f 2467/2508/2557 2416/309/2557 2468/2507/2557
f 2466/2509/2558 2416/309/2558 2467/2508/2558
f 2465/2510/2559 2416/309/2559 2466/2509/2559
f 2464/2511/2560 2416/309/2560 2465/2510/2560
f 2463/2512/2561 2416/309/2561 2464/2511/2561
f 2462/2513/2562 2416/309/2562 2463/2512/2562
f 2461/2514/2563 2416/309/2563 2462/2513/2563
f 2460/2515/2564 2416/309/2564 2461/2514/2564
f 2459/2516/2565 2416/309/2565 2460/2515/2565
f 2458/2517/2566 2416/309/2566 2459/2516/2566
f 2457/2518/2567 2416/309/2567 2458/2517/2567
f 2456/2519/2568 2416/309/2568 2457/2518/2568
f 2455/2520/2569 2416/309/2569 2456/2519/2569
f 2455/2520/2570 2417/2521/2570 2416/309/2570
f 2455/2520/2571 2418/2522/2571 2417/2521/2571
f 2454/2523/2572 2418/2522/2572 2455/2520/2572
f 2454/2523/2573 2419/2524/2573 2418/2522/2573
f 2453/2525/2574 2419/2524/2574 2454/2523/2574
f 2453/2525/2575 2420/2526/2575 2419/2524/2575
f 2453/2525/2576 2421/2527/2576 2420/2526/2576
f 2452/2528/2577 2421/2527/2577 2453/2525/2577
f 2452/2528/2578 2422/2529/2578 2421/2527/2578
f 2451/2530/2579 2422/2529/2579 2452/2528/2579
f 2451/2530/2580 2423/2531/2580 2422/2529/2580
f 2451/2530/2581 2424/2532/2581 2423/2531/2581
f 2450/2533/2582 2424/2532/2582 2451/2530/2582
f 2450/2533/2583 2425/2534/2583 2424/2532/2583
f 2449/2535/2584 2425/2534/2584 2450/2533/2584
f 2449/2535/2585 2426/2536/2585 2425/2534/2585
f 2449/2535/2586 2427/2537/2586 2426/2536/2586
f 2448/2538/2587 2427/2537/2587 2449/2535/2587
f 2448/2538/2588 2428/2539/2588 2427/2537/2588
f 2447/2540/2589 2428/2539/2589 2448/2538/2589
f 2447/2540/2590 2429/2541/2590 2428/2539/2590
f 2447/2540/2591 2430/2542/2591 2429/2541/2591
f 2446/2543/2592 2430/2542/2592 2447/2540/2592
f 2446/2543/2592 2431/2544/2592 2430/2542/2592
f 2445/2545/2593 2431/2544/2593 2446/2543/2593
f 2445/2545/2592 2432/2546/2592 2431/2544/2592
f 2445/2545/2594 2433/2547/2594 2432/2546/2594
f 2444/2548/2595 2433/2547/2595 2445/2545/2595
f 2444/2548/2596 2434/2549/2596 2433/2547/2596
f 2443/2550/2597 2434/2549/2597 2444/2548/2597
f 2443/2550/2595 2435/2551/2595 2434/2549/2595
f 2443/2550/2598 2436/2552/2598 2435/2551/2598
f 2442/2553/2599 2436/2552/2599 2443/2550/2599
f 2442/2553/2600 2437/2554/2600 2436/2552/2600
f 2441/2555/2598 2437/2554/2598 2442/2553/2598
f 2441/2555/2601 2438/2556/2601 2437/2554/2601
f 2441/2555/2602 2439/2557/2602 2438/2556/2602
f 2440/2558/2599 2439/2557/2599 2441/2555/2599
f 2819/382/2603 2821/383/2603 2820/384/2603
f 2818/385/2604 2821/383/2604 2819/382/2604
f 2818/385/2605 2822/386/2605 2821/383/2605
f 2817/387/2606 2822/386/2606 2818/385/2606
f 2817/387/2607 2823/388/2607 2822/386/2607
f 2816/389/2608 2823/388/2608 2817/387/2608
f 2815/390/2609 2823/388/2609 2816/389/2609
f 2815/390/2610 2824/391/2610 2823/388/2610
f 2814/392/2611 2824/391/2611 2815/390/2611
f 2814/392/2612 2825/393/2612 2824/391/2612
f 2813/394/2613 2825/393/2613 2814/392/2613
f 2812/395/2614 2825/393/2614 2813/394/2614
f 2812/395/2615 2826/396/2615 2825/393/2615
f 2811/397/2616 2826/396/2616 2812/395/2616
f 2811/397/2617 2827/398/2617 2826/396/2617
f 2810/399/2612 2827/398/2612 2811/397/2612
f 2809/400/2618 2827/398/2618 2810/399/2618
f 2809/400/2619 2828/401/2619 2827/398/2619
f 2808/402/2620 2828/401/2620 2809/400/2620
f 2808/402/2621 2829/403/2621 2828/401/2621
f 2807/404/2622 2829/403/2622 2808/402/2622
f 2806/405/2623 2829/403/2623 2807/404/2623
f 2806/405/2624 2830/406/2624 2829/403/2624
f 2805/407/2625 2830/406/2625 2806/405/2625
f 2805/407/2626 2831/408/2626 2830/406/2626
f 2804/409/2627 2831/408/2627 2805/407/2627
f 2803/410/2628 2831/408/2628 2804/409/2628
f 2803/410/2629 2832/411/2629 2831/408/2629
f 2769/412/2630 2771/413/2630 2770/414/2630
f 2769/412/2631 2772/415/2631 2771/413/2631
f 2802/416/2632 2832/411/2632 2803/410/2632
f 2802/416/2633 2833/417/2633 2832/411/2633
f 2801/418/2634 2833/417/2634 2802/416/2634
f 2800/419/2635 2833/417/2635 2801/418/2635
f 2800/419/2636 2834/420/2636 2833/417/2636
f 2799/421/2637 2834/420/2637 2800/419/2637
f 2799/421/2638 2835/422/2638 2834/420/2638
f 2798/423/2639 2835/422/2639 2799/421/2639
f 2797/424/2640 2835/422/2640 2798/423/2640
f 2797/424/2641 2836/425/2641 2835/422/2641
f 2796/426/2642 2836/425/2642 2797/424/2642
f 2796/426/2643 2837/427/2643 2836/425/2643
f 2795/428/2644 2837/427/2644 2796/426/2644
f 2794/429/2645 2837/427/2645 2795/428/2645
f 2794/429/2646 2838/430/2646 2837/427/2646
f 2793/431/2647 2838/430/2647 2794/429/2647
f 2793/431/2648 2839/432/2648 2838/430/2648
f 2792/433/2649 2839/432/2649 2793/431/2649
f 2792/433/2650 2840/434/2650 2839/432/2650
f 2791/435/2651 2840/434/2651 2792/433/2651
f 2790/436/2652 2840/434/2652 2791/435/2652
f 2790/436/2653 2841/437/2653 2840/434/2653
f 2789/438/2654 2841/437/2654 2790/436/2654
f 2789/438/2655 2842/439/2655 2841/437/2655
f 2788/440/2656 2842/439/2656 2789/438/2656
f 2787/441/2657 2842/439/2657 2788/440/2657
f 2787/441/2658 2843/442/2658 2842/439/2658
f 2786/443/2659 2843/442/2659 2787/441/2659
f 2786/443/2660 2844/444/2660 2843/442/2660
f 2785/445/2661 2844/444/2661 2786/443/2661
f 2784/446/2662 2844/444/2662 2785/445/2662
f 2784/446/2663 2845/447/2663 2844/444/2663
f 2783/448/2664 2845/447/2664 2784/446/2664
f 2783/448/2665 2846/449/2665 2845/447/2665
f 2782/450/2666 2846/449/2666 2783/448/2666
f 2781/451/2667 2846/449/2667 2782/450/2667
f 2781/451/2668 2847/452/2668 2846/449/2668
f 2780/453/2669 2847/452/2669 2781/451/2669
f 2780/453/2670 2848/454/2670 2847/452/2670
f 2779/455/2671 2848/454/2671 2780/453/2671
f 2778/456/2672 2848/454/2672 2779/455/2672
f 2778/456/2673 2849/457/2673 2848/454/2673
f 2777/458/2674 2849/457/2674 2778/456/2674
f 2777/458/2675 2850/459/2675 2849/457/2675
f 2776/460/2676 2850/459/2676 2777/458/2676
f 2775/461/2677 2850/459/2677 2776/460/2677
f 2775/461/2678 2851/462/2678 2850/459/2678
f 2774/463/2679 2851/462/2679 2775/461/2679
f 2774/463/2680 2852/464/2680 2851/462/2680
f 2773/465/2681 2852/464/2681 2774/463/2681
f 2772/415/2682 2852/464/2682 2773/465/2682
f 2772/415/2683 2853/466/2683 2852/464/2683
f 2769/412/2684 2767/467/2684 2772/415/2684
f 2767/467/2685 2766/468/2685 2772/415/2685
f 2766/468/2686 2765/469/2686 2772/415/2686
f 2765/469/2687 2764/470/2687 2772/415/2687
f 2764/470/2688 2763/471/2688 2772/415/2688
f 2763/471/2689 2762/472/2689 2772/415/2689
f 2762/472/2690 2761/473/2690 2772/415/2690
f 2761/473/2691 2760/474/2691 2772/415/2691
f 2760/474/2692 2759/475/2692 2772/415/2692
f 2759/475/2693 2758/476/2693 2772/415/2693
f 2758/476/2694 2757/477/2694 2772/415/2694
f 2757/477/2695 2756/478/2695 2772/415/2695
f 2756/478/2696 2755/479/2696 2772/415/2696
f 2755/479/2697 2754/480/2697 2772/415/2697
f 2754/480/2698 2753/481/2698 2772/415/2698
f 2753/481/2699 2752/482/2699 2772/415/2699
f 2752/482/2700 2751/483/2700 2772/415/2700
f 2751/483/2701 2750/484/2701 2772/415/2701
f 2750/484/2702 2749/485/2702 2772/415/2702
f 2749/485/2703 2748/486/2703 2772/415/2703
f 2748/486/2704 2747/487/2704 2772/415/2704
f 2747/487/2705 2746/488/2705 2772/415/2705
f 2746/488/2706 2745/489/2706 2772/415/2706
f 2745/489/2707 2744/490/2707 2772/415/2707
f 2744/490/2708 2853/466/2708 2772/415/2708
f 2744/490/2709 2854/491/2709 2853/466/2709
f 2744/490/2710 2743/492/2710 2854/491/2710
f 2743/492/2711 2855/493/2711 2854/491/2711
f 2743/492/2712 2856/494/2712 2855/493/2712
f 2742/495/2713 2856/494/2713 2743/492/2713
f 2742/495/2714 2857/496/2714 2856/494/2714
f 2741/497/2715 2857/496/2715 2742/495/2715
f 2740/498/2716 2857/496/2716 2741/497/2716
f 2739/499/2717 2857/496/2717 2740/498/2717
f 2739/499/2718 2858/500/2718 2857/496/2718
f 2738/501/2719 2858/500/2719 2739/499/2719
f 2738/501/2720 2859/502/2720 2858/500/2720
f 2737/503/2721 2859/502/2721 2738/501/2721
f 2737/503/2722 2860/504/2722 2859/502/2722
f 2736/505/2723 2860/504/2723 2737/503/2723
f 2736/505/2724 2861/506/2724 2860/504/2724
f 2735/507/2725 2861/506/2725 2736/505/2725
f 2735/507/2726 2862/508/2726 2861/506/2726
f 2735/507/2727 2863/509/2727 2862/508/2727
f 2734/510/2728 2863/509/2728 2735/507/2728
f 2734/510/2729 2864/511/2729 2863/509/2729
f 2733/512/2730 2864/511/2730 2734/510/2730
f 2733/512/2731 2865/513/2731 2864/511/2731
f 2733/512/2732 2866/514/2732 2865/513/2732
f 2732/515/2733 2866/514/2733 2733/512/2733
f 2732/515/2734 2867/516/2734 2866/514/2734
f 2732/515/2735 2868/517/2735 2867/516/2735
f 2731/518/2736 2868/517/2736 2732/515/2736
f 2731/518/2737 2869/211/2737 2868/517/2737
f 2730/309/2738 2869/211/2738 2731/518/2738
f 2769/412/2739 2768/519/2739 2767/467/2739
f 3111/1887/2740 3113/1888/2740 3112/1889/2740
f 3111/1887/2741 3114/1890/2741 3113/1888/2741
f 3110/1891/2742 3114/1890/2742 3111/1887/2742
f 3110/1891/2743 3115/1892/2743 3114/1890/2743
f 3109/1893/2744 3115/1892/2744 3110/1891/2744
f 3109/1893/2745 3116/1894/2745 3115/1892/2745
f 3108/1895/2746 3116/1894/2746 3109/1893/2746
f 3108/1895/2747 3117/1896/2747 3116/1894/2747
f 3107/1897/2748 3117/1896/2748 3108/1895/2748
f 3107/1897/2749 3118/1898/2749 3117/1896/2749
f 3106/1899/2750 3118/1898/2750 3107/1897/2750
f 3106/1899/2751 3119/1900/2751 3118/1898/2751
f 3105/1901/2752 3119/1900/2752 3106/1899/2752
f 3105/1901/2753 3120/1902/2753 3119/1900/2753
f 3104/1903/2754 3120/1902/2754 3105/1901/2754
f 3104/1903/2755 3121/1904/2755 3120/1902/2755
f 3103/1905/2756 3121/1904/2756 3104/1903/2756
f 3103/1905/2756 3122/1906/2756 3121/1904/2756
f 3102/1907/2757 3122/1906/2757 3103/1905/2757
f 3102/1907/2757 3123/1908/2757 3122/1906/2757
f 3101/1909/2758 3123/1908/2758 3102/1907/2758
f 3101/1909/2759 3124/1910/2759 3123/1908/2759
f 3100/1911/2760 3124/1910/2760 3101/1909/2760
f 3100/1911/2761 3125/1912/2761 3124/1910/2761
f 3100/1911/2762 3126/1913/2762 3125/1912/2762
f 3099/1914/2763 3126/1913/2763 3100/1911/2763
f 3099/1914/2764 3127/1915/2764 3126/1913/2764
f 3098/1916/2765 3127/1915/2765 3099/1914/2765
f 3098/1916/2766 3128/1917/2766 3127/1915/2766
f 3097/1918/2767 3128/1917/2767 3098/1916/2767
f 3097/1918/2768 3129/1919/2768 3128/1917/2768
f 3096/1920/2769 3129/1919/2769 3097/1918/2769
f 3096/1920/2770 3130/1921/2770 3129/1919/2770
f 3095/1922/2771 3130/1921/2771 3096/1920/2771
f 3095/1922/2772 3131/1923/2772 3130/1921/2772
f 3094/1924/2773 3131/1923/2773 3095/1922/2773
f 3094/1924/2774 3132/1925/2774 3131/1923/2774
f 3093/1926/2775 3132/1925/2775 3094/1924/2775
f 3093/1926/2776 3133/1927/2776 3132/1925/2776
f 3092/1928/2777 3133/1927/2777 3093/1926/2777
f 3092/1928/2778 3134/1929/2778 3133/1927/2778
f 3091/1930/2779 3134/1929/2779 3092/1928/2779
f 3091/1930/2780 3135/1931/2780 3134/1929/2780
f 3091/1930/2781 3136/1932/2781 3135/1931/2781
f 3090/1933/2782 3136/1932/2782 3091/1930/2782
f 3090/1933/2783 3137/1934/2783 3136/1932/2783
f 3089/1935/2784 3137/1934/2784 3090/1933/2784
f 3089/1935/2785 3138/1936/2785 3137/1934/2785
f 3088/1937/2786 3138/1936/2786 3089/1935/2786
f 3088/1937/2787 3139/1938/2787 3138/1936/2787
f 3087/1939/2788 3139/1938/2788 3088/1937/2788
f 3087/1939/2789 3140/1940/2789 3139/1938/2789
f 3086/1941/2790 3140/1940/2790 3087/1939/2790
f 3086/1941/2791 3141/1942/2791 3140/1940/2791
f 3085/1943/2792 3208/1944/2792 3086/1941/2792
f 3208/1944/2793 3141/1942/2793 3086/1941/2793
f 3208/1944/2794 3207/1945/2794 3141/1942/2794
f 3207/1945/2795 3142/1946/2795 3141/1942/2795
f 3085/1943/2796 3209/1947/2796 3208/1944/2796
f 3206/1948/2797 3142/1946/2797 3207/1945/2797
f 3205/1949/2798 3142/1946/2798 3206/1948/2798
f 3085/1943/2799 3210/1950/2799 3209/1947/2799
f 3204/1951/2800 3142/1946/2800 3205/1949/2800
f 3203/1952/2801 3142/1946/2801 3204/1951/2801
f 3085/1943/2802 3211/1953/2802 3210/1950/2802
f 3202/1954/2803 3142/1946/2803 3203/1952/2803
f 3201/1955/2804 3142/1946/2804 3202/1954/2804
f 3085/1943/2805 3212/1956/2805 3211/1953/2805
f 3200/1957/2806 3142/1946/2806 3201/1955/2806
f 3199/1958/2807 3142/1946/2807 3200/1957/2807
f 3085/1943/2808 3213/1959/2808 3212/1956/2808
f 3084/1960/2809 3213/1959/2809 3085/1943/2809
f 3198/1961/2810 3142/1946/2810 3199/1958/2810
f 3197/1962/2811 3142/1946/2811 3198/1961/2811
f 3084/1960/2812 3214/1963/2812 3213/1959/2812
f 3197/1962/2813 3143/1964/2813 3142/1946/2813
f 3196/1965/2814 3143/1964/2814 3197/1962/2814
f 3195/1966/2815 3143/1964/2815 3196/1965/2815
f 3084/1960/2816 3215/1967/2816 3214/1963/2816
f 3194/1968/2817 3143/1964/2817 3195/1966/2817
f 3193/1969/2818 3143/1964/2818 3194/1968/2818
f 3084/1960/2819 3216/1970/2819 3215/1967/2819
f 3083/1971/2820 3216/1970/2820 3084/1960/2820
f 3192/1972/2821 3143/1964/2821 3193/1969/2821
f 3192/1972/2822 3144/1973/2822 3143/1964/2822
f 3191/1974/2823 3144/1973/2823 3192/1972/2823
f 3083/1971/2824 3217/1975/2824 3216/1970/2824
f 3190/1976/2825 3144/1973/2825 3191/1974/2825
f 3189/1977/2826 3144/1973/2826 3190/1976/2826
f 3083/1971/2827 3218/1978/2827 3217/1975/2827
f 3082/1979/2828 3218/1978/2828 3083/1971/2828
f 3189/1977/2829 3145/1980/2829 3144/1973/2829
f 3188/1981/2830 3145/1980/2830 3189/1977/2830
f 3187/1982/2831 3145/1980/2831 3188/1981/2831
f 3082/1979/2832 3219/1983/2832 3218/1978/2832
f 3186/1984/2833 3145/1980/2833 3187/1982/2833
f 3185/1985/2834 3145/1980/2834 3186/1984/2834
f 3185/1985/2835 3146/1986/2835 3145/1980/2835
f 3081/1987/2836 3219/1983/2836 3082/1979/2836
f 3081/1987/2837 3220/1988/2837 3219/1983/2837
f 3184/1989/2838 3146/1986/2838 3185/1985/2838
f 3183/1990/2839 3146/1986/2839 3184/1989/2839
f 3183/1990/2840 3147/1991/2840 3146/1986/2840
f 3081/1987/2841 3221/1992/2841 3220/1988/2841
f 3182/1993/2842 3147/1991/2842 3183/1990/2842
f 3080/1994/2843 3221/1992/2843 3081/1987/2843
f 3181/1995/2844 3147/1991/2844 3182/1993/2844
f 3080/1994/2845 3222/1996/2845 3221/1992/2845
f 3180/1997/2846 3147/1991/2846 3181/1995/2846
f 3180/1997/2847 3148/1998/2847 3147/1991/2847
f 3179/1999/2848 3148/1998/2848 3180/1997/2848
f 3079/2000/2849 3222/1996/2849 3080/1994/2849
f 3079/2000/2850 3223/2001/2850 3222/1996/2850
f 3178/2002/2851 3148/1998/2851 3179/1999/2851
f 3178/2002/2852 3149/2003/2852 3148/1998/2852
f 3177/2004/2853 3149/2003/2853 3178/2002/2853
f 3078/2005/2854 3223/2001/2854 3079/2000/2854
f 3078/2005/2855 3224/2006/2855 3223/2001/2855
f 3176/2007/2856 3149/2003/2856 3177/2004/2856
f 3176/2007/2857 3150/2008/2857 3149/2003/2857
f 3175/2009/2858 3150/2008/2858 3176/2007/2858
f 3078/2005/2859 3225/2010/2859 3224/2006/2859
f 3174/2011/2860 3150/2008/2860 3175/2009/2860
f 3077/2012/2861 3225/2010/2861 3078/2005/2861
f 3173/2013/2862 3150/2008/2862 3174/2011/2862
f 3173/2013/2863 3151/2014/2863 3150/2008/2863
f 3077/2012/2864 3226/2015/2864 3225/2010/2864
f 3172/2016/2865 3151/2014/2865 3173/2013/2865
f 3076/2017/2866 3226/2015/2866 3077/2012/2866
f 3171/2018/2867 3151/2014/2867 3172/2016/2867
f 3171/2018/2868 3152/2019/2868 3151/2014/2868
f 3076/2017/2869 3227/2020/2869 3226/2015/2869
f 3170/2021/2870 3152/2019/2870 3171/2018/2870
f 3075/2022/2871 3227/2020/2871 3076/2017/2871
f 3170/2021/2872 3153/2023/2872 3152/2019/2872
f 3169/2024/2873 3153/2023/2873 3170/2021/2873
f 3075/2022/2874 3228/2025/2874 3227/2020/2874
f 3168/2026/2875 3153/2023/2875 3169/2024/2875
f 3168/2026/2876 3154/2027/2876 3153/2023/2876
f 3074/2028/2877 3228/2025/2877 3075/2022/2877
f 3167/2029/2878 3154/2027/2878 3168/2026/2878
f 3074/2028/2879 3229/2030/2879 3228/2025/2879
f 3166/2031/2880 3154/2027/2880 3167/2029/2880
f 3166/2031/2881 3155/2032/2881 3154/2027/2881
f 3073/2033/2882 3229/2030/2882 3074/2028/2882
f 3165/2034/2883 3155/2032/2883 3166/2031/2883
f 3073/2033/2884 3230/2035/2884 3229/2030/2884
f 3164/2036/2883 3155/2032/2883 3165/2034/2883
f 3164/2036/2885 3156/2037/2885 3155/2032/2885
f 3072/2038/2886 3230/2035/2886 3073/2033/2886
f 3163/2039/2887 3156/2037/2887 3164/2036/2887
f 3072/2038/2888 3231/2040/2888 3230/2035/2888
f 3163/2039/2885 3157/2041/2885 3156/2037/2885
f 3162/2042/2889 3157/2041/2889 3163/2039/2889
f 3071/2043/2890 3231/2040/2890 3072/2038/2890
f 3161/2044/2891 3157/2041/2891 3162/2042/2891
f 3071/2043/2892 3232/211/2892 3231/2040/2892
f 3161/2044/2893 3158/2045/2893 3157/2041/2893
f 3160/2046/2894 3158/2045/2894 3161/2044/2894
f 3070/2047/2895 3232/211/2895 3071/2043/2895
f 3070/2047/2896 3160/2046/2896 3232/211/2896
f 3070/2047/2897 3158/2045/2897 3160/2046/2897
f 3070/2047/2898 3159/2048/2898 3158/2045/2898
f 3069/2049/2899 3159/2048/2899 3070/2047/2899
f 3069/2049/2900 2870/309/2900 3159/2048/2900
f 3068/2050/2901 2870/309/2901 3069/2049/2901
f 3068/2050/2902 2871/2051/2902 2870/309/2902
f 3068/2050/2903 2872/2052/2903 2871/2051/2903
f 3068/2050/2904 2873/2053/2904 2872/2052/2904
f 3068/2050/2905 2874/2054/2905 2873/2053/2905
f 3068/2050/2906 2875/2055/2906 2874/2054/2906
f 3067/2056/2907 2875/2055/2907 3068/2050/2907
f 3067/2056/2908 2876/2057/2908 2875/2055/2908
f 3067/2056/2909 2877/2058/2909 2876/2057/2909
f 3067/2056/2910 2878/2059/2910 2877/2058/2910
f 3066/2060/2911 2878/2059/2911 3067/2056/2911
f 3066/2060/2912 2879/2061/2912 2878/2059/2912
f 3066/2060/2913 2880/2062/2913 2879/2061/2913
f 3066/2060/2914 2881/2063/2914 2880/2062/2914
f 3065/2064/2915 2881/2063/2915 3066/2060/2915
f 3065/2064/2916 2882/2065/2916 2881/2063/2916
f 3065/2064/2917 2883/2066/2917 2882/2065/2917
f 3065/2064/2918 2884/2067/2918 2883/2066/2918
f 3065/2064/2919 2885/2068/2919 2884/2067/2919
f 3064/2069/2920 2885/2068/2920 3065/2064/2920
f 3064/2069/2921 2886/2070/2921 2885/2068/2921
f 3064/2069/2922 2887/2071/2922 2886/2070/2922
f 3064/2069/2923 2888/2072/2923 2887/2071/2923
f 3063/2073/2924 2888/2072/2924 3064/2069/2924
f 3063/2073/2925 2889/2074/2925 2888/2072/2925
f 3063/2073/2926 2890/2075/2926 2889/2074/2926
f 3063/2073/2927 2891/2076/2927 2890/2075/2927
f 3062/2077/2928 2891/2076/2928 3063/2073/2928
f 3062/2077/2929 2892/2078/2929 2891/2076/2929
f 3062/2077/2930 2893/2079/2930 2892/2078/2930
f 3062/2077/2931 2894/2080/2931 2893/2079/2931
f 3061/2081/2932 2895/2082/2932 3062/2077/2932
f 2895/2082/2933 2894/2080/2933 3062/2077/2933
f 3061/2081/2932 2896/2083/2932 2895/2082/2932
f 3061/2081/2932 2897/2084/2932 2896/2083/2932
f 3060/2085/2932 2897/2084/2932 3061/2081/2932
f 3060/2085/2934 2898/2086/2934 2897/2084/2934
f 3060/2085/2935 2899/2087/2935 2898/2086/2935
f 3059/2088/2936 2899/2087/2936 3060/2085/2936
f 3059/2088/2935 2900/2089/2935 2899/2087/2935
f 3059/2088/2935 2901/2090/2935 2900/2089/2935
f 3058/2091/2936 2901/2090/2936 3059/2088/2936
f 3058/2091/2937 2902/2092/2937 2901/2090/2937
f 3058/2091/2937 2903/2093/2937 2902/2092/2937
f 3057/2094/2936 2903/2093/2936 3058/2091/2936
f 3057/2094/2937 2904/2095/2937 2903/2093/2937
f 3057/2094/2938 2905/2096/2938 2904/2095/2938
f 3056/2097/2936 2905/2096/2936 3057/2094/2936
f 3056/2097/2938 2906/2098/2938 2905/2096/2938
f 3056/2097/2938 2907/2099/2938 2906/2098/2938
f 3055/2100/2936 2907/2099/2936 3056/2097/2936
f 3055/2100/2939 2908/2101/2939 2907/2099/2939
f 3055/2100/2939 2909/2102/2939 2908/2101/2939
f 3054/2103/2936 2909/2102/2936 3055/2100/2936
f 3054/2103/2940 2910/2104/2940 2909/2102/2940
f 3054/2103/2941 2911/2105/2941 2910/2104/2941
f 3053/2106/2942 2911/2105/2942 3054/2103/2942
f 3053/2106/2941 2912/2107/2941 2911/2105/2941
f 3053/2106/2943 2913/2108/2943 2912/2107/2943
f 3052/2109/2942 2913/2108/2942 3053/2106/2942
f 3052/2109/2944 2914/2110/2944 2913/2108/2944
f 3052/2109/2945 2915/2111/2945 2914/2110/2945
f 3052/2109/2946 2916/2112/2946 2915/2111/2946
f 3051/1149/2947 2916/2112/2947 3052/2109/2947
f 3051/1149/2948 2917/2113/2948 2916/2112/2948
f 3051/1149/2949 2918/2114/2949 2917/2113/2949
f 3050/2115/2950 2918/2114/2950 3051/1149/2950
f 3050/2115/2951 2919/2116/2951 2918/2114/2951
f 3050/2115/2952 2920/2117/2952 2919/2116/2952
f 3050/2115/2953 2921/2118/2953 2920/2117/2953
f 3049/2119/2954 2921/2118/2954 3050/2115/2954
f 3049/2119/2955 2922/2120/2955 2921/2118/2955
f 3049/2119/2956 2923/2121/2956 2922/2120/2956
f 3048/2122/2957 2923/2121/2957 3049/2119/2957
f 3048/2122/2958 2924/2123/2958 2923/2121/2958
f 2966/2124/2959 2968/2125/2959 2967/2126/2959
f 2965/2127/2960 2968/2125/2960 2966/2124/2960
f 3048/2122/2961 2925/2128/2961 2924/2123/2961
f 2964/2129/2962 2968/2125/2962 2965/2127/2962
f 3048/2122/2963 2926/2130/2963 2925/2128/2963
f 2963/2131/2962 2968/2125/2962 2964/2129/2962
f 3048/2122/2964 2927/2132/2964 2926/2130/2964
f 3047/2133/2965 2927/2132/2965 3048/2122/2965
f 2962/2134/2966 2968/2125/2966 2963/2131/2966
f 3047/2133/2967 2928/2135/2967 2927/2132/2967
f 2961/2136/2966 2968/2125/2966 2962/2134/2966
f 3047/2133/2968 2929/2137/2968 2928/2135/2968
f 2960/2138/2969 2968/2125/2969 2961/2136/2969
f 3047/2133/2970 2930/2139/2970 2929/2137/2970
f 2959/2140/2969 2968/2125/2969 2960/2138/2969
f 3046/2141/2971 2930/2139/2971 3047/2133/2971
f 3046/2141/2972 2931/2142/2972 2930/2139/2972
f 2958/2143/2973 2968/2125/2973 2959/2140/2973
f 2957/2144/2974 2968/2125/2974 2958/2143/2974
f 3046/2141/2975 2932/2145/2975 2931/2142/2975
f 2956/2146/2868 2968/2125/2868 2957/2144/2868
f 3046/2141/2976 2933/2147/2976 2932/2145/2976
f 2955/2148/2868 2968/2125/2868 2956/2146/2868
f 3046/2141/2977 2934/2149/2977 2933/2147/2977
f 2954/2150/2978 2968/2125/2978 2955/2148/2978
f 3046/2141/2979 2935/2151/2979 2934/2149/2979
f 2953/2152/2980 2968/2125/2980 2954/2150/2980
f 3046/2141/2981 2936/2153/2981 2935/2151/2981
f 2952/2154/2982 2968/2125/2982 2953/2152/2982
f 3045/2155/2983 2936/2153/2983 3046/2141/2983
f 2951/2156/2984 2968/2125/2984 2952/2154/2984
f 3045/2155/2985 2937/2157/2985 2936/2153/2985
f 2950/2158/2986 2968/2125/2986 2951/2156/2986
f 3045/2155/2987 2938/2159/2987 2937/2157/2987
f 2949/2160/2988 2968/2125/2988 2950/2158/2988
f 3045/2155/2989 2939/2161/2989 2938/2159/2989
f 2948/2162/2990 2968/2125/2990 2949/2160/2990
f 3045/2155/2991 2940/2163/2991 2939/2161/2991
f 2947/2164/2992 2968/2125/2992 2948/2162/2992
f 2946/2165/2993 2968/2125/2993 2947/2164/2993
f 3045/2155/2994 2941/2166/2994 2940/2163/2994
f 2945/2167/2995 2968/2125/2995 2946/2165/2995
f 3045/2155/2996 2942/2168/2996 2941/2166/2996
f 2944/2169/2997 2968/2125/2997 2945/2167/2997
f 3045/2155/2998 2943/2170/2998 2942/2168/2998
f 2943/2170/2999 2968/2125/2999 2944/2169/2999
f 3045/2155/3000 2968/2125/3000 2943/2170/3000
f 3044/2171/3001 2968/2125/3001 3045/2155/3001
f 3043/2172/3002 2968/2125/3002 3044/2171/3002
f 3042/2173/3003 2968/2125/3003 3043/2172/3003
f 3041/2174/3004 2968/2125/3004 3042/2173/3004
f 3040/2175/3005 2968/2125/3005 3041/2174/3005
f 3039/2176/3006 2968/2125/3006 3040/2175/3006
f 3038/2177/3007 2968/2125/3007 3039/2176/3007
f 3037/2178/3008 2968/2125/3008 3038/2177/3008
f 3036/2179/3009 2968/2125/3009 3037/2178/3009
f 3035/2180/3010 2968/2125/3010 3036/2179/3010
f 3034/2181/3011 2968/2125/3011 3035/2180/3011
f 3033/2182/3012 2968/2125/3012 3034/2181/3012
f 3032/2183/3013 2968/2125/3013 3033/2182/3013
f 3031/2184/3014 2968/2125/3014 3032/2183/3014
f 3030/2185/3015 2968/2125/3015 3031/2184/3015
f 3030/2185/3016 2969/2186/3016 2968/2125/3016
f 3030/2185/3017 2970/2187/3017 2969/2186/3017
f 3030/2185/3018 2971/2188/3018 2970/2187/3018
f 3029/2189/3019 2971/2188/3019 3030/2185/3019
f 3029/2189/3020 2972/2190/3020 2971/2188/3020
f 3029/2189/3021 2973/2191/3021 2972/2190/3021
f 3029/2189/3022 2974/2192/3022 2973/2191/3022
f 3029/2189/3023 2975/2193/3023 2974/2192/3023
f 3028/2194/3024 2975/2193/3024 3029/2189/3024
f 3028/2194/3025 2976/2195/3025 2975/2193/3025
f 3028/2194/3026 2977/2196/3026 2976/2195/3026
f 3028/2194/3027 2978/2197/3027 2977/2196/3027
f 3028/2194/3028 2979/2198/3028 2978/2197/3028
f 3027/2199/3029 2979/2198/3029 3028/2194/3029
f 3027/2199/3030 2980/2200/3030 2979/2198/3030
f 3027/2199/3031 2981/2201/3031 2980/2200/3031
f 3027/2199/3032 2982/2202/3032 2981/2201/3032
f 3026/2203/3033 2982/2202/3033 3027/2199/3033
f 3026/2203/3034 2983/2204/3034 2982/2202/3034
f 3026/2203/3035 2984/2205/3035 2983/2204/3035
f 3026/2203/3036 2985/2206/3036 2984/2205/3036
f 3025/2207/3037 2985/2206/3037 3026/2203/3037
f 3025/2207/3038 2986/2208/3038 2985/2206/3038
f 3025/2207/3039 2987/2209/3039 2986/2208/3039
f 3025/2207/3040 2988/2210/3040 2987/2209/3040
f 3025/2207/3041 2989/2211/3041 2988/2210/3041
f 3024/2212/3042 2989/2211/3042 3025/2207/3042
f 3024/2212/3043 2990/2213/3043 2989/2211/3043
f 3024/2212/3044 2991/2214/3044 2990/2213/3044
f 3024/2212/3045 2992/2215/3045 2991/2214/3045
f 3023/2216/3046 2992/2215/3046 3024/2212/3046
f 3023/2216/3047 2993/2217/3047 2992/2215/3047
f 3023/2216/3048 2994/2218/3048 2993/2217/3048
f 3023/2216/3049 2995/2219/3049 2994/2218/3049
f 3022/2220/3050 2995/2219/3050 3023/2216/3050
f 3022/2220/3051 2996/2221/3051 2995/2219/3051
f 3022/2220/3052 2997/2222/3052 2996/2221/3052
f 3022/2220/3053 2998/2223/3053 2997/2222/3053
f 3021/2224/3054 2998/2223/3054 3022/2220/3054
f 3021/2224/3055 2999/2225/3055 2998/2223/3055
f 3021/2224/3056 3000/2226/3056 2999/2225/3056
f 3021/2224/3057 3001/2227/3057 3000/2226/3057
f 3020/2228/3054 3001/2227/3054 3021/2224/3054
f 3020/2228/3058 3002/2229/3058 3001/2227/3058
f 3020/2228/3059 3003/2230/3059 3002/2229/3059
f 3020/2228/3060 3004/2231/3060 3003/2230/3060
f 3019/2232/3054 3004/2231/3054 3020/2228/3054
f 3019/2232/3061 3005/2233/3061 3004/2231/3061
f 3019/2232/3062 3006/2234/3062 3005/2233/3062
f 3019/2232/3063 3007/2235/3063 3006/2234/3063
f 3018/2236/3064 3007/2235/3064 3019/2232/3064
f 3018/2236/3065 3008/2237/3065 3007/2235/3065
f 3018/2236/3066 3009/2238/3066 3008/2237/3066
f 3018/2236/3064 3010/2239/3064 3009/2238/3064
f 3017/2240/3067 3010/2239/3067 3018/2236/3067
f 3017/2240/3068 3011/2241/3068 3010/2239/3068
f 3017/2240/3062 3012/2242/3062 3011/2241/3062
f 3017/2240/3069 3013/2243/3069 3012/2242/3069
f 3016/2244/3070 3013/2243/3070 3017/2240/3070
f 3016/2244/3071 3014/2245/3071 3013/2243/3071
f 3016/2244/3072 3015/2246/3072 3014/2245/3072
f 3357/118/3073 3359/113/3073 3358/116/3073
f 3356/121/3074 3359/113/3074 3357/118/3074
f 3356/121/3075 3360/111/3075 3359/113/3075
f 3355/124/3076 3360/111/3076 3356/121/3076
f 3354/127/3077 3360/111/3077 3355/124/3077
f 3354/127/3078 3361/109/3078 3360/111/3078
f 3353/130/3079 3361/109/3079 3354/127/3079
f 3352/133/3080 3361/109/3080 3353/130/3080
f 3352/133/3081 3362/108/3081 3361/109/3081
f 3351/137/3082 3362/108/3082 3352/133/3082
f 3351/137/3083 3363/107/3083 3362/108/3083
f 3350/140/3081 3363/107/3081 3351/137/3081
f 3349/143/3081 3363/107/3081 3350/140/3081
f 3349/143/3084 3364/106/3084 3363/107/3084
f 3348/151/3085 3364/106/3085 3349/143/3085
f 3347/158/3086 3364/106/3086 3348/151/3086
f 3347/158/3087 3365/105/3087 3364/106/3087
f 3346/163/3088 3365/105/3088 3347/158/3088
f 3345/167/3089 3365/105/3089 3346/163/3089
f 3345/167/3090 3366/104/3090 3365/105/3090
f 3344/171/3091 3366/104/3091 3345/167/3091
f 3344/171/3092 3367/103/3092 3366/104/3092
f 3343/174/3093 3367/103/3093 3344/171/3093
f 3342/178/3094 3367/103/3094 3343/174/3094
f 3342/178/3095 3368/102/3095 3367/103/3095
f 3341/181/3096 3368/102/3096 3342/178/3096
f 3307/311/3097 3309/306/3097 3308/307/3097
f 3307/311/3098 3310/305/3098 3309/306/3098
f 3340/184/3099 3368/102/3099 3341/181/3099
f 3340/184/3100 3369/99/3100 3368/102/3100
f 3339/187/3101 3369/99/3101 3340/184/3101
f 3338/190/3102 3369/99/3102 3339/187/3102
f 3338/190/3103 3370/95/3103 3369/99/3103
f 3337/193/3104 3370/95/3104 3338/190/3104
f 3336/196/3105 3370/95/3105 3337/193/3105
f 3336/196/3106 3371/91/3106 3370/95/3106
f 3335/199/3107 3371/91/3107 3336/196/3107
f 3335/199/3108 3372/87/3108 3371/91/3108
f 3334/201/3109 3372/87/3109 3335/199/3109
f 3333/204/3110 3372/87/3110 3334/201/3110
f 3333/204/3111 3373/84/3111 3372/87/3111
f 3332/207/3112 3373/84/3112 3333/204/3112
f 3331/210/3113 3373/84/3113 3332/207/3113
f 3331/210/3114 3374/80/3114 3373/84/3114
f 3330/213/3115 3374/80/3115 3331/210/3115
f 3329/215/3116 3374/80/3116 3330/213/3116
f 3329/215/3117 3375/77/3117 3374/80/3117
f 3328/218/3118 3375/77/3118 3329/215/3118
f 3328/218/3119 3376/73/3119 3375/77/3119
f 3327/220/3120 3376/73/3120 3328/218/3120
f 3326/223/3121 3376/73/3121 3327/220/3121
f 3326/223/3122 3377/68/3122 3376/73/3122
f 3325/225/3123 3377/68/3123 3326/223/3123
f 3324/228/3124 3377/68/3124 3325/225/3124
f 3324/228/3125 3378/70/3125 3377/68/3125
f 3323/230/3126 3378/70/3126 3324/228/3126
f 3322/234/3127 3378/70/3127 3323/230/3127
f 3322/234/3128 3379/69/3128 3378/70/3128
f 3321/239/3129 3379/69/3129 3322/234/3129
f 3320/243/3130 3379/69/3130 3321/239/3130
f 3320/243/3131 3380/71/3131 3379/69/3131
f 3319/247/3132 3380/71/3132 3320/243/3132
f 3319/247/3133 3381/72/3133 3380/71/3133
f 3318/252/3134 3381/72/3134 3319/247/3134
f 3317/256/3135 3381/72/3135 3318/252/3135
f 3317/256/3136 3382/74/3136 3381/72/3136
f 3316/261/3137 3382/74/3137 3317/256/3137
f 3315/266/3138 3382/74/3138 3316/261/3138
f 3315/266/3139 3383/75/3139 3382/74/3139
f 3314/272/3140 3383/75/3140 3315/266/3140
f 3313/279/3141 3383/75/3141 3314/272/3141
f 3313/279/3142 3384/76/3142 3383/75/3142
f 3312/287/3143 3384/76/3143 3313/279/3143
f 3311/297/3144 3384/76/3144 3312/287/3144
f 3311/297/3145 3385/78/3145 3384/76/3145
f 3310/305/3146 3385/78/3146 3311/297/3146
f 3307/311/3147 3478/161/3147 3310/305/3147
f 3478/161/3148 3477/232/3148 3310/305/3148
f 3477/232/3149 3476/235/3149 3310/305/3149
f 3476/235/3150 3475/238/3150 3310/305/3150
f 3475/238/3151 3474/241/3151 3310/305/3151
f 3474/241/3152 3473/245/3152 3310/305/3152
f 3473/245/3153 3472/248/3153 3310/305/3153
f 3472/248/3154 3471/250/3154 3310/305/3154
f 3471/250/3155 3470/254/3155 3310/305/3155
f 3470/254/3156 3469/257/3156 3310/305/3156
f 3469/257/3157 3468/260/3157 3310/305/3157
f 3468/260/3158 3467/263/3158 3310/305/3158
f 3467/263/3159 3466/267/3159 3310/305/3159
f 3466/267/3160 3465/270/3160 3310/305/3160
f 3465/270/3161 3464/274/3161 3310/305/3161
f 3464/274/3162 3463/277/3162 3310/305/3162
f 3463/277/3163 3462/280/3163 3310/305/3163
f 3462/280/3164 3461/283/3164 3310/305/3164
f 3461/283/3165 3460/286/3165 3310/305/3165
f 3460/286/3166 3459/289/3166 3310/305/3166
f 3459/289/3167 3458/292/3167 3310/305/3167
f 3458/292/3168 3457/295/3168 3310/305/3168
f 3457/295/3169 3456/298/3169 3310/305/3169
f 3456/298/3170 3455/301/3170 3310/305/3170
f 3455/301/3171 3385/78/3171 3310/305/3171
f 3455/301/3172 3386/79/3172 3385/78/3172
f 3455/301/3173 3454/304/3173 3386/79/3173
f 3454/304/3174 3387/81/3174 3386/79/3174
f 3454/304/3175 3388/82/3175 3387/81/3175
f 3453/303/3176 3388/82/3176 3454/304/3176
f 3452/302/3177 3388/82/3177 3453/303/3177
f 3451/300/3178 3388/82/3178 3452/302/3178
f 3450/299/3179 3388/82/3179 3451/300/3179
f 3449/296/3180 3388/82/3180 3450/299/3180
f 3449/296/3181 3389/83/3181 3388/82/3181
f 3448/294/3182 3389/83/3182 3449/296/3182
f 3447/293/3183 3389/83/3183 3448/294/3183
f 3446/291/3184 3389/83/3184 3447/293/3184
f 3445/290/3185 3389/83/3185 3446/291/3185
f 3444/288/3186 3389/83/3186 3445/290/3186
f 3443/285/3187 3389/83/3187 3444/288/3187
f 3442/284/3188 3389/83/3188 3443/285/3188
f 3442/284/3189 3390/85/3189 3389/83/3189
f 3441/282/3190 3390/85/3190 3442/284/3190
f 3440/281/3191 3390/85/3191 3441/282/3191
f 3439/278/3192 3390/85/3192 3440/281/3192
f 3438/276/3193 3390/85/3193 3439/278/3193
f 3438/276/3194 3391/86/3194 3390/85/3194
f 3437/275/3195 3391/86/3195 3438/276/3195
f 3436/273/3196 3391/86/3196 3437/275/3196
f 3435/271/3197 3391/86/3197 3436/273/3197
f 3434/269/3198 3391/86/3198 3435/271/3198
f 3434/269/3199 3392/88/3199 3391/86/3199
f 3433/265/3200 3392/88/3200 3434/269/3200
f 3432/264/3201 3392/88/3201 3433/265/3201
f 3432/264/3202 3393/89/3202 3392/88/3202
f 3431/262/3203 3393/89/3203 3432/264/3203
f 3430/259/3204 3393/89/3204 3431/262/3204
f 3429/258/3205 3393/89/3205 3430/259/3205
f 3429/258/3206 3394/90/3206 3393/89/3206
f 3428/255/3207 3394/90/3207 3429/258/3207
f 3427/253/3208 3394/90/3208 3428/255/3208
f 3427/253/3209 3395/92/3209 3394/90/3209
f 3426/251/3210 3395/92/3210 3427/253/3210
f 3425/249/3211 3395/92/3211 3426/251/3211
f 3425/249/3212 3396/93/3212 3395/92/3212
f 3424/246/3213 3396/93/3213 3425/249/3213
f 3423/244/3214 3396/93/3214 3424/246/3214
f 3423/244/3215 3397/94/3215 3396/93/3215
f 3422/242/3216 3397/94/3216 3423/244/3216
f 3421/240/3217 3397/94/3217 3422/242/3217
f 3421/240/3218 3398/96/3218 3397/94/3218
f 3420/237/3219 3398/96/3219 3421/240/3219
f 3419/236/3220 3398/96/3220 3420/237/3220
f 3419/236/3221 3399/97/3221 3398/96/3221
f 3418/233/3222 3399/97/3222 3419/236/3222
f 3417/231/3223 3399/97/3223 3418/233/3223
f 3417/231/3224 3400/98/3224 3399/97/3224
f 3416/229/3225 3400/98/3225 3417/231/3225
f 3307/311/3226 3479/101/3226 3478/161/3226
f 3415/227/3225 3400/98/3225 3416/229/3225
f 3415/227/3227 3401/100/3227 3400/98/3227
f 3414/226/3228 3401/100/3228 3415/227/3228
f 3414/226/3229 3402/64/3229 3401/100/3229
f 3413/224/3228 3402/64/3228 3414/226/3228
f 3412/222/3230 3402/64/3230 3413/224/3230
f 3412/222/3229 3403/66/3229 3402/64/3229
f 3411/221/3231 3403/66/3231 3412/222/3231
f 3411/221/3232 3404/65/3232 3403/66/3232
f 3410/219/3233 3404/65/3233 3411/221/3233
f 3409/217/3233 3404/65/3233 3410/219/3233
f 3409/217/3234 3405/67/3234 3404/65/3234
f 3408/216/3233 3405/67/3233 3409/217/3233
f 3408/216/3234 3233/309/3234 3405/67/3234
f 3407/214/3235 3233/309/3235 3408/216/3235
f 3406/212/3236 3233/309/3236 3407/214/3236
f 3406/212/3234 3234/268/3234 3233/309/3234
f 3550/211/3236 3234/268/3236 3406/212/3236
f 3549/209/3236 3234/268/3236 3550/211/3236
f 3549/209/3237 3235/308/3237 3234/268/3237
f 3548/208/3238 3235/308/3238 3549/209/3238
f 3548/208/3237 3236/310/3237 3235/308/3237
f 3547/206/3238 3236/310/3238 3548/208/3238
f 3546/205/3239 3236/310/3239 3547/206/3239
f 3546/205/3239 3237/312/3239 3236/310/3239
f 3545/203/3238 3237/312/3238 3546/205/3238
f 3544/202/3239 3237/312/3239 3545/203/3239
f 3544/202/3238 3238/313/3238 3237/312/3238
f 3543/200/3237 3238/313/3237 3544/202/3237
f 3542/198/3237 3238/313/3237 3543/200/3237
f 3542/198/3238 3239/315/3238 3238/313/3238
f 3541/197/3237 3239/315/3237 3542/198/3237
f 3541/197/3238 3240/316/3238 3239/315/3238
f 3540/195/3234 3240/316/3234 3541/197/3234
f 3539/194/3237 3240/316/3237 3540/195/3237
f 3539/194/3238 3241/318/3238 3240/316/3238
f 3538/192/3240 3241/318/3240 3539/194/3240
f 3537/191/3241 3241/318/3241 3538/192/3241
f 3537/191/3242 3242/319/3242 3241/318/3242
f 3536/189/3243 3242/319/3243 3537/191/3243
f 3535/188/3244 3242/319/3244 3536/189/3244
f 3535/188/3245 3243/321/3245 3242/319/3245
f 3534/186/3246 3243/321/3246 3535/188/3246
f 3533/185/3247 3243/321/3247 3534/186/3247
f 3533/185/3248 3244/322/3248 3243/321/3248
f 3532/183/3249 3244/322/3249 3533/185/3249
f 3531/182/3250 3244/322/3250 3532/183/3250
f 3531/182/3251 3245/324/3251 3244/322/3251
f 3530/180/3252 3245/324/3252 3531/182/3252
f 3529/179/3253 3245/324/3253 3530/180/3253
f 3529/179/3254 3246/325/3254 3245/324/3254
f 3528/177/3255 3246/325/3255 3529/179/3255
f 3527/176/3256 3246/325/3256 3528/177/3256
f 3527/176/3257 3247/327/3257 3246/325/3257
f 3526/175/3258 3247/327/3258 3527/176/3258
f 3525/173/3259 3247/327/3259 3526/175/3259
f 3524/172/3260 3247/327/3260 3525/173/3260
f 3524/172/3261 3248/329/3261 3247/327/3261
f 3523/170/3262 3248/329/3262 3524/172/3262
f 3522/169/3263 3248/329/3263 3523/170/3263
f 3522/169/3264 3249/330/3264 3248/329/3264
f 3521/168/3265 3249/330/3265 3522/169/3265
f 3520/166/3266 3249/330/3266 3521/168/3266
f 3519/165/3267 3249/330/3267 3520/166/3267
f 3519/165/3268 3250/332/3268 3249/330/3268
f 3518/164/3269 3250/332/3269 3519/165/3269
f 3517/162/3270 3250/332/3270 3518/164/3270
f 3516/160/3271 3250/332/3271 3517/162/3271
f 3516/160/3272 3251/333/3272 3250/332/3272
f 3515/159/3273 3251/333/3273 3516/160/3273
f 3307/311/3274 3480/110/3274 3479/101/3274
f 3514/157/3275 3251/333/3275 3515/159/3275
f 3307/311/3276 3481/112/3276 3480/110/3276
f 3307/311/3276 3482/115/3276 3481/112/3276
f 3513/156/3277 3251/333/3277 3514/157/3277
f 3307/311/3276 3483/114/3276 3482/115/3276
f 3307/311/3278 3484/117/3278 3483/114/3278
f 3512/155/3279 3251/333/3279 3513/156/3279
f 3512/155/3280 3252/335/3280 3251/333/3280
f 3307/311/3281 3485/120/3281 3484/117/3281
f 3307/311/3282 3486/119/3282 3485/120/3282
f 3307/311/3283 3487/123/3283 3486/119/3283
f 3511/154/3284 3252/335/3284 3512/155/3284
f 3307/311/3285 3488/122/3285 3487/123/3285
f 3307/311/3286 3489/126/3286 3488/122/3286
f 3510/153/3287 3252/335/3287 3511/154/3287
f 3307/311/3288 3490/125/3288 3489/126/3288
f 3307/311/3289 3491/129/3289 3490/125/3289
f 3509/152/3290 3252/335/3290 3510/153/3290
f 3307/311/3291 3492/128/3291 3491/129/3291
f 3508/150/3292 3252/335/3292 3509/152/3292
f 3307/311/3293 3493/132/3293 3492/128/3293
f 3307/311/3294 3494/131/3294 3493/132/3294
f 3507/149/3295 3252/335/3295 3508/150/3295
f 3307/311/3296 3495/136/3296 3494/131/3296
f 3307/311/3297 3496/135/3297 3495/136/3297
f 3507/149/3298 3253/336/3298 3252/335/3298
f 3506/148/3299 3253/336/3299 3507/149/3299
f 3307/311/3300 3305/317/3300 3496/135/3300
f 3305/317/3301 3497/134/3301 3496/135/3301
f 3305/317/3301 3498/139/3301 3497/134/3301
f 3505/147/3302 3253/336/3302 3506/148/3302
f 3305/317/3301 3499/138/3301 3498/139/3301
f 3305/317/3303 3500/142/3303 3499/138/3303
f 3504/146/3304 3253/336/3304 3505/147/3304
f 3305/317/3303 3501/141/3303 3500/142/3303
f 3305/317/3305 3502/145/3305 3501/141/3305
f 3503/144/3306 3253/336/3306 3504/146/3306
f 3305/317/3307 3503/144/3307 3502/145/3307
f 3305/317/3308 3253/336/3308 3503/144/3308
f 3305/317/3309 3254/338/3309 3253/336/3309
f 3305/317/3310 3255/339/3310 3254/338/3310
f 3305/317/3311 3256/341/3311 3255/339/3311
f 3305/317/3312 3257/343/3312 3256/341/3312
f 3305/317/3313 3258/344/3313 3257/343/3313
f 3305/317/3314 3259/346/3314 3258/344/3314
f 3305/317/3315 3260/347/3315 3259/346/3315
f 3305/317/3316 3261/349/3316 3260/347/3316
f 3305/317/3317 3262/350/3317 3261/349/3317
f 3305/317/3318 3263/352/3318 3262/350/3318
f 3305/317/3319 3264/353/3319 3263/352/3319
f 3305/317/3320 3265/355/3320 3264/353/3320
f 3305/317/3321 3266/357/3321 3265/355/3321
f 3305/317/3322 3267/358/3322 3266/357/3322
f 3305/317/3323 3268/360/3323 3267/358/3323
f 3305/317/3324 3269/361/3324 3268/360/3324
f 3305/317/3325 3270/363/3325 3269/361/3325
f 3305/317/3326 3271/364/3326 3270/363/3326
f 3305/317/3327 3272/366/3327 3271/364/3327
f 3305/317/3328 3273/368/3328 3272/366/3328
f 3307/311/3226 3306/314/3226 3305/317/3226
f 3304/320/3329 3273/368/3329 3305/317/3329
f 3303/323/3330 3273/368/3330 3304/320/3330
f 3302/326/3331 3273/368/3331 3303/323/3331
f 3302/326/3332 3274/369/3332 3273/368/3332
f 3301/328/3333 3274/369/3333 3302/326/3333
f 3300/331/3334 3274/369/3334 3301/328/3334
f 3299/334/3335 3274/369/3335 3300/331/3335
f 3299/334/3336 3275/371/3336 3274/369/3336
f 3298/337/3337 3275/371/3337 3299/334/3337
f 3297/340/3338 3275/371/3338 3298/337/3338
f 3296/342/3339 3275/371/3339 3297/340/3339
f 3296/342/3340 3276/372/3340 3275/371/3340
f 3295/345/3338 3276/372/3338 3296/342/3338
f 3294/348/3341 3276/372/3341 3295/345/3341
f 3293/351/3342 3276/372/3342 3294/348/3342
f 3293/351/3336 3277/374/3336 3276/372/3336
f 3292/354/3343 3277/374/3343 3293/351/3343
f 3291/356/3335 3277/374/3335 3292/354/3335
f 3291/356/3336 3278/376/3336 3277/374/3336
f 3290/359/3344 3278/376/3344 3291/356/3344
f 3289/362/3345 3278/376/3345 3290/359/3345
f 3288/365/3346 3278/376/3346 3289/362/3346
f 3288/365/3347 3279/377/3347 3278/376/3347
f 3287/367/3348 3279/377/3348 3288/365/3348
f 3286/370/3349 3279/377/3349 3287/367/3349
f 3286/370/3350 3280/379/3350 3279/377/3350
f 3285/373/3351 3280/379/3351 3286/370/3351
f 3284/375/3352 3280/379/3352 3285/373/3352
f 3283/378/3353 3280/379/3353 3284/375/3353
f 3283/378/3354 3281/380/3354 3280/379/3354
f 3282/381/3355 3281/380/3355 3283/378/3355
f 3815/2559/3356 3817/2560/3356 3816/2561/3356
f 3815/2559/3357 3818/2562/3357 3817/2560/3357
f 3814/2563/3358 3818/2562/3358 3815/2559/3358
f 3814/2563/3359 3819/2564/3359 3818/2562/3359
f 3814/2563/3360 3820/2565/3360 3819/2564/3360
f 3813/2566/3361 3820/2565/3361 3814/2563/3361
f 3813/2566/3362 3821/2567/3362 3820/2565/3362
f 3812/2568/3363 3821/2567/3363 3813/2566/3363
f 3812/2568/3364 3822/2569/3364 3821/2567/3364
f 3812/2568/3365 3823/2570/3365 3822/2569/3365
f 3811/2571/3366 3823/2570/3366 3812/2568/3366
f 3811/2571/3367 3824/2572/3367 3823/2570/3367
f 3810/2573/3368 3824/2572/3368 3811/2571/3368
f 3810/2573/3369 3825/2574/3369 3824/2572/3369
f 3810/2573/3370 3826/2575/3370 3825/2574/3370
f 3809/2576/3371 3826/2575/3371 3810/2573/3371
f 3809/2576/3372 3827/2577/3372 3826/2575/3372
f 3808/2578/3373 3827/2577/3373 3809/2576/3373
f 3808/2578/3374 3828/2579/3374 3827/2577/3374
f 3808/2578/3375 3829/2580/3375 3828/2579/3375
f 3807/2581/3376 3829/2580/3376 3808/2578/3376
f 3807/2581/3377 3830/2582/3377 3829/2580/3377
f 3807/2581/3378 3831/2583/3378 3830/2582/3378
f 3806/2584/3379 3831/2583/3379 3807/2581/3379
f 3806/2584/3380 3832/2585/3380 3831/2583/3380
f 3805/2586/3381 3832/2585/3381 3806/2584/3381
f 3805/2586/3382 3833/2587/3382 3832/2585/3382
f 3805/2586/3383 3834/2588/3383 3833/2587/3383
f 3804/2589/3384 3834/2588/3384 3805/2586/3384
f 3804/2589/3385 3835/2590/3385 3834/2588/3385
f 3804/2589/3386 3836/2591/3386 3835/2590/3386
f 3803/2592/3387 3836/2591/3387 3804/2589/3387
f 3803/2592/3388 3837/2593/3388 3836/2591/3388
f 3803/2592/3389 3838/2594/3389 3837/2593/3389
f 3803/2592/3390 3839/2595/3390 3838/2594/3390
f 3802/2596/3391 3839/2595/3391 3803/2592/3391
f 3802/2596/3392 3840/2597/3392 3839/2595/3392
f 3802/2596/3393 3841/2598/3393 3840/2597/3393
f 3801/2599/3394 3841/2598/3394 3802/2596/3394
f 3800/2600/3395 3841/2598/3395 3801/2599/3395
f 3799/2601/3396 3841/2598/3396 3800/2600/3396
f 3798/2602/3397 3842/2603/3397 3799/2601/3397
f 3842/2603/3398 3841/2598/3398 3799/2601/3398
f 3797/2604/3399 3843/2605/3399 3798/2602/3399
f 3843/2605/3400 3842/2603/3400 3798/2602/3400
f 3796/2606/3401 3844/2607/3401 3797/2604/3401
f 3844/2607/3402 3843/2605/3402 3797/2604/3402
f 3795/2608/3403 3845/2609/3403 3796/2606/3403
f 3845/2609/3404 3844/2607/3404 3796/2606/3404
f 3794/2610/3405 3847/2611/3405 3795/2608/3405
f 3847/2611/3406 3846/2612/3406 3795/2608/3406
f 3846/2612/3407 3845/2609/3407 3795/2608/3407
f 3793/2613/3408 3848/2614/3408 3794/2610/3408
f 3848/2614/3409 3847/2611/3409 3794/2610/3409
f 3792/2615/3410 3849/2616/3410 3793/2613/3410
f 3849/2616/3411 3848/2614/3411 3793/2613/3411
f 3791/2617/3412 3850/2618/3412 3792/2615/3412
f 3850/2618/3413 3849/2616/3413 3792/2615/3413
f 3790/2619/3414 3851/2620/3414 3791/2617/3414
f 3851/2620/3415 3850/2618/3415 3791/2617/3415
f 3789/2621/3416 3852/2622/3416 3790/2619/3416
f 3852/2622/3417 3851/2620/3417 3790/2619/3417
f 3788/2623/3418 3853/2624/3418 3789/2621/3418
f 3853/2624/3419 3852/2622/3419 3789/2621/3419
f 3787/2625/3420 3855/2626/3420 3788/2623/3420
f 3855/2626/3421 3854/2627/3421 3788/2623/3421
f 3854/2627/3422 3853/2624/3422 3788/2623/3422
f 3786/2628/3423 3856/2629/3423 3787/2625/3423
f 3856/2629/3424 3855/2626/3424 3787/2625/3424
f 3785/2630/3425 3858/2631/3425 3786/2628/3425
f 3858/2631/3426 3857/2632/3426 3786/2628/3426
f 3857/2632/3427 3856/2629/3427 3786/2628/3427
f 3784/2633/3428 3859/2634/3428 3785/2630/3428
f 3859/2634/3429 3858/2631/3429 3785/2630/3429
f 3783/2635/3430 3861/2636/3430 3784/2633/3430
f 3861/2636/3431 3860/2637/3431 3784/2633/3431
f 3860/2637/3432 3859/2634/3432 3784/2633/3432
f 3782/2638/3433 3863/2639/3433 3783/2635/3433
f 3863/2639/3434 3862/2640/3434 3783/2635/3434
f 3862/2640/3435 3861/2636/3435 3783/2635/3435
f 3781/2641/3436 3864/2642/3436 3782/2638/3436
f 3864/2642/3437 3863/2639/3437 3782/2638/3437
f 3780/2643/3438 3865/2644/3438 3781/2641/3438
f 3865/2644/3439 3864/2642/3439 3781/2641/3439
f 3780/2643/3440 3866/2645/3440 3865/2644/3440
f 3780/2643/3441 3867/2646/3441 3866/2645/3441
f 3780/2643/3442 3868/2647/3442 3867/2646/3442
f 3780/2643/3443 3869/2648/3443 3868/2647/3443
f 3780/2643/3444 3870/2649/3444 3869/2648/3444
f 3780/2643/3445 3871/2650/3445 3870/2649/3445
f 3779/2651/3446 3871/2650/3446 3780/2643/3446
f 3779/2651/3447 3872/2652/3447 3871/2650/3447
f 3779/2651/3448 3873/2653/3448 3872/2652/3448
f 3779/2651/3449 3874/2654/3449 3873/2653/3449
f 3779/2651/3450 3875/2655/3450 3874/2654/3450
f 3778/2656/3451 3875/2655/3451 3779/2651/3451
f 3778/2656/3452 3876/2657/3452 3875/2655/3452
f 3778/2656/3453 3877/2658/3453 3876/2657/3453
f 3777/2659/3454 3877/2658/3454 3778/2656/3454
f 3777/2659/3455 3878/2660/3455 3877/2658/3455
f 3777/2659/3456 3879/2661/3456 3878/2660/3456
f 3776/2662/3457 3879/2661/3457 3777/2659/3457
f 3776/2662/3458 3880/2663/3458 3879/2661/3458
f 3776/2662/3459 3881/2664/3459 3880/2663/3459
f 3775/2665/3460 3881/2664/3460 3776/2662/3460
f 3775/2665/3461 3882/2666/3461 3881/2664/3461
f 3774/2667/3462 3882/2666/3462 3775/2665/3462
f 3774/2667/3463 3883/2668/3463 3882/2666/3463
f 3774/2667/3464 3884/2669/3464 3883/2668/3464
f 3773/2670/3465 3884/2669/3465 3774/2667/3465
f 3773/2670/3466 3885/2671/3466 3884/2669/3466
f 3773/2670/3467 3886/2672/3467 3885/2671/3467
f 3772/2673/3468 3886/2672/3468 3773/2670/3468
f 3772/2673/3469 3887/2674/3469 3886/2672/3469
f 3771/2675/3470 3887/2674/3470 3772/2673/3470
f 3771/2675/3471 3888/2676/3471 3887/2674/3471
f 3770/2677/3472 3888/2676/3472 3771/2675/3472
f 3770/2677/3473 3889/2678/3473 3888/2676/3473
f 3770/2677/3474 3890/2679/3474 3889/2678/3474
f 3769/2680/3475 3890/2679/3475 3770/2677/3475
f 3769/2680/3476 3891/2681/3476 3890/2679/3476
f 3769/2680/3477 3892/2682/3477 3891/2681/3477
f 3768/2683/3478 3892/2682/3478 3769/2680/3478
f 3768/2683/3479 3893/2684/3479 3892/2682/3479
f 3768/2683/3480 3894/2685/3480 3893/2684/3480
f 3768/2683/3481 3895/2686/3481 3894/2685/3481
f 3767/2687/3482 3895/2686/3482 3768/2683/3482
f 3767/2687/3483 3896/2688/3483 3895/2686/3483
f 3767/2687/3484 3897/2689/3484 3896/2688/3484
f 3767/2687/3485 3898/2690/3485 3897/2689/3485
f 3766/2691/3486 3898/2690/3486 3767/2687/3486
f 3766/2691/3487 3899/2692/3487 3898/2690/3487
f 3766/2691/3488 3900/2693/3488 3899/2692/3488
f 3766/2691/3489 3901/2694/3489 3900/2693/3489
f 3766/2691/3490 3902/2695/3490 3901/2694/3490
f 3765/2696/3491 3902/2695/3491 3766/2691/3491
f 3765/2696/3492 3903/2697/3492 3902/2695/3492
f 3765/2696/3493 3904/2698/3493 3903/2697/3493
f 3765/2696/3494 3905/2699/3494 3904/2698/3494
f 3764/2700/3495 3905/2699/3495 3765/2696/3495
f 3764/2700/3496 3906/2701/3496 3905/2699/3496
f 3764/2700/3497 3907/2702/3497 3906/2701/3497
f 3764/2700/3498 3908/2703/3498 3907/2702/3498
f 3764/2700/3499 3909/2704/3499 3908/2703/3499
f 3763/2705/3500 3909/2704/3500 3764/2700/3500
f 3763/2705/3501 3910/2706/3501 3909/2704/3501
f 3763/2705/3502 3911/2707/3502 3910/2706/3502
f 3763/2705/3503 3912/2708/3503 3911/2707/3503
f 3762/2709/3504 3912/2708/3504 3763/2705/3504
f 3762/2709/3505 3913/2710/3505 3912/2708/3505
f 3762/2709/3506 3914/2711/3506 3913/2710/3506
f 3762/2709/3507 3915/2712/3507 3914/2711/3507
f 3761/2713/3508 3915/2712/3508 3762/2709/3508
f 3761/2713/3509 3916/2714/3509 3915/2712/3509
f 3761/2713/3510 3917/2715/3510 3916/2714/3510
f 3761/2713/3511 3918/2716/3511 3917/2715/3511
f 3760/2717/3512 3918/2716/3512 3761/2713/3512
f 3760/2717/3513 3919/2718/3513 3918/2716/3513
f 3760/2717/3514 3920/2719/3514 3919/2718/3514
f 3760/2717/3515 3921/2720/3515 3920/2719/3515
f 3759/2721/3516 3921/2720/3516 3760/2717/3516
f 3759/2721/3517 3922/2722/3517 3921/2720/3517
f 3759/2721/3518 3923/2723/3518 3922/2722/3518
f 3759/2721/3519 3924/2724/3519 3923/2723/3519
f 3758/2725/3520 3924/2724/3520 3759/2721/3520
f 3758/2725/3521 3925/2726/3521 3924/2724/3521
f 3758/2725/3522 3926/2727/3522 3925/2726/3522
f 3758/2725/3523 3927/2728/3523 3926/2727/3523
f 3757/2729/3524 3927/2728/3524 3758/2725/3524
f 3757/2729/3525 3928/2730/3525 3927/2728/3525
f 3757/2729/3526 3929/2731/3526 3928/2730/3526
f 3757/2729/3527 3930/2732/3527 3929/2731/3527
f 3756/2733/3528 3930/2732/3528 3757/2729/3528
f 3756/2733/3529 3931/2734/3529 3930/2732/3529
f 3756/2733/3530 3932/2735/3530 3931/2734/3530
f 3755/2736/3531 3932/2735/3531 3756/2733/3531
f 3755/2736/3532 3933/2737/3532 3932/2735/3532
f 3755/2736/3533 3934/2738/3533 3933/2737/3533
f 3754/2739/3534 3934/2738/3534 3755/2736/3534
f 3754/2739/3535 3935/2740/3535 3934/2738/3535
f 3754/2739/3536 3936/2741/3536 3935/2740/3536
f 3753/2742/3537 3936/2741/3537 3754/2739/3537
f 3753/2742/3538 3937/2743/3538 3936/2741/3538
f 3753/2742/3539 3938/2744/3539 3937/2743/3539
f 3752/2745/3540 3938/2744/3540 3753/2742/3540
f 3752/2745/3541 3939/2746/3541 3938/2744/3541
f 3752/2745/3542 3940/2747/3542 3939/2746/3542
f 3751/2748/3543 3940/2747/3543 3752/2745/3543
f 3751/2748/3544 3941/2749/3544 3940/2747/3544
f 3751/2748/3545 3942/2750/3545 3941/2749/3545
f 3750/2751/3546 3942/2750/3546 3751/2748/3546
f 3750/2751/3547 3943/2752/3547 3942/2750/3547
f 3749/2753/3548 3943/2752/3548 3750/2751/3548
f 3749/2753/3549 3944/2754/3549 3943/2752/3549
f 3749/2753/3550 3945/2755/3550 3944/2754/3550
f 3748/2756/3551 3945/2755/3551 3749/2753/3551
f 3748/2756/3552 3946/2757/3552 3945/2755/3552
f 3747/2758/3553 3946/2757/3553 3748/2756/3553
f 3747/2758/3554 3947/2759/3554 3946/2757/3554
f 3747/2758/3555 3948/2760/3555 3947/2759/3555
f 3746/2761/3556 3948/2760/3556 3747/2758/3556
f 3746/2761/3557 3949/2762/3557 3948/2760/3557
f 3745/2763/3558 3949/2762/3558 3746/2761/3558
f 3745/2763/3559 3950/2764/3559 3949/2762/3559
f 3744/2765/3560 3950/2764/3560 3745/2763/3560
f 3744/2765/3561 3951/2766/3561 3950/2764/3561
f 3744/2765/3562 3952/2767/3562 3951/2766/3562
f 3743/2768/3563 3952/2767/3563 3744/2765/3563
f 3743/2768/3564 3953/2769/3564 3952/2767/3564
f 3742/2770/3565 3953/2769/3565 3743/2768/3565
f 3742/2770/3566 3954/2771/3566 3953/2769/3566
f 3741/2772/3567 3954/2771/3567 3742/2770/3567
f 3741/2772/3568 3955/2773/3568 3954/2771/3568
f 3740/2774/3569 3955/2773/3569 3741/2772/3569
f 3740/2774/3570 3956/2775/3570 3955/2773/3570
f 3739/2776/3571 3956/2775/3571 3740/2774/3571
f 3739/2776/3572 3957/2777/3572 3956/2775/3572
f 3738/2778/3573 3957/2777/3573 3739/2776/3573
f 3738/2778/3574 3958/2779/3574 3957/2777/3574
f 3737/2780/3575 3958/2779/3575 3738/2778/3575
f 3737/2780/3576 3959/2781/3576 3958/2779/3576
f 3736/2782/3577 3959/2781/3577 3737/2780/3577
f 3736/2782/3578 3960/2783/3578 3959/2781/3578
f 3735/2784/3579 3960/2783/3579 3736/2782/3579
f 3735/2784/3580 3961/2785/3580 3960/2783/3580
f 3734/2786/3581 3961/2785/3581 3735/2784/3581
f 3733/2787/3582 3961/2785/3582 3734/2786/3582
f 3733/2787/3583 3962/2788/3583 3961/2785/3583
f 3732/2789/3584 3962/2788/3584 3733/2787/3584
f 3732/2789/3585 3963/2790/3585 3962/2788/3585
f 3731/2791/3586 3963/2790/3586 3732/2789/3586
f 3731/2791/3587 3964/2792/3587 3963/2790/3587
f 3730/2793/3588 3964/2792/3588 3731/2791/3588
f 3729/2794/3589 3964/2792/3589 3730/2793/3589
f 3729/2794/3590 3965/2795/3590 3964/2792/3590
f 3728/2796/3591 3965/2795/3591 3729/2794/3591
f 3728/2796/3592 3966/2797/3592 3965/2795/3592
f 3727/2798/3593 3966/2797/3593 3728/2796/3593
f 3726/2799/3594 3966/2797/3594 3727/2798/3594
f 3726/2799/3595 3967/2800/3595 3966/2797/3595
f 3725/2801/3596 3967/2800/3596 3726/2799/3596
f 3724/2802/3597 3967/2800/3597 3725/2801/3597
f 3724/2802/3598 3968/2803/3598 3967/2800/3598
f 3723/2804/3599 3968/2803/3599 3724/2802/3599
f 3722/2805/3600 3968/2803/3600 3723/2804/3600
f 3722/2805/3601 3969/2806/3601 3968/2803/3601
f 3721/2807/3602 3969/2806/3602 3722/2805/3602
f 3721/2807/3603 3970/2808/3603 3969/2806/3603
f 3720/2809/3604 3970/2808/3604 3721/2807/3604
f 3719/2810/3605 3970/2808/3605 3720/2809/3605
f 3719/2810/3606 3971/2811/3606 3970/2808/3606
f 3718/2812/3607 3971/2811/3607 3719/2810/3607
f 3717/2813/3608 3971/2811/3608 3718/2812/3608
f 3717/2813/3609 3972/2814/3609 3971/2811/3609
f 3716/2815/3610 3972/2814/3610 3717/2813/3610
f 3715/2816/3611 3972/2814/3611 3716/2815/3611
f 3714/2817/3612 3972/2814/3612 3715/2816/3612
f 3714/2817/3613 3973/2818/3613 3972/2814/3613
f 3713/2819/3614 3973/2818/3614 3714/2817/3614
f 3712/2820/3615 3973/2818/3615 3713/2819/3615
f 3712/2820/3616 3974/2821/3616 3973/2818/3616
f 3711/2822/3617 3974/2821/3617 3712/2820/3617
f 3710/2823/3618 3974/2821/3618 3711/2822/3618
f 3710/2823/3619 3975/2824/3619 3974/2821/3619
f 3709/2825/3620 3975/2824/3620 3710/2823/3620
f 3708/2826/3621 3975/2824/3621 3709/2825/3621
f 3707/2827/3622 3975/2824/3622 3708/2826/3622
f 3707/2827/3623 3976/2828/3623 3975/2824/3623
f 3706/2829/3624 3976/2828/3624 3707/2827/3624
f 3705/2830/3625 3976/2828/3625 3706/2829/3625
f 3705/2830/3626 3977/2831/3626 3976/2828/3626
f 3704/2832/3627 3977/2831/3627 3705/2830/3627
f 3703/2833/3628 3977/2831/3628 3704/2832/3628
f 3702/2834/3629 3977/2831/3629 3703/2833/3629
f 3702/2834/3630 3978/2835/3630 3977/2831/3630
f 3701/2836/3631 3978/2835/3631 3702/2834/3631
f 3700/2837/3632 3978/2835/3632 3701/2836/3632
f 3699/2838/3633 3978/2835/3633 3700/2837/3633
f 3699/2838/3634 3979/2839/3634 3978/2835/3634
f 3698/2840/3635 3979/2839/3635 3699/2838/3635
f 3697/2841/3636 3979/2839/3636 3698/2840/3636
f 3696/2842/3637 3979/2839/3637 3697/2841/3637
f 3696/2842/3638 3980/2843/3638 3979/2839/3638
f 3695/2844/3639 3980/2843/3639 3696/2842/3639
f 3694/2845/3640 3980/2843/3640 3695/2844/3640
f 3693/2846/3641 3980/2843/3641 3694/2845/3641
f 3693/2846/3642 3981/2847/3642 3980/2843/3642
f 3692/2848/3643 3981/2847/3643 3693/2846/3643
f 3691/2849/3644 3981/2847/3644 3692/2848/3644
f 3690/2850/3645 3981/2847/3645 3691/2849/3645
f 3690/2850/3646 3982/2851/3646 3981/2847/3646
f 3689/2852/3647 3982/2851/3647 3690/2850/3647
f 3688/2853/3648 3982/2851/3648 3689/2852/3648
f 3687/2854/3649 3982/2851/3649 3688/2853/3649
f 3687/2854/3650 3983/2855/3650 3982/2851/3650
f 3686/2856/3651 3983/2855/3651 3687/2854/3651
f 3685/2857/3652 3983/2855/3652 3686/2856/3652
f 3684/2858/3653 3983/2855/3653 3685/2857/3653
f 3684/2858/3654 3984/211/3654 3983/2855/3654
f 3683/2859/3655 3984/211/3655 3684/2858/3655
f 3682/2860/3656 3984/211/3656 3683/2859/3656
f 3681/2861/3657 3984/211/3657 3682/2860/3657
f 3681/2861/3658 3551/309/3658 3984/211/3658
f 3680/2862/3659 3551/309/3659 3681/2861/3659
f 3679/2863/3660 3551/309/3660 3680/2862/3660
f 3678/2864/3661 3551/309/3661 3679/2863/3661
f 3678/2864/3662 3552/2865/3662 3551/309/3662
f 3677/2866/3663 3552/2865/3663 3678/2864/3663
f 3676/2867/3664 3552/2865/3664 3677/2866/3664
f 3675/2868/3665 3552/2865/3665 3676/2867/3665
f 3674/2869/3666 3552/2865/3666 3675/2868/3666
f 3674/2869/3667 3553/2870/3667 3552/2865/3667
f 3673/2871/3668 3553/2870/3668 3674/2869/3668
f 3672/2872/3669 3553/2870/3669 3673/2871/3669
f 3671/2873/3670 3553/2870/3670 3672/2872/3670
f 3671/2873/3671 3554/2874/3671 3553/2870/3671
f 3670/2875/3672 3554/2874/3672 3671/2873/3672
f 3669/2876/3673 3554/2874/3673 3670/2875/3673
f 3669/2876/3674 3555/2877/3674 3554/2874/3674
f 3668/2878/3675 3555/2877/3675 3669/2876/3675
f 3668/2878/3676 3556/2879/3676 3555/2877/3676
f 3667/2880/3677 3556/2879/3677 3668/2878/3677
f 3623/2881/3678 3625/2882/3678 3624/2883/3678
f 3666/2884/3679 3556/2879/3679 3667/2880/3679
f 3623/2881/3680 3626/2885/3680 3625/2882/3680
f 3666/2884/3681 3557/2886/3681 3556/2879/3681
f 3665/2887/3682 3557/2886/3682 3666/2884/3682
f 3623/2881/3680 3627/2888/3680 3626/2885/3680
f 3664/2889/3683 3557/2886/3683 3665/2887/3683
f 3623/2881/3684 3628/2890/3684 3627/2888/3684
f 3664/2889/3685 3558/2891/3685 3557/2886/3685
f 3663/2892/3686 3558/2891/3686 3664/2889/3686
f 3623/2881/3687 3629/2893/3687 3628/2890/3687
f 3662/2894/3688 3558/2891/3688 3663/2892/3688
f 3623/2881/3687 3630/2895/3687 3629/2893/3687
f 3662/2894/3689 3559/2896/3689 3558/2891/3689
f 3661/2897/3690 3559/2896/3690 3662/2894/3690
f 3623/2881/3687 3631/2898/3687 3630/2895/3687
f 3623/2881/3691 3632/2899/3691 3631/2898/3691
f 3660/2900/3692 3559/2896/3692 3661/2897/3692
f 3623/2881/3691 3633/2901/3691 3632/2899/3691
f 3659/2902/3693 3559/2896/3693 3660/2900/3693
f 3659/2902/3694 3560/2903/3694 3559/2896/3694
f 3623/2881/3695 3634/2904/3695 3633/2901/3695
f 3658/2905/3696 3560/2903/3696 3659/2902/3696
f 3623/2881/3697 3635/2906/3697 3634/2904/3697
f 3657/2907/3698 3560/2903/3698 3658/2905/3698
f 3623/2881/3697 3636/2908/3697 3635/2906/3697
f 3657/2907/3699 3561/2909/3699 3560/2903/3699
f 3623/2881/3700 3637/2910/3700 3636/2908/3700
f 3656/2911/3701 3561/2909/3701 3657/2907/3701
f 3623/2881/3702 3638/2912/3702 3637/2910/3702
f 3655/2913/3703 3561/2909/3703 3656/2911/3703
f 3623/2881/3704 3639/2914/3704 3638/2912/3704
f 3654/2915/3705 3561/2909/3705 3655/2913/3705
f 3623/2881/3706 3640/2916/3706 3639/2914/3706
f 3623/2881/3707 3641/2917/3707 3640/2916/3707
f 3654/2915/3708 3562/2918/3708 3561/2909/3708
f 3653/2919/3709 3562/2918/3709 3654/2915/3709
f 3623/2881/3710 3642/2920/3710 3641/2917/3710
f 3652/2921/3711 3562/2918/3711 3653/2919/3711
f 3623/2881/3712 3643/2922/3712 3642/2920/3712
f 3651/2923/3713 3562/2918/3713 3652/2921/3713
f 3623/2881/3714 3644/2924/3714 3643/2922/3714
f 3623/2881/3715 3645/2925/3715 3644/2924/3715
f 3650/2926/3716 3562/2918/3716 3651/2923/3716
f 3623/2881/3717 3646/2927/3717 3645/2925/3717
f 3649/2928/3718 3562/2918/3718 3650/2926/3718
f 3623/2881/3719 3647/2929/3719 3646/2927/3719
f 3648/2930/3720 3562/2918/3720 3649/2928/3720
f 3623/2881/3721 3648/2930/3721 3647/2929/3721
f 3623/2881/3722 3562/2918/3722 3648/2930/3722
f 3623/2881/3723 3563/2931/3723 3562/2918/3723
f 3623/2881/3724 3564/2932/3724 3563/2931/3724
f 3623/2881/3725 3565/2933/3725 3564/2932/3725
f 3623/2881/3726 3566/2934/3726 3565/2933/3726
f 3623/2881/3727 3567/2935/3727 3566/2934/3727
f 3623/2881/3728 3568/2936/3728 3567/2935/3728
f 3623/2881/3729 3569/2937/3729 3568/2936/3729
f 3623/2881/3730 3570/2938/3730 3569/2937/3730
f 3623/2881/3731 3571/2939/3731 3570/2938/3731
f 3623/2881/3732 3572/2940/3732 3571/2939/3732
f 3623/2881/3733 3573/2941/3733 3572/2940/3733
f 3623/2881/3734 3574/2942/3734 3573/2941/3734
f 3623/2881/3735 3575/2943/3735 3574/2942/3735
f 3623/2881/3736 3576/2944/3736 3575/2943/3736
f 3623/2881/3737 3577/2945/3737 3576/2944/3737
f 3623/2881/3738 3578/2946/3738 3577/2945/3738
f 3623/2881/3739 3579/2947/3739 3578/2946/3739
f 3623/2881/3740 3580/2948/3740 3579/2947/3740
f 3623/2881/3741 3581/2949/3741 3580/2948/3741
f 3622/2950/3742 3581/2949/3742 3623/2881/3742
f 3622/2950/3743 3582/2951/3743 3581/2949/3743
f 3621/2952/3744 3582/2951/3744 3622/2950/3744
f 3621/2952/3745 3583/2953/3745 3582/2951/3745
f 3620/2954/3746 3583/2953/3746 3621/2952/3746
f 3619/2955/3747 3583/2953/3747 3620/2954/3747
f 3619/2955/3748 3584/2956/3748 3583/2953/3748
f 3618/2957/3749 3584/2956/3749 3619/2955/3749
f 3618/2957/3750 3585/2958/3750 3584/2956/3750
f 3617/2959/3751 3585/2958/3751 3618/2957/3751
f 3617/2959/3752 3586/2960/3752 3585/2958/3752
f 3616/2961/3753 3586/2960/3753 3617/2959/3753
f 3615/2962/3754 3586/2960/3754 3616/2961/3754
f 3615/2962/3755 3587/2963/3755 3586/2960/3755
f 3614/2964/3756 3587/2963/3756 3615/2962/3756
f 3614/2964/3757 3588/2965/3757 3587/2963/3757
f 3613/2966/3758 3588/2965/3758 3614/2964/3758
f 3613/2966/3759 3589/2967/3759 3588/2965/3759
f 3612/2968/3760 3589/2967/3760 3613/2966/3760
f 3611/2969/3761 3589/2967/3761 3612/2968/3761
f 3611/2969/3762 3590/2970/3762 3589/2967/3762
f 3610/2971/3763 3590/2970/3763 3611/2969/3763
f 3610/2971/3764 3591/2972/3764 3590/2970/3764
f 3609/2973/3765 3591/2972/3765 3610/2971/3765
f 3609/2973/3766 3592/2974/3766 3591/2972/3766
f 3608/2975/3767 3592/2974/3767 3609/2973/3767
f 3608/2975/3768 3593/2976/3768 3592/2974/3768
f 3607/2977/3769 3593/2976/3769 3608/2975/3769
f 3606/2978/3770 3593/2976/3770 3607/2977/3770
f 3606/2978/3771 3594/2979/3771 3593/2976/3771
f 3605/2980/3772 3594/2979/3772 3606/2978/3772
f 3605/2980/3773 3595/2981/3773 3594/2979/3773
f 3604/2982/3774 3595/2981/3774 3605/2980/3774
f 3604/2982/3775 3596/2983/3775 3595/2981/3775
f 3603/2984/3774 3596/2983/3774 3604/2982/3774
f 3602/2985/3776 3596/2983/3776 3603/2984/3776
f 3602/2985/3777 3597/2986/3777 3596/2983/3777
f 3601/2987/3778 3597/2986/3778 3602/2985/3778
f 3601/2987/3779 3598/2988/3779 3597/2986/3779
f 3600/2989/3780 3598/2988/3780 3601/2987/3780
f 3600/2989/3781 3599/2990/3781 3598/2988/3781
